temperature_c,humidity_pct,gas_index,pm25_ugm3,risk
27.880047681278512,71.00360956645166,322.3254122376046,37.685507358846294,HIGH
35.51136161266914,72.15381666890777,419.0759363372641,87.9391214485284,CRITICAL
25.555583870857898,45.3961841853673,80.2903417254246,11.870037369008182,LOW
24.737501568164998,39.24670439502601,75.81210542353091,9.800296356054988,LOW
28.957211366788176,74.78033070939225,273.0461733069039,59.0034104897165,HIGH
25.064618371106697,47.19266438618447,67.4291870087278,11.723284012031531,LOW
29.780754950846152,60.902058167427704,243.3802272288455,73.62371191605693,HIGH
23.77210508469025,39.95906113822483,45.15933811755769,12.602371151298804,LOW
28.629462804915583,50.341432048979144,156.9648396920016,30.933486473125825,MODERATE
25.74285755589638,46.34157329264809,72.2204441352941,10.270316277955565,LOW
32.89386467751562,53.34275344115467,265.61479526392145,58.414782839900866,HIGH
26.174573246319948,65.46458917864078,124.0250665292027,37.74622683673185,MODERATE
25.995344910042675,56.13927145573504,167.58666994077834,35.68981263834284,MODERATE
23.302549855503123,42.2258892440126,75.44356586262877,9.23478270047354,LOW
27.600138357989557,57.64438171198711,302.3722334824194,66.99396030498791,HIGH
25.7182420609904,56.109777837537,168.7677118190201,27.525227682238093,MODERATE
29.014222176800047,62.09556922747942,262.8217947700752,48.25824496175345,HIGH
25.59179297939183,55.08745883109381,164.42239976717727,33.57224940823955,MODERATE
26.70454354647173,52.03691181569092,147.60845367280803,16.50132452833576,MODERATE
21.354600775291196,39.01651903439111,67.19593608102186,6.378083778559757,LOW
26.59845659557213,42.862416173631445,73.27528023240755,6.265529279960492,LOW
22.099955890178837,42.96580154459662,75.12554647423312,3.0907183072306053,LOW
24.475471204664554,41.43510026581923,33.97095862100782,10.288518030855478,LOW
31.698028634064112,65.17481716418754,352.0800501094412,61.64902121537766,HIGH
24.35855126991263,46.31998010383059,84.46537635432786,13.340444983658314,LOW
26.926605782439125,37.867421674062896,48.48447241050454,6.293696234377901,LOW
22.869941557331074,59.44605662770083,143.33331908703678,18.233549643978737,MODERATE
27.940541542350587,60.866885975260665,209.9019267507536,53.31089972805864,MODERATE
31.041847519872544,55.81158347341822,434.724130428911,88.74117809379348,CRITICAL
25.163709602820575,54.014463795085305,181.9794069236293,31.256388539562757,MODERATE
21.928692494348375,34.95190233177386,51.24645763668005,9.784869796726719,LOW
31.390823564418657,72.86191608818446,257.53169806573817,48.410787270161656,HIGH
22.549547870928492,57.770818394610984,45.21503977396105,13.35395681494538,LOW
25.863146025748488,47.30970579663518,57.18051784215437,9.836949895458265,LOW
36.78428880592832,70.90514867693298,352.59168299280134,79.44124851360762,CRITICAL
35.73727376923131,66.27993290858751,274.66127532505527,69.0015659544356,HIGH
24.438765002727713,42.534436614997574,79.913196781078,11.715025753846454,LOW
31.54970331166572,55.204247746236,218.43283603394508,88.11299105123749,HIGH
30.461442360152198,61.9345014309121,345.7649931508991,49.501360451391164,HIGH
25.28665358937809,42.63236926284246,59.90780639903872,9.34622840590195,LOW
26.814963722627432,45.54350944141047,71.59089827898345,1.7993115958759098,LOW
24.470309189121387,46.468308577034605,123.65542899213747,27.327012474393502,MODERATE
27.02082184678131,65.24505194075535,258.212375499989,60.412576678932545,HIGH
28.61434631101178,64.3617867520992,145.36482962250298,24.432459106634376,MODERATE
24.484993582542444,46.05944015072227,40.4810146997994,10.361959126511497,LOW
34.55242211260176,68.1379122789717,124.4026994832354,27.70093310760659,MODERATE
25.227878958109542,57.20923502513239,186.175608626647,24.167329298051133,MODERATE
24.558132910784035,63.69867263564074,232.19135146631965,57.587848016874965,HIGH
26.24772146158529,44.43442467448466,28.360888955580638,4.131819018436038,LOW
21.425154837451938,38.41928652927216,93.06444350978364,21.62026867696163,LOW
23.263502086423937,47.04933330564306,91.11655759930066,6.052571686287051,LOW
25.554675152123487,47.60859644679971,53.229190717858216,9.464708141935835,LOW
23.52365251205067,43.40167505994627,64.17905801327261,7.778691124723936,LOW
30.038147453459487,56.08800529367926,160.5526922519761,30.425242780622938,MODERATE
28.83532589937146,67.53195409338646,275.622103071393,94.30435632502832,HIGH
28.157539657669503,49.65859953213663,116.62765584049745,39.52914362471092,MODERATE
24.960286806783223,34.532484078154845,76.69389266804725,11.817681352857452,LOW
33.1139007702002,77.37345483920868,422.8856739095934,99.1565762839289,CRITICAL
23.49604524358623,45.915375072614815,86.48685551387683,0.0,LOW
24.353024842744894,46.775963938122594,53.30553753621678,2.9731128700856697,LOW
32.182050642492555,44.262970165587035,175.91484041094566,27.37179821501685,MODERATE
21.8942029785921,42.99326296586474,83.40080270458125,12.330620967950829,LOW
30.532235666933083,58.07360675250703,202.31803578503377,33.51194526990639,MODERATE
30.110287139395876,65.53236652687364,248.61592795148755,78.85417508432795,HIGH
25.564700684835323,43.856093654969044,81.08244768241175,13.00347595492504,LOW
33.19232407341593,52.42367795477408,276.98710721958093,48.59189930367258,HIGH
35.53368529983017,70.10027048718158,248.54813071395643,50.80795686983441,HIGH
21.566879701237745,40.97315833562051,65.61617048792239,14.621248144426785,LOW
20.1261314742057,57.13056710321182,152.16100719697735,33.31112228298154,MODERATE
20.81028516958577,50.86227602366226,167.72718968380065,17.34724480436846,MODERATE
24.736713225401317,50.07950391506042,49.7230140926077,13.255054759864842,LOW
24.465756040274336,46.406405356192174,64.86617830707107,6.546618941042473,LOW
23.694954935095282,47.30036318612097,77.99683644438531,5.765855672086363,LOW
26.962911095317946,40.53847062712462,45.19949968877423,10.809224767324775,LOW
27.03427816668198,64.30272413305893,175.70381947699582,36.734560535120494,MODERATE
28.65530620069217,43.769029866803734,23.93659874280275,16.417017446068563,LOW
27.323641333029098,64.16685479402369,101.93221376823223,19.986822287150886,MODERATE
24.617591129923728,58.077456242118956,165.72563528438312,32.21019343462843,MODERATE
19.37979312673471,45.3261215123423,51.508031394509956,11.837543086866447,LOW
24.276482864117362,49.560798512255126,64.12580473407124,12.120258822405866,LOW
23.64077717233708,46.18065657994174,74.76951255751354,8.425035311101711,LOW
26.202483624253862,54.17720482870309,174.8855712607222,14.055517031566753,MODERATE
26.55344380767154,46.33107104121356,249.47810019301704,75.49207459618836,HIGH
35.79116032776741,84.80295747039713,493.02273727472306,103.61724130547721,CRITICAL
23.803831058259746,53.12151533741638,61.658279851813965,6.650407104690151,LOW
21.038926974869966,39.671196877598085,53.55569961466028,13.214340077514407,LOW
29.47127393849184,78.53544721433927,362.7700833463356,114.49394176926404,CRITICAL
25.50728252245741,72.42637593254787,252.7749679236071,57.525396662770234,HIGH
32.382866893249776,78.85101396625426,409.59156124849767,111.57324004564963,CRITICAL
26.641323311056333,42.94328309481372,33.416559296776825,14.268889666287933,LOW
30.34377733373213,57.68363979227729,146.06587409389965,32.790207152370364,MODERATE
33.23094158716126,55.48566794592945,154.80571779951225,38.60992125973108,MODERATE
27.999211117854767,54.81896006432301,159.41724634372662,23.333049552404752,MODERATE
19.854033128017416,38.29569532206235,51.74384487109201,8.827233653404953,LOW
30.317980109721894,48.26536218560861,160.43125357352872,26.7433741091974,MODERATE
27.555976948246148,59.334197818827754,139.82224548347955,38.51081226187487,MODERATE
27.019017187086806,73.18371608617082,156.69239227875826,41.46571605284938,MODERATE
32.74233128598939,64.54573444485847,272.3316588476108,54.08724644584412,HIGH
22.296925621628464,48.993511417880576,79.53516608002639,11.46612562894892,LOW
24.90793115861739,43.14796166672152,76.83984825837268,2.6743756631395055,LOW
20.018376009752004,36.02963501863677,84.54952013665037,13.580739927886743,LOW
22.49248963187731,34.24829813510844,133.69513476202096,49.36332009797922,MODERATE
29.32128314185153,68.72064167600244,209.75687411525007,60.837472922233104,HIGH
26.741698044536854,60.535642851830566,160.33935678708158,35.34660814486398,MODERATE
25.795630816821095,54.77362168574395,42.537308646274575,6.4492173771417605,LOW
34.23462405321976,87.63439252859901,395.66053584592987,134.10091152541423,CRITICAL
31.774686469968085,77.51774417335923,263.7203285150123,51.82429065705058,HIGH
36.809335802572555,60.90816835037537,455.0608996458117,94.22457364764513,CRITICAL
19.817219085298586,49.49403957427082,99.40595546297695,23.39016426908838,MODERATE
26.462320123650734,53.226357017363895,145.22445385859817,31.627105924959547,MODERATE
25.413699281798102,48.9759958223129,66.93068287780982,12.226133771005053,LOW
37.105219908193206,64.30324663157992,266.18125517494406,54.45061387499671,HIGH
27.266584637196775,57.88962149415265,276.8193828256568,69.680131798968,HIGH
24.70339416771086,61.30129194813974,172.18238016902842,28.722813540623864,MODERATE
37.1937116833192,76.69176228737494,340.3530007321724,103.6403948803119,CRITICAL
22.200610427024493,46.13906035702466,33.813195265359795,15.344744400048683,LOW
26.242447997091105,57.54418036487351,77.70234102600375,20.749218717877337,MODERATE
27.783600935719424,70.71517186104526,369.87834388365974,48.52739392798978,HIGH
27.70634510492979,66.27781303949735,113.32877062380291,31.992288978455537,MODERATE
26.044722555462197,54.75144634523335,260.9377027092623,57.71176222002425,HIGH
35.96663887928335,59.02534146322085,448.3475721595446,93.44922225288698,CRITICAL
22.74482492712616,41.18030830138659,69.74036899448157,13.051705929347747,LOW
20.628805365230384,48.22820663956951,41.38245506986082,10.941104446353053,LOW
32.33896644262919,58.54720876554102,222.28144073827653,74.99348191075359,HIGH
22.772046397214204,53.707073094126386,52.068256411744635,10.128430695883738,LOW
25.14100219761416,58.29795405379951,133.99642958505825,26.706893422270326,MODERATE
23.8782418424627,38.11053768349357,198.32810985035684,50.394623620856024,MODERATE
20.12632391875963,43.13709614282434,54.84798690286795,9.240304635910972,LOW
25.159122284952954,48.147044251716515,33.10069884325248,12.796786926779552,LOW
35.68784132974824,71.96407354138344,412.1898232075863,117.30513533937122,CRITICAL
29.91687164874166,59.42395555043504,429.04148866375164,97.1907210107438,CRITICAL
26.477481798585128,66.67521327783663,116.88777906653979,34.69807333442234,MODERATE
22.261905504270434,46.06437668782164,81.82533906296881,8.704833182853598,LOW
34.929748694090215,66.87819214686739,401.1712483734865,103.36824460629758,CRITICAL
20.768683321358644,47.892401013153155,50.591063468945755,0.0,LOW
27.81710926582272,50.002876231744615,110.49509366825276,36.6864631705147,MODERATE
28.765204565368148,47.521131592349626,66.97865654271627,9.33228827956574,LOW
28.87525560374446,63.762075059956366,134.36031244088144,26.5167402164483,MODERATE
25.581603442357977,53.99024664178039,51.74087112331259,8.300905088827635,LOW
26.262715499961296,61.66437557197923,82.4466812814286,23.38635962466484,MODERATE
19.35928797522771,39.21816933378717,43.52718991477333,9.19558138192468,LOW
23.509878697618596,38.81511767837308,58.974818258156475,14.196694485765398,LOW
24.268275348235655,58.90984271491956,143.35391652807598,35.17987752567579,MODERATE
25.403327296179135,38.78953131575616,59.782476285811185,9.157239942547372,LOW
22.309566156393934,59.80024324692263,139.47142853346065,21.821757746821362,MODERATE
26.256037714698607,31.315572927768464,33.06050358174012,6.30845423241893,LOW
24.565173965838593,49.60390344276736,39.47710345572785,5.521856498917895,LOW
31.17482299280634,69.38991055091302,271.55480540821964,68.89401217036477,HIGH
25.55553477816985,49.84204969166682,30.84230410094814,1.0109257786365777,LOW
26.375450186523874,38.87626188291998,26.522962682178687,10.396139284028804,LOW
36.39278356730294,69.1303805768116,263.2727486536437,52.49617129781193,HIGH
23.401470592229487,38.9095925656271,96.87760171553916,17.140673608288523,LOW
22.158299204381745,50.13011594578367,71.51327537096223,11.770182496816211,LOW
25.270742285722555,49.44008541782601,71.46431310069978,11.363165632008423,LOW
24.167242154821114,41.66284824690525,36.96286276247963,16.727266477203294,LOW
35.07766180088684,67.04170733484699,340.77813044286955,65.16874452842556,HIGH
21.813057259076032,47.38194782699304,61.086946711639506,4.789391532662142,LOW
23.840540872286383,55.78536699986784,76.09583991324138,10.045781756365864,LOW
31.132637134312596,63.37668812163562,231.2907761175271,62.88527371350299,HIGH
21.499368922153707,48.06733088728521,67.04276387879823,2.8531699545276883,LOW
25.991402771799848,51.35534243337793,78.4650631719343,10.15565282760584,LOW
23.748903517925818,57.4122343332525,161.37840103095488,40.298648892840525,MODERATE
26.603314030406484,46.29055884797391,140.42680208967306,31.737849558484196,MODERATE
22.84421178384469,46.5173088898194,50.92876065460901,7.487735665098504,LOW
29.794022259612387,66.95283511182681,292.2941810283455,49.047993984717955,HIGH
26.875553879832925,38.027522923594276,21.90021991853044,2.552619387029954,LOW
31.092751834098095,64.05911315659904,334.6385423017826,27.58031793655887,HIGH
35.68431460541072,55.97775388086629,262.9087069694547,54.45951315879931,HIGH
30.02121398493088,76.41988226947603,362.6824003969384,60.29685084943793,HIGH
35.1423059079385,90.78321924030973,414.86857426905794,107.62115652092288,CRITICAL
30.35770735873507,50.10771344906873,47.26923846087365,13.875991481103432,LOW
33.04099926839516,83.177412239029,421.7097073274134,110.57151829023613,CRITICAL
24.67316625321087,47.54979538461689,25.134595211302525,12.666290674438134,LOW
21.115401728881178,44.64953253684791,61.51165805966018,7.2259753417108765,LOW
21.315649667258185,42.55833750736465,49.47226557120599,9.813650918642642,LOW
21.98421410075291,49.34569606473737,61.134042630024595,2.432214986752358,LOW
23.97536141414138,43.67419609328188,58.1384379556566,9.888070173879129,LOW
38.7905984393932,65.00005589174198,355.5415623904563,83.13352284225235,CRITICAL
26.48989475729289,42.41196337056294,14.969402805126222,3.184028549558498,LOW
25.326813337514356,52.141279609216916,151.1574336894275,27.506029353420423,MODERATE
28.971948082955894,58.10145632419565,301.5493992334208,43.50101102103433,HIGH
27.3076595511788,53.967902570572825,197.64828321447789,25.022340437642256,MODERATE
23.549137101543803,37.33790133017863,61.25855245790686,5.6950191987249275,LOW
24.794066600030984,48.333492531900745,48.80098139542335,13.949620580185602,LOW
35.30890526968987,69.23530725700577,341.35429204385645,38.66882200836319,HIGH
22.265989487353146,45.715355166764354,49.713914054458726,9.335368632201071,LOW
26.490840610738864,57.896546220331494,143.03192010227295,30.60570630365467,MODERATE
24.896648131946318,51.991845213283064,89.65309195685992,11.238480327636667,LOW
23.5474064724433,54.384862803090655,178.20868394650768,36.92774910733723,MODERATE
38.54557583827181,79.41690038094437,486.01684420426267,110.78718313914223,CRITICAL
28.00752377079907,34.48583936903057,161.4865720915515,0.8126973982817312,MODERATE
28.355305802822954,58.34270536086757,115.12713659580209,24.30318366496849,MODERATE
23.031939736854646,58.45752187441791,59.96544264282577,11.632144707525068,LOW
24.262054232386838,38.985936115855196,58.02490586950278,9.857557055239637,LOW
33.97667171463671,68.32027115402308,470.8396766453089,105.69223748370511,CRITICAL
23.78763613875485,46.33873211043699,71.10265559441604,6.0011510853224745,LOW
34.31403764620759,61.701305022362156,216.24210583314067,71.21337793136347,HIGH
28.877138970973174,77.06533543917246,460.45707008356055,112.48772903412527,CRITICAL
21.191461803818502,46.98624092997717,54.552844329531965,8.068839365101422,LOW
26.95854902134846,55.766220327602156,83.66654168710629,9.561063273479265,LOW
29.30046861535273,55.848245645096235,153.92292563734634,36.590025055009455,MODERATE
24.812139190879016,52.09868853914899,169.01731133201227,30.023946329599646,MODERATE
25.34015848440438,42.75095122261434,73.61246694533651,11.515370413833578,LOW
26.884609582372487,41.995531537458504,30.20828382266669,5.819825161654791,LOW
27.156519955972602,53.08304646117634,139.89504097078222,34.95761572385983,MODERATE
27.94814361193286,57.868799201300845,168.48404004006716,13.136373265780456,MODERATE
26.279159742042104,75.32453934118016,419.745186527661,125.9106454957936,CRITICAL
35.811100193009466,70.4967503034279,446.6838611900156,94.44164725351374,CRITICAL
33.9584089508823,60.53782923208461,316.25553876591255,74.48361916169223,HIGH
25.9477882564348,49.19139807222903,61.83466597270783,6.9507061678893916,LOW
22.924674846193955,48.25556677975176,42.79874698677484,11.75004899447948,LOW
30.387794246683452,65.87718203659207,390.0308565276513,45.71758082271486,HIGH
24.29968482797456,47.46703150809578,62.13026244098768,11.778907272780932,LOW
31.362150544372376,51.80470199042694,183.96703716537743,24.845063038295816,MODERATE
21.85607489541956,47.73014232208512,86.0122672246776,9.690575280716583,LOW
27.65614911079622,63.16565877158153,208.32425831253124,52.21970818593642,HIGH
26.638026395482793,61.85526516737702,49.441468468723784,15.74120062658176,LOW
23.69750470650725,47.59556671035691,61.114496706239265,10.441582902448873,LOW
22.805671020603448,44.19462358234543,169.59734649843682,27.786399279314292,MODERATE
27.025516880169462,60.56452577040939,155.41091829079195,24.75156050687226,MODERATE
34.73168628179489,89.21266952683469,447.2006160427569,124.4732702268818,CRITICAL
26.26019863280903,48.68459506267574,70.77024684734789,12.078642293386011,LOW
25.40144631371917,36.86511617324068,45.69720980774901,15.21426027123235,LOW
26.974796579371727,43.36995369787625,39.25952085701819,9.038251211718629,LOW
24.15797743268002,51.80208287254021,53.49713234993798,11.408137887211698,LOW
24.900634556087628,45.01865130111382,46.503359910878686,9.05668255130059,LOW
23.459689741325807,55.6280474536061,58.22797195845817,9.024415559290649,LOW
28.31737794406157,62.895412604349175,249.13662957205108,84.34390630728916,HIGH
26.576888498636507,45.37022780430221,60.67010105558838,9.644814209149995,LOW
36.15638500914958,46.443114185990254,189.93044150025946,57.39560836521441,HIGH
33.07031327429204,68.7846975842198,262.70893392037436,79.26661170538468,HIGH
31.552173493814696,72.70126057989474,292.2690368544458,57.13923762503963,HIGH
27.331839367736034,55.00937892728141,194.18860716568724,10.393022971679308,MODERATE
21.62585914725126,42.82043611458717,55.417052944211456,3.97069740890781,LOW
24.41747496442929,72.20196864453123,204.0522584324144,26.706004658522804,MODERATE
21.70159200562341,33.5512175206484,57.89615664464657,6.008592067023898,LOW
26.199382452869568,58.90420433351794,286.6882192886274,70.12693436897513,HIGH
23.038533047528887,60.98280011094893,125.9936491019445,35.062863316858454,MODERATE
21.247225001844104,43.102813772512874,66.57654735714782,12.451861521898396,LOW
35.59533667180316,73.06008616789248,268.45056476201114,75.50170536991722,HIGH
27.920969201566052,37.63200071506502,43.322403999171286,15.939675146935404,LOW
21.35491773341664,42.082835215805716,67.56408077054255,9.590413173555614,LOW
28.977362614826472,59.30130348469833,240.4220667103476,96.94286028186487,HIGH
25.773518108809476,42.06553519128646,56.65277981065112,7.1457840745185806,LOW
21.243981446304268,34.13628792011763,19.50389199687107,5.218564102807589,LOW
30.866691496886936,75.32451009856939,298.4942159605394,75.95582356001223,HIGH
25.04790190838534,49.372285404446075,49.62034873979353,12.238161482464665,LOW
29.35134213660975,56.01785254183204,226.71422506457776,66.21107758690046,HIGH
22.41494833908417,45.15951204795659,70.26966665049274,12.472762858661204,LOW
26.553961664396088,38.992251403460735,90.3045517716844,7.8760939817771405,LOW
27.203959878153267,52.11495435080123,95.76909420675202,28.627483918269213,MODERATE
25.934598471685543,54.10075594283549,45.65560219265957,11.207882970077085,LOW
25.114545809589632,60.4214629270576,148.84385214469762,43.91718433544809,MODERATE
25.998672664948977,45.584480477746695,74.3240041753962,8.211369370680213,LOW
30.653503362103194,58.3115430812337,309.7936690561789,74.10348607809709,HIGH
31.610896961752935,65.14541360865412,138.75165930452593,32.984418547473425,MODERATE
27.070065948343668,50.80175385616795,198.60210927408153,32.9095852027437,MODERATE
26.387237143712753,31.97630754122753,23.746153292424786,13.183354620879095,LOW
24.50089260052152,37.04162338008871,59.58179320469341,18.01403764160537,LOW
27.509119635428437,51.92662262926544,138.1628144439182,12.966416886399859,MODERATE
29.536449325445563,43.970664709805696,130.15749323079552,20.740282942132623,MODERATE
27.1604448804657,40.40918491508068,168.4281131507119,36.03084055946946,MODERATE
19.557874470046375,48.02506961798327,186.9870580230809,7.77604575417142,MODERATE
23.459997664598223,60.63199211109386,129.74658143569616,33.23163216588489,MODERATE
27.67245167946004,43.78234833794778,66.768798653207,4.059778083490256,LOW
24.718473455785904,51.07472085138578,149.33256615452368,17.496925237281204,MODERATE
25.93493254585002,46.75760294098375,31.39984384478295,9.504762822681363,LOW
20.244022468068184,38.551403917093715,75.77778487346735,11.080381736789146,LOW
36.578484422869934,68.74842222804962,309.60496046949305,102.95043738105656,HIGH
24.606351709144516,57.99457478772993,163.16973088166685,25.786276864430334,MODERATE
44.239377688360314,77.9415912334922,379.72430402288586,123.31860604559196,CRITICAL
33.988474214728676,80.06045584723044,348.94647524725707,112.05254407834344,CRITICAL
32.39853298659193,61.990303169732286,257.1802623807291,59.25524037316847,HIGH
23.244386934483455,50.4978686464474,28.802236142238304,13.448000201648536,LOW
24.753895571390743,38.23807253879482,83.91535920328985,14.982539840687492,LOW
26.455735672619383,71.63296856852843,298.2184789436069,42.526202540144055,HIGH
24.729068978066525,48.336451642938904,63.190704605079404,11.164925667389518,LOW
39.90413563964272,49.19650541595531,402.5408794839275,101.70697944912098,CRITICAL
24.188366116464625,52.49254663446304,40.44177852736937,11.34560375475949,LOW
24.98426392896097,65.34175543919025,133.72326539664525,33.697699912085,MODERATE
27.72463512278976,48.615914677838994,56.71500283229529,12.30218603999958,LOW
39.73012296701063,72.08413702053213,408.7761766723361,95.16688770069031,CRITICAL
25.389341223256817,46.535441100625334,71.73146654525472,9.964821242057715,LOW
23.162302512149925,58.37839104845729,31.777252504251024,15.043749294251938,LOW
22.295682388068812,58.37564166333584,77.91882509301573,13.884556027291646,LOW
23.56554768356265,43.743547037762355,67.02955073375131,15.604745100135585,LOW
24.26566913058813,60.77098943669486,177.63452239184377,35.237276227582285,MODERATE
23.458143739684385,39.42606499721652,44.372518248465965,3.458147006168568,LOW
26.74965365032022,51.920086068292036,61.3314352696479,20.02146024244665,MODERATE
25.006121999810606,57.52414174359789,108.27943710074231,41.50964385887385,MODERATE
27.870121189450607,71.28045854317179,195.4932030176821,27.547475029703538,MODERATE
26.023364965441406,58.56928773933575,146.84327597247386,26.838046839972225,MODERATE
26.657370324666488,71.09712365126123,152.72227691256518,44.28254715379782,MODERATE
29.888881719748344,49.92772263937593,124.38722332237765,33.6776476401199,MODERATE
31.120769506001388,54.70885331933042,218.78837351698027,45.02009036939262,HIGH
31.32845607834126,74.0003513736642,279.3962895883836,33.354193397270066,HIGH
30.511603010102178,81.76799000180351,214.42879391861996,59.53051356361126,HIGH
24.899956682693094,48.37987844109855,62.06251986642981,11.319774154629059,LOW
28.5715410433217,72.02446863126559,218.21486424015075,69.59715161964154,HIGH
22.767413823615783,44.86388834804612,48.794277252020045,5.713194692553023,LOW
21.792022729256676,46.93678478455949,39.29846110525746,12.847908091964205,LOW
25.30111525325698,50.627776142493744,189.75440186624516,32.642319564932734,MODERATE
28.49615832320917,40.24965356869218,148.70599231077279,45.9801134224381,MODERATE
24.13582633833867,48.288770277853175,76.12089437965822,2.0101332284405613,LOW
24.420582582172294,40.71074062861494,83.61645471995845,8.739302440459104,LOW
27.19595824946801,43.0025918429554,269.46435082226895,62.36262221829863,HIGH
34.23663711708922,74.58815869213355,272.332520948975,35.11428865532402,HIGH
28.666080685525728,57.165740991098616,179.44439247924348,20.68137522831168,MODERATE
22.081144493716263,49.495337563205126,29.627741500559672,6.278941250919797,LOW
30.21730053099745,71.71938084106239,290.6629924923661,63.53058581599758,HIGH
26.290023526044298,42.53483324705571,125.90279724144885,34.40953382961355,MODERATE
20.865883499529122,40.65394488355079,49.52901571435956,8.5381216235431,LOW
29.114886675641564,59.17111611792378,314.71899668928637,76.32769835386341,HIGH
23.215920408258537,45.83954587223468,45.301648065799654,5.412671671330236,LOW
22.730373672057087,38.01915720124637,62.91707206313175,12.918862695134834,LOW
27.0753861336481,53.46044943313565,160.2452605661041,29.896489855171296,MODERATE
27.212832103428504,65.23538860467978,326.2951413885479,34.00137680539796,HIGH
26.379244010575285,44.08184474276272,69.90364492847593,7.187723676408791,LOW
20.758172963383696,30.93394014948676,76.96978442205496,6.060020289102233,LOW
22.84067324018942,45.13021207841287,144.7848689971615,24.163382446914827,MODERATE
36.810153675918365,77.88764681692146,433.1230435010644,136.5553640986377,CRITICAL
30.835195401391246,74.06151856415671,336.9042914202116,45.095308909175984,HIGH
26.716242191734523,48.048474631194395,63.51473456663591,9.129261226261374,LOW
31.86465718927097,62.98100700012413,278.083962053,66.10038188561052,HIGH
37.128517495525756,101.22820183573877,322.26573483706585,111.4802504837996,CRITICAL
25.1548051550385,45.279344839967166,73.71338593276434,14.702026306035119,LOW
39.52820915365671,53.9013189559019,507.47487638538126,112.5012430378468,CRITICAL
27.340372765475436,58.353840947157316,286.56722323651485,64.76146954927552,HIGH
34.253545482789896,50.87823747757721,323.8218582272789,65.11594673941097,HIGH
22.586654296845328,58.521340678638055,77.57676446906888,35.1871520899097,MODERATE
24.10691582523495,44.28498697603248,81.05168665128991,9.28537932394444,LOW
29.48019191208639,75.1830621500373,304.1333636131402,59.60118025867574,HIGH
22.29846872824366,57.71931940596079,97.20552876913604,36.01437172668365,MODERATE
44.547807198295686,65.09878001648124,414.3535849927652,140.96575401846127,CRITICAL
32.2151517936804,77.01570685536103,420.1099646028298,110.63911734788314,CRITICAL
30.732038791897796,52.21558099778629,286.0805553340637,71.30028942790565,HIGH
26.154847328245637,72.9082549028117,296.40362670967613,54.83578863218632,HIGH
20.998661194436323,38.847539233332576,50.319395765571485,14.913683249120606,LOW
25.280427318657516,41.77010278283052,64.46305609533374,9.434417991424791,LOW
32.860754647125766,60.84724574997803,343.9928032750002,94.36245012114485,CRITICAL
24.820424031359103,42.205391010851535,102.74291790047576,3.049141619451472,LOW
21.744093952988663,42.03959195770393,62.545550520129794,0.6985145005028528,LOW
32.7087223868225,51.82593191141985,157.7942357041653,38.1993735450032,MODERATE
29.25711943440555,46.79410877022598,308.8445823727738,63.41564226379544,HIGH
35.506386841110775,69.74687678874437,390.9365627886461,117.12582312217417,CRITICAL
26.094630572147516,36.61388302128958,48.071374649605254,17.69178477626631,LOW
24.19520798499088,39.3568187069927,50.473098479401926,10.293101258342785,LOW
26.72738721112211,54.78417240141071,143.5687467088466,18.4641701148799,MODERATE
29.74387216196054,45.42165991714218,144.31333465382164,23.44196856983325,MODERATE
23.222733637866362,53.864361989848014,69.11849677542457,4.752787336891155,LOW
24.67604443121381,50.961025400357265,159.41457060321366,26.06602064215892,MODERATE
22.45097987697321,41.28632068445182,48.18532391613404,7.737445006579844,LOW
25.257592587220607,55.259663724072425,100.81759567018659,5.877131872270641,LOW
21.647599366713134,40.334364433510395,48.65851481539795,5.771380503446903,LOW
26.567146864439234,46.482971071295154,175.263808774129,22.657971700659886,MODERATE
29.645846647106815,65.57614113533641,221.7096466990284,88.88528461378695,HIGH
27.890747612208337,45.57238215854304,156.3200063317386,21.02855163186196,MODERATE
33.42758419555952,65.76351230790189,170.3630951538705,51.23217629877357,HIGH
30.638651075169467,62.76418868044492,102.23960993275634,32.41241845450323,MODERATE
20.68332886883551,44.95257290776058,64.92916316955221,8.79694166061306,LOW
30.022905669778815,62.38155655795981,273.3367417953511,57.11140004404903,HIGH
23.920587435306043,47.65472762981827,54.52031826857999,8.361404286527993,LOW
25.237252222314456,68.81628101781166,279.9746606294668,65.55570937236587,HIGH
25.141553409855256,49.20932904112829,292.3211730395584,64.90036402820078,HIGH
23.07574584965511,48.986122045439586,76.78749917384016,11.935929175806109,LOW
20.676931837156793,60.3846534562599,186.65185998652777,35.15646729587184,MODERATE
33.02138318100327,71.88423766369156,350.1467311509589,52.73446106080859,HIGH
37.98908820457382,75.51669064294342,358.54698188717987,113.29232570053406,CRITICAL
27.263888688993006,56.53709449025961,142.23882294942808,41.82623148572847,MODERATE
22.82535847447244,45.06591308116516,75.82117249861606,4.010507319621853,LOW
20.88681447679585,55.228866576772894,116.45082548380368,26.923599119856668,MODERATE
22.716914558434308,46.38769213646019,54.611917660469004,12.688457260385746,LOW
22.61613260765078,43.988089479597285,78.7873811589689,11.573507481016389,LOW
28.966854183514148,47.40772564294633,192.3753920988302,38.1927907187282,MODERATE
31.47169853030858,63.32774195178064,310.5335778130013,59.80910562753114,HIGH
25.7438687330389,41.629160738846466,48.9085306801675,5.222538077102164,LOW
27.68641875423399,81.56845910113977,519.4902998145524,133.5065788694061,CRITICAL
25.4497093431124,53.53263809954134,51.77742034670405,10.405789722600197,LOW
27.800208503929923,47.55508189395698,155.98905053734543,17.510376622488955,MODERATE
34.07353802628007,58.73456110627866,228.83848383653046,34.81567740430026,HIGH
22.83681213143679,35.69388352591167,68.15433761361909,8.200118472541403,LOW
29.33628278307866,73.57043631143692,307.13216246898503,63.179635139021144,HIGH
30.356352174453043,75.29133090654328,428.1027281767559,95.60326983002547,CRITICAL
31.878266181422195,79.58838636998506,450.35223243422104,46.65680238605867,CRITICAL
17.857102303941737,50.687656821107126,180.76044102773264,27.461706197980476,MODERATE
27.718788814849987,73.21524597056495,193.5322961253113,80.80587541346824,HIGH
23.4228140086727,50.91819449388116,119.48326976695077,36.92980160686823,MODERATE
20.561677732247908,42.57844728888399,44.46265807780301,15.174039873837481,LOW
27.20845820937003,44.800231562898375,39.08518068515842,7.290903263962889,LOW
23.176144793953483,55.663788018112626,113.1625334792447,12.55707033009449,MODERATE
20.394287607164234,40.48703479159488,43.636148005139596,6.515135711896743,LOW
27.169234701508714,56.71759706296733,96.70805110973116,24.768294930904624,MODERATE
23.926413261260983,61.3564399046259,113.9191024229691,27.709070913078595,MODERATE
24.328641318763832,41.157059568867446,55.12391471272313,9.055479632888058,LOW
28.455281605491336,56.66871862386198,147.34158164240498,26.556333332304334,MODERATE
26.292497268557455,52.85311898521844,153.14070089664378,43.572693463766804,MODERATE
25.53971378611071,33.64097303257137,63.91091684811523,16.300331310434924,LOW
27.511875235619378,51.07685371837847,150.93141601465663,27.98349747677315,MODERATE
26.13037315357539,56.38866812438508,126.98348794408079,23.549745434522528,MODERATE
24.781450052177792,48.27193957180236,64.16988799625732,13.860681970914664,LOW
32.17603281209727,67.4306994051005,275.8806991261807,57.56849440618494,HIGH
33.192196080585965,69.00710059991607,443.87054028975587,110.0370883059001,CRITICAL
26.245356509127475,44.434832547895,40.003240286117034,14.755136457415496,LOW
21.470916016104173,55.663097041546344,71.85835263059147,9.959215537499816,LOW
35.63719113531856,74.74725232406371,383.68349361879064,116.63700878614156,CRITICAL
35.05872055955884,67.89012281519157,427.1461419791341,103.60402428475724,CRITICAL
26.584562946027443,69.52122703047816,162.915025822674,67.87574737745764,HIGH
30.92473982063973,51.54572253592287,169.78452642755687,26.824689270097668,MODERATE
25.473673061840103,42.22466570205252,77.93798792097127,6.025208491574068,LOW
25.845279445575706,48.96022495074201,94.49600778123738,6.946242730757358,LOW
22.01132978300976,48.962655399290625,68.96261281684882,10.409026638589664,LOW
25.53373458665812,37.65177133409676,80.8610924827842,21.42975369255946,LOW
31.16135629384696,69.66486508526195,257.8213103996998,39.65701350478457,HIGH
27.72131427670375,53.42396338867987,357.50619738980424,68.82007525236082,HIGH
26.072932904411253,53.78990242289595,178.93652046718,29.741303050438276,MODERATE
34.215982808619934,71.92062398341157,342.6197208918976,65.44501875265743,CRITICAL
24.112993383986467,37.283219779747256,59.379452429376606,10.215010251962008,LOW
22.169750681041,47.44358336241281,66.96705712912339,5.385300334400958,LOW
34.06722167608142,71.21658367192718,275.71213958437295,58.44833161345991,HIGH
24.935639565819315,46.17062383885733,71.32927210983961,10.527495252484607,LOW
27.2837775988731,60.49282101292181,176.12468311099917,23.56378695820149,MODERATE
27.086985712029108,46.53995238427357,29.139253881069813,7.144722011125156,LOW
23.440646337734215,41.92763148408524,85.21587348563341,5.810851414464758,LOW
24.422772950096537,47.342729592323295,68.93417461813317,13.644952178275787,LOW
24.97876787787682,43.4447444441095,61.128569458260856,10.430136720214538,LOW
33.31761942274828,69.44116545555865,281.98976513050826,53.672236210825446,HIGH
23.943964430208514,46.15908947887919,99.71745552852724,7.9049088858350585,LOW
30.205386201732892,55.68601339869568,220.13535357516497,26.975685666148188,MODERATE
31.804777020428073,71.83627738371037,433.69136507181616,121.9260812461546,CRITICAL
34.77734454800421,64.24027751525863,265.05241615724475,102.85579150191141,HIGH
24.84155536206436,50.140153664263515,121.71960256405978,37.492554846854304,MODERATE
24.254724951312973,44.61894795337039,73.16686334293682,6.613023628463919,LOW
35.897189228726376,80.40863356229907,438.28927722037025,88.81092541805344,CRITICAL
28.768417218713097,60.827690841708936,237.5220913875099,83.21621688112843,HIGH
28.81498012703662,63.73047994799715,234.37947744716172,16.326191168718758,MODERATE
32.535299663301906,67.34262339855576,360.7329213817958,99.00693871889268,CRITICAL
24.670084735074827,45.31018992857169,68.65851596574579,12.03091380655301,LOW
23.253182126352236,57.72686041580201,64.21976009667776,2.55006098950082,LOW
28.03798804388874,75.15601166236176,413.30071267706666,95.63148604201085,CRITICAL
25.097965748153822,49.356590168678004,43.24067721704214,6.0034204346759505,LOW
24.346014279304452,33.862130597313254,56.754473588708386,10.056288331494018,LOW
22.373219175306648,41.76278890847316,56.81653451568967,10.363200094440192,LOW
30.242568614852615,52.939565935309254,136.31531411653927,33.50124538827445,MODERATE
23.13159913348223,49.74236086179703,77.63253614080752,15.166745862634691,LOW
22.267167722681123,45.083389255995066,60.20299853913588,9.60770572586997,LOW
26.543313990306785,65.74143556823203,245.42399532034392,66.20390873046675,HIGH
27.701024962466974,66.87438688301518,286.79146870629233,73.10994759849306,HIGH
31.831868593632542,68.88065413651303,231.50974020097036,46.983295832490754,HIGH
28.22956066020009,56.64844742825086,278.24054854525514,63.73730621271656,HIGH
23.3900535625738,52.37625430590062,45.492115041027645,4.4253100625353134,LOW
24.984593823876075,41.27688827610803,31.520993709715476,7.021506574245747,LOW
26.331344179767637,38.780508150782055,58.47864213279348,12.700578639579593,LOW
30.101358503816698,46.72284599455494,159.95986480370803,31.973465196885954,MODERATE
28.652773142680623,38.35896655789013,126.45662258532026,31.10564103482624,MODERATE
24.95522145951354,49.73619933401823,70.95213125573423,9.14290022978214,LOW
25.633556253435547,57.91457703697269,117.28658242348567,35.05019784097261,MODERATE
24.253733952591684,26.617320802125626,36.99440947118754,17.544756634224328,LOW
21.047570330613013,63.64673171817191,150.40066774631018,38.8395239116618,MODERATE
24.91711827242434,47.1780554862871,72.554789614578,19.10972179422439,LOW
22.258982046463395,58.126630606952325,184.24442304309653,39.62160645228917,MODERATE
26.329888890376257,50.56645439730723,106.30531386545513,6.9999930550059535,LOW
23.387761903080094,42.05866709976735,43.979626504255144,0.0,LOW
28.108074179099713,51.54744708145863,208.0614355058733,30.1070065017269,MODERATE
36.045681650919875,82.43766578903933,435.35828546634593,132.37569263807126,CRITICAL
32.48836212426636,67.93066346920035,267.02715438427066,70.66975246494547,HIGH
23.459206115809117,47.51678935711949,82.64002111564997,14.561013123777121,LOW
19.233222594085277,48.1002169118908,20.049463344785053,15.879748923764925,LOW
25.99934803974398,39.587333170913695,32.05486548059902,11.043017536564669,LOW
23.016918347685667,45.50796768439658,109.81384605658067,13.338102189476231,LOW
33.531810674660065,76.83569715081754,271.4467747194665,36.23334169254589,HIGH
25.623471419993002,39.18119762930956,56.82541289119205,7.232921027990748,LOW
25.49891403081313,48.90924372386375,71.18882363617749,9.851002989791493,LOW
27.444446258403048,47.50846416999546,286.7536508655261,69.53586358781003,HIGH
27.142671632164735,54.41999090999368,42.0355753207102,8.590939860200923,LOW
34.59571403322653,65.36069442599741,183.5819148599514,26.897696355605675,MODERATE
25.577815766766477,38.39603241459384,55.708145682354555,9.54088820399231,LOW
23.290605394080647,30.364502168564307,69.08000365792444,7.203912587584295,LOW
26.73988589747363,53.084072029275625,173.7102174535411,17.737080973178344,MODERATE
25.36807582623476,41.31549134793379,31.041479233140507,12.674221373026944,LOW
26.86501437707098,41.27408081071327,171.1790924009645,16.720896948642498,MODERATE
24.337608525773522,46.88112499963124,136.7426994876093,28.53361954858192,MODERATE
28.76610983464545,51.87751435078816,179.40572615015466,32.249385325147834,MODERATE
28.402180348503144,51.82002960762049,293.082993004007,60.035774338480984,HIGH
29.3928553816918,57.79172776596038,350.9054916476797,41.16109943349366,HIGH
34.3299089293171,75.8541052597117,246.47576775734615,56.15079848067525,HIGH
20.01870060916407,41.97164420846111,141.57799797447865,42.39912452903301,MODERATE
24.20187358347031,51.802735635384074,97.92392519900663,7.69260610740675,LOW
32.46616566402853,44.344605073660006,180.82743211661466,21.853475741109932,MODERATE
23.514761905199453,39.25193039579263,42.30416530215105,11.105657457015019,LOW
23.740527593622993,45.4206789523993,70.28113319323884,6.113524907948161,LOW
25.638686194119494,60.621757792502464,53.23012456992752,8.16767279332749,LOW
38.276416675648555,70.18421561960959,397.8260527688473,115.82261676436082,CRITICAL
33.35786404793994,75.80633490631591,474.77662766522417,92.90802767640918,CRITICAL
20.16680506496358,37.4435215997632,36.362981072401126,9.381556965520364,LOW
22.59449008035759,40.3554846901077,52.070858504736115,15.290017326092489,LOW
24.032258830552006,42.23384231651497,52.201812180785616,11.310985879807799,LOW
31.369529975597597,75.32832680052809,308.26092372353355,109.23427568341194,CRITICAL
26.159794119357375,67.71568897298074,123.56284657691849,31.73952332242609,MODERATE
23.799404665113183,44.314066991971515,61.92789054017049,13.391834973854799,LOW
23.995499510991685,49.8918964330298,47.368194967197915,13.063821810904932,LOW
26.181319872176264,58.26384526435944,57.802490016514945,1.2298260367703655,LOW
26.463750268578607,48.31846072215147,64.48044477615053,14.034673423819356,LOW
26.435450374902274,50.516542059881914,87.39060814926526,11.435184335625017,LOW
26.078618780742644,50.78977431908696,201.2030292125692,31.729637410581503,MODERATE
35.494960057645564,69.72135914172033,420.60405909203206,133.7198803553543,CRITICAL
21.86558052080862,53.49328880396692,203.46881378114136,28.28962510520035,MODERATE
36.67914665626763,70.45914007850234,276.84942135342396,59.80015169485104,HIGH
22.916033199547616,51.88953854709593,69.75951514303661,10.9787277019494,LOW
30.475095889857467,73.36512096167412,241.05957255541745,42.293048224377074,HIGH
28.893714984201445,58.361688067582364,162.23185108854116,27.435676973299618,MODERATE
26.863325619736376,51.590205074293756,140.643260632338,46.165117590206656,MODERATE
24.9995762085916,34.9253374342577,58.05179991018648,8.26549005938325,LOW
28.16711277130129,52.33973356465463,87.02380972316269,36.716544726194016,MODERATE
35.47037302688972,67.87165152521177,282.0726162359702,83.59419269254116,HIGH
26.26713740575125,39.3507743866212,63.62420735786859,11.758064577165715,LOW
24.938721319241548,58.637950955876335,71.51885098441424,15.893652325767025,LOW
30.780345028048536,68.0501711206478,243.28780084070053,51.50714737871856,HIGH
26.744684685733038,39.053362106475895,77.42397848196956,9.652160097575916,LOW
28.38065591830519,61.960453276870226,152.48154605589568,41.281295962415484,MODERATE
32.8725528174086,58.33389926770203,377.1396554817175,71.57754892486953,HIGH
26.175442566365376,58.41838381536719,335.7047659563429,69.01647565609646,HIGH
30.114869786951456,51.19352036953094,192.33950957630137,29.297314571170403,MODERATE
26.357909157183297,39.61504217487202,42.128757458989085,9.21400631840757,LOW
21.33824549477302,34.99179240066542,74.82697668678826,7.5880867497319855,LOW
20.286379196119668,40.92612411388811,59.86378866063929,13.721511430491569,LOW
35.97212836069749,59.52355180656159,249.26086892866715,86.52300572656924,HIGH
22.89595054197685,44.06920121291644,84.35532439575707,15.864811278502728,LOW
26.872698569762676,55.631097793673014,120.41279668450207,29.554519578800047,MODERATE
34.420628436810205,74.65940022648961,265.1855770738446,62.00465598594864,HIGH
29.244434653218967,69.70912121389922,276.04420806838533,51.42841991165931,HIGH
35.341176088093306,63.748628166853614,353.81593422542403,57.80909234999126,HIGH
34.17803016905472,47.598292787357046,93.0655650030067,40.292721050297864,MODERATE
23.958587271787533,41.48449073729049,64.8269300571957,6.197855171257031,LOW
28.349445979669603,47.941837796080165,128.99747911062335,27.220937331211747,MODERATE
29.73231705160376,65.95037231922322,262.0202976285207,61.200729098955854,HIGH
22.688513075135372,49.14637539520126,85.84760624643197,8.142478431218207,LOW
26.281148533696058,57.55841141526953,196.97338593609763,34.06927634414479,MODERATE
24.90799126289392,52.39718245985406,56.01126894003415,13.98253922447133,LOW
26.54338252143318,66.12935215066112,200.95854756641586,61.643205819489715,HIGH
20.18047418850744,37.323019224516614,41.4234195870916,9.74672056115616,LOW
35.19740914508826,72.63478663273358,302.2872825730869,67.03882440081439,HIGH
24.414052934059875,61.000472474896284,116.63867236922397,36.68301595121785,MODERATE
35.84345840835235,73.41408246934222,442.01704495703206,47.76963259798654,CRITICAL
23.773292004320385,44.696231321658054,72.7175852321609,9.700924313741089,LOW
23.717194658349243,45.40533290448494,62.068810408458226,10.647677469140273,LOW
21.827930893931704,46.0542027369891,83.21873457512834,3.061554012251219,LOW
25.24386449408087,52.40502730868827,122.85577490356734,28.64359427439645,MODERATE
27.206708916468358,55.64311998016938,221.4129443426423,89.18385601279341,HIGH
26.923082818956978,52.180519412256324,121.66731364790726,28.118794827084518,MODERATE
40.56828368389702,67.32355963986954,455.6165756683927,88.36954454667247,CRITICAL
26.039021835329258,51.9605570798613,78.8289405188622,8.12053900312171,LOW
25.499531107316248,47.348976224088645,52.9145255166532,3.5237127195273414,LOW
26.158019278472228,37.81447026579506,71.49766887016759,11.32616678053477,LOW
29.61592649915702,50.13874330652253,101.49121799505161,25.731843794536964,MODERATE
25.373988289422087,50.14169673299651,95.35948974226085,44.02118043640751,MODERATE
29.309687943824294,61.774077707456314,167.30125084630205,28.045369158563766,MODERATE
25.717306906223627,73.443185280905,166.67736093898327,26.289596469188524,MODERATE
23.967393246431048,65.53154703012459,130.1679271257858,34.008683460979725,MODERATE
24.769537088409987,45.56681995091783,60.194437527408276,9.774235612451571,LOW
25.651549710690887,65.35713261555654,146.7439010194453,23.713629844937813,MODERATE
30.30111204209167,59.72924643215135,166.80987534696771,27.93983040872167,MODERATE
22.712877750098706,43.442315811925354,77.45648077305142,13.497110715676257,LOW
24.433420641274274,55.760915069693866,201.7839712400853,14.675478684248047,MODERATE
21.247913336853703,41.194014038846724,53.440288474843655,8.317966626252437,LOW
27.02162118112911,51.25321103358595,106.12627845437542,36.23895690018221,MODERATE
25.686348620045337,35.75559302241551,65.38052674651472,12.703915423227693,LOW
24.01834649636426,44.302400128137805,93.15871185422876,17.697984148050292,LOW
34.48178101718397,48.593419951926734,179.42019882982277,37.763983846909845,MODERATE
28.479803381517296,54.24726379013755,166.62990013897172,31.845378419045005,MODERATE
35.30159817258425,73.48913337516319,480.2835328181449,116.60791929717206,CRITICAL
32.34165331096561,65.59263496741373,388.77528212110144,92.58357228638823,CRITICAL
29.927952150882156,53.9140879732732,192.92757056473056,40.94775515012104,MODERATE
22.35621645691392,54.45225989661324,58.90168768148865,10.504660785723898,LOW
24.330629021108408,44.719523987792954,168.98604970671863,23.732791568827036,MODERATE
21.827852834775044,37.45570515011178,69.18249688104194,16.11725391586918,LOW
32.716727260561825,50.251620660330325,249.5119804438705,49.969379792074065,HIGH
24.233960468047773,31.5430342703374,36.20047261042592,7.851224823946328,LOW
24.792817004414136,46.83348115141488,76.08837742683822,13.009534930850712,LOW
34.99232639996379,77.73120210735003,448.1332536055555,107.83313394782051,CRITICAL
33.670229862640916,67.6419744150303,443.1889256450406,103.11969651829689,CRITICAL
22.72354574424855,41.02095749617941,48.07959325215733,5.158405088868846,LOW
27.235853008595363,48.96039986298711,174.25643248806054,25.516409521645016,MODERATE
30.0636668676574,51.24032107303721,137.7330272937363,30.32944016279342,MODERATE
35.080149163465244,64.20794586469293,449.9132352261699,95.30020551476552,CRITICAL
30.996640834006328,47.11971601681067,296.0814237470053,92.2243690916432,HIGH
32.4928628662697,47.861678702329755,177.36457187930336,24.224043682106306,MODERATE
21.454095142520536,41.1332654107037,47.827559447454924,13.594221120570465,LOW
27.830459187992464,45.5470500736123,140.6508169815084,24.03106813645819,MODERATE
39.712739411268736,84.50747027427795,378.46293193206384,50.209337554210414,CRITICAL
35.26488093424663,61.78996048544141,246.21739217806993,87.99724410810728,HIGH
24.048897443839575,43.239581453616154,57.62217816936375,10.908651193549865,LOW
28.26740227271168,60.082203231273986,185.07810327210512,20.64259199180465,MODERATE
23.410862490676777,29.903428825363406,21.692948244255383,5.9275295539252575,LOW
24.22759913068059,46.10620024305398,95.11698268836045,4.923641540560751,LOW
24.60887104562763,40.58236130076999,60.509881411492934,3.6002026636626203,LOW
32.273541789878266,93.28260148300653,418.21391218454,125.56107130798367,CRITICAL
26.90776850321841,50.911794667445946,153.57371788098834,32.54398955531238,MODERATE
26.966292441638785,58.72593192867856,274.3730012863052,56.45861587520041,HIGH
23.820538460176763,54.27139291017936,56.47879804546161,11.037150566139632,LOW
25.658782224396408,56.47374269552473,197.580114928796,31.77586222141017,MODERATE
28.92218733060876,66.3918093762528,148.22873348084835,49.12178168521443,MODERATE
24.700614497406992,46.52963005217676,219.9307401467421,36.55558058094318,MODERATE
26.49804539374699,49.126153110706696,95.39029448476063,3.8086686690403546,LOW
33.1499144642287,57.23685591232258,478.3179962628832,99.59206888393282,CRITICAL
28.719543868659223,42.88053784903435,52.41924631217121,10.474656678895984,LOW
22.8665739493797,41.21423041720722,79.0294068643446,11.514557295352143,LOW
29.405960999593447,48.642173895961434,224.85736902389013,86.01730209358095,HIGH
22.4756081379255,43.97754205659011,60.23826011043006,12.942933441120655,LOW
22.318101722659083,46.637734529180335,58.202977551081894,12.28743673054684,LOW
24.714257352542642,51.549501716264835,68.7627338486871,10.556446959046367,LOW
22.330297694456995,44.56800844536127,82.67470535184731,9.5238859735995,LOW
23.015505822469226,46.20510178365558,53.27674805074476,11.941213132252562,LOW
25.777966360809295,53.5413568335902,77.92545703870249,6.2630437434081605,LOW
26.772685570620528,51.8417724993241,115.85019819117173,26.466465646616047,MODERATE
32.312609040955174,72.15789462460495,484.8147967675082,108.98476082498479,CRITICAL
31.511524558058948,62.67947380850199,280.18597971946895,68.59088769820956,HIGH
28.153422651718046,39.92807721013459,75.46282904719924,10.831002390456495,LOW
33.31209634628429,75.14098848643124,241.42706183001565,64.87492584951241,HIGH
23.22358062094699,62.33620704332077,136.00750481977695,21.129576200495684,MODERATE
22.955175137137953,42.175070053346786,73.30786846214826,5.353066564262614,LOW
35.61631996859548,83.72468811673384,488.0988165819417,91.69876559276754,CRITICAL
22.431715413059184,55.9572560814408,39.592121542444886,15.313915243166925,LOW
33.0397393643838,59.13924510196739,119.51950411775334,25.822092163659946,MODERATE
34.15793325284668,64.4342752662043,282.009622643356,75.61694245701692,HIGH
21.41299028132325,40.12215585215892,64.23215897672998,14.861929665990775,LOW
33.33858826231435,67.2983260882909,313.69662486921146,55.66548809710402,HIGH
22.351738557321045,37.50754433575373,66.00388220945169,10.742053226338975,LOW
28.638335492677342,56.69850989926704,166.69849997032662,29.65853523018019,MODERATE
32.09542238925456,78.32735333075217,456.7629726907305,91.60637143855594,CRITICAL
22.75279498074128,41.84095982090331,39.75127160816122,15.063099700666221,LOW
32.61230156268201,80.77756761555051,271.4839436544224,107.44467381154888,HIGH
24.510386703512033,42.61333251635875,66.70186008108548,13.342459711544977,LOW
36.33015954135286,66.91319427706769,292.17184237495894,52.27403227680796,HIGH
23.73194555838127,41.350561623976276,46.02346065332945,20.68705351902674,LOW
22.629043737656197,50.112449781871995,148.45296481571359,34.37333626093188,MODERATE
25.35322910355305,41.130838160176026,66.12792798302782,6.495762143557686,LOW
31.329164101998963,64.30450030861557,478.5315218871905,118.77223401957775,CRITICAL
31.11793919807289,71.21446159092118,200.74197679108548,77.08322525263497,HIGH
25.25421920029833,47.28013979429168,42.23300721833604,4.007840898435814,LOW
25.129834562545824,49.14054849105237,35.37703900712647,6.075602530127142,LOW
23.28538987946637,36.827695014884085,34.40306820947761,6.712658814369784,LOW
27.45821698073953,64.07357192022587,327.63487672638166,46.775083676210855,HIGH
30.074270201252318,52.07212126745333,132.78990927424744,39.30796651445179,MODERATE
30.313485075616704,58.00275773789039,139.7146604127049,33.83752424478024,MODERATE
26.041765642004947,41.70992677280989,60.74170920206915,9.75393728158145,LOW
23.924462416667474,62.118839337664994,163.9898631651125,19.46459941093643,MODERATE
33.702279242393196,62.01283778684586,192.80954301679407,30.682971052820704,MODERATE
21.467638646497427,56.785574307074306,132.2406357681006,22.68338977338119,MODERATE
25.231170575722576,36.28345471942711,51.92020283495307,16.03948273248126,LOW
25.739522374329912,42.091615430706035,69.82428767729915,14.389310028811469,LOW
25.818319204427752,38.09043879955226,80.04587472134338,6.589227541460721,LOW
24.516492373994453,47.91073535321748,66.06522016908343,6.624760085901107,LOW
29.617046039885306,56.30084204263241,184.48130522873453,29.642136526497055,MODERATE
25.932259362008214,42.777776342033356,66.15606223357838,7.410162286081923,LOW
22.246870351633607,42.97542147536295,61.934076648551695,5.631270691652167,LOW
31.83573143240247,51.566764875144024,161.85428457095176,8.004516911691557,MODERATE
26.060873142221382,49.270516783127306,182.44351408885598,27.390050547009373,MODERATE
23.24561425042186,33.49910476940954,39.6242440786147,13.844373944480864,LOW
24.701053951152883,52.20195960597165,202.30865601874694,36.14883012397095,MODERATE
30.91354109134665,49.816389256492165,180.27299411202017,19.128982032615873,MODERATE
23.18773270905803,38.828974554352385,56.091414964626345,11.10937671888086,LOW
28.66186051798597,50.91904281435153,168.61117181794074,33.53777649629279,MODERATE
25.67585306290215,56.06078557035686,166.507612291011,46.49439322185287,MODERATE
38.90395979926336,102.79660975374256,448.3777162222314,114.69287022623405,CRITICAL
21.982068044823492,42.336590181487466,50.88895319953799,12.590455908878248,LOW
24.276446850948606,51.52472772089079,75.53671329667449,9.353115987835011,LOW
34.405824194959564,71.19112944727893,207.7184431767078,60.61584485528407,HIGH
29.336489151363093,61.3707104645784,158.5171800352642,34.68198025087085,MODERATE
28.978444935458317,62.909884871669966,280.8546033988049,64.51449049973974,HIGH
23.205033330141138,45.33723391853491,54.93534014569738,9.012704817953658,LOW
21.842085625902733,35.23174671629273,53.732943764939854,13.056457622007159,LOW
33.346384717284224,53.25388992104922,269.5434742280453,68.59288133514141,HIGH
25.078609105885747,39.497706321235434,61.168975575913365,11.681291319104517,LOW
28.582845500161625,62.238745062056815,158.32820439669968,56.29953245391116,HIGH
23.94124647549767,56.159285051628565,148.32163703864197,11.926288979379109,MODERATE
22.143351738421945,47.91413375514309,36.92667754088402,10.12002615412376,LOW
24.60620376990066,45.74818366590808,55.40704484961382,3.8549107438230212,LOW
25.248339182723342,54.94204081249289,131.7525615840265,35.00169544463572,MODERATE
28.10496182566147,62.77522965609673,290.16369263424485,69.54838606354419,HIGH
24.993271979989743,54.4856493688672,162.7837184045828,29.812616326393478,MODERATE
26.35222847096727,60.913323527575876,231.68339142769895,40.8275064642671,HIGH
23.858724837700635,59.086505817050636,168.0327551224288,22.768965683353002,MODERATE
21.425272013662394,51.539620348721144,161.96945702107035,36.59950311691282,MODERATE
30.15556458158256,44.3901565494057,112.57116602568622,35.67729492510301,MODERATE
29.89994079113371,78.36896982850598,302.2044394682663,64.43520658852383,HIGH
24.93265883186956,66.03527629516695,263.88717986929714,49.51830744987035,HIGH
31.34539410252343,72.55532694832218,286.14710273557154,82.19752115668138,HIGH
23.769330010385328,51.385873117483094,42.38806415925418,21.257789813064647,LOW
32.14248775851302,69.20076779178078,364.4711413899239,76.09510376341649,HIGH
40.613881539070015,71.93193078499485,425.8935290061628,79.41492055649468,CRITICAL
22.697251419864894,45.601017827960845,54.88621790350591,17.700051206943407,LOW
24.093026340429482,45.383866268213126,53.27802660570873,14.424025166011145,LOW
23.1573254507086,50.871557181989786,50.31061628430031,9.848979862205878,LOW
29.112571035369502,68.58606857427309,171.63676118399377,41.69439334037844,MODERATE
27.708972846084603,48.39788052941427,143.1670336325597,36.17769181882004,MODERATE
26.762076932196337,54.47976715569797,217.84762308291516,71.88033625915426,HIGH
40.44983297600085,57.93613320768542,498.1591765938381,123.72800834029294,CRITICAL
23.393596766579005,51.57313446897486,69.90780319682614,4.7636197904480575,LOW
26.44999761567765,72.9946004181851,482.5876223170027,105.3678843114264,CRITICAL
38.557385015089395,83.77276633577924,492.05218310768225,122.48684856892774,CRITICAL
29.198725672312605,56.8587005438153,152.6852699929144,28.101922247220784,MODERATE
22.08937698236038,43.30791310838874,64.34613887284372,15.763250392017053,LOW
26.00695258175533,51.475893938592726,55.833957641601764,12.378760845480736,LOW
30.96640768223543,59.45090336786153,114.28548735934933,31.292197217230775,MODERATE
26.456306896359898,58.13400521066548,166.37636513217436,21.707016806683196,MODERATE
26.818494543896122,59.99500714878883,328.40753353723863,69.99458806431701,HIGH
28.33938306373556,54.57935426571408,150.37735507055498,35.2545482137611,MODERATE
35.16134562221876,72.18958624854012,332.79181439698596,86.59088487501401,CRITICAL
24.769446629170467,37.05847019159167,32.27362123472861,9.551344399557664,LOW
26.439725595586943,64.14899687382811,160.55792312455972,33.77000366276715,MODERATE
38.75009168699903,71.98561166453753,467.47008494859995,88.71660036027774,CRITICAL
28.056008861812895,53.921766783968934,162.1363557925847,27.86882339845993,MODERATE
27.21096676558793,51.29371719816865,46.30443458913282,12.273777222378452,LOW
23.445946069013026,62.236666089792834,98.87701123057784,37.41484730861233,MODERATE
26.365360190758413,57.868258537363026,167.43596435982758,23.389254585368732,MODERATE
24.22674107605045,37.46367124279177,56.942259295564696,15.525116062235703,LOW
33.15204537282603,55.47725209465304,302.077310610515,76.9120526540287,HIGH
25.569908577375838,47.17957847548519,58.69657790105021,7.566530016383926,LOW
24.679283533426702,46.11631706191313,70.0363651708467,4.6498252268284235,LOW
33.163635283862334,55.54915091544538,148.15004042380377,32.47201884868561,MODERATE
21.952704476600218,46.21924160036343,45.60616639864241,7.81198111662002,LOW
35.041969724840676,79.4079248055099,300.1663965082018,59.72767387767121,HIGH
29.71733655601144,60.4309126851221,200.1275629939573,84.54528196942641,HIGH
28.835611072232894,36.662859886691244,86.24707453462398,10.28054207346451,LOW
20.704445717791057,53.808490935991784,74.15730152397295,9.84435986085513,LOW
24.703514096873253,50.9439194009281,136.0966615912381,15.178177106477776,MODERATE
30.5747808425477,50.09059095165311,160.44609047834456,27.87567620296611,MODERATE
25.11726827636691,48.81602390738655,181.56224658071227,29.48903531900406,MODERATE
35.18523985917656,66.66529763684557,487.4817482039766,117.61600328292039,CRITICAL
34.571802036603756,59.777629649233646,274.27360109566206,62.5997023591709,HIGH
30.20922954952527,75.69103566301459,290.6802146707231,46.155141410170174,HIGH
27.329552117496544,44.45808593846922,48.346616297370886,8.904032940411987,LOW
31.26928544853486,52.248629436897794,191.02204583215266,30.41321371557852,MODERATE
31.770083497129257,71.8258613029526,312.35918707397514,73.72607492752759,HIGH
30.301447851653244,80.32347753258288,239.18783567068448,65.06030699280423,HIGH
32.207322260030566,61.56421883284399,294.16358375153146,62.63620380715847,HIGH
27.02865685877054,47.296042668788935,97.96842712653297,31.09498656551508,MODERATE
25.053396084209155,48.403024242118164,25.213397623069014,4.555932288370122,LOW
21.90558247984593,48.665046186820135,47.63512281001477,10.318690957070258,LOW
25.12308230923929,45.82064470390019,51.930784074403796,5.799311521277159,LOW
23.36184360287223,57.99236729484587,228.794547271107,40.801360410096095,MODERATE
23.828785404517706,33.36748423797885,36.19884487379669,15.131171424410855,LOW
32.20299160734381,73.50914571884381,361.5874557634395,80.46462530896727,CRITICAL
22.21694109065593,40.55388852132663,45.93856152935389,12.089440855337875,LOW
23.642856064212292,48.5816753838533,57.443287051807076,8.886984926171309,LOW
33.00459353067289,63.82341200393117,283.62734990292347,54.05493678373341,HIGH
25.538295003933616,47.66965237526773,68.19537189149837,11.12341739490209,LOW
29.08923567246831,61.54576132715949,177.33684015571941,29.193776672432104,MODERATE
27.685382045196963,59.42663334796059,158.4626367250464,31.976053659873394,MODERATE
25.402701676689652,62.07176636944583,53.253688653778504,10.283978861699792,LOW
25.535940295314198,65.81114634683071,129.81086946817607,26.20735621306911,MODERATE
22.484776550915505,34.749600642279916,71.37248458581472,21.198788887349238,LOW
21.99972620102929,61.299997651008134,128.1922512320953,40.39477544442832,MODERATE
22.736368621834437,43.93225466552588,73.63998169685136,9.090317476977374,LOW
26.403505191063385,46.097013708493805,161.9109480688194,15.706187249240719,MODERATE
25.518770417661486,46.8182896975963,70.62577031375503,9.739817309124764,LOW
29.774097590309374,58.12298702973372,177.8263733194063,36.003388435228615,MODERATE
21.312202176617333,47.52217275505574,69.82960615496572,14.361887964554262,LOW
31.374275762891347,79.13910239676993,416.08581561308023,67.28476778857744,CRITICAL
21.442731255033138,48.38320413688636,190.5504411858032,44.59903214245692,MODERATE
33.68243385034922,75.38360270770835,517.9674810169862,95.14262104351197,CRITICAL
31.646176675388585,52.37647593097219,171.66605126899373,18.18285627910058,MODERATE
37.48031537226274,60.06362845506236,361.95114204743624,121.78402710304528,CRITICAL
23.361788518894052,40.50750225611449,56.02819068165691,11.204452668402775,LOW
24.49941326361279,67.5141494316347,428.7502933203953,103.02273768075429,CRITICAL
24.535080572253108,43.17079282203956,50.516642472230814,9.017994041057996,LOW
23.152300195726685,40.607952402565715,58.869478983408804,10.733368855993684,LOW
30.09907522529106,72.67045324808768,335.439073146926,64.10744029013092,HIGH
23.341892655903568,43.465061194544504,75.37631749038299,10.924039909022056,LOW
23.624329468860495,48.22756945837336,214.3034047433094,28.577394197690484,MODERATE
26.862198331178593,46.690851292101314,70.40678850356139,9.447811698873865,LOW
34.32165451001084,62.55535646731236,415.16399248190567,110.92066154085235,CRITICAL
27.257997195015648,38.66076070452787,147.18043701646135,51.91603306486645,MODERATE
22.378222112382822,48.54663908658334,46.64375835198467,4.58476992181257,LOW
24.18305287847772,33.76706698539962,39.31513277030456,10.041342252729418,LOW
24.789622542292182,37.711990036148634,72.85404747395941,5.26496361175922,LOW
20.568483431243365,38.44467437769953,67.51267445457293,16.656933005990552,LOW
25.125715840364784,45.105221410038354,41.52482782592652,8.039446607042482,LOW
21.442580064446258,47.410493515918475,39.78279632241669,11.278216026893446,LOW
36.18553208046702,70.60185687933334,497.36385435078546,111.4743779115813,CRITICAL
22.488706567149613,45.336860041465,42.34043115390699,8.345579029022328,LOW
22.548283558625723,37.706982846925825,34.55668817425225,0.6410075371704114,LOW
25.254987793343687,35.4090088079203,35.37378876744051,17.163594284931662,LOW
36.28418403665934,80.78085431850445,456.4389371379704,74.5537153878388,CRITICAL
20.763545460963215,59.677907153461945,31.292245247719197,5.808639124520719,LOW
26.51001856983136,75.82075127805237,389.0101555487573,58.33951232962336,HIGH
19.526149002547957,43.53534768886739,54.30542238309401,7.394815494559422,LOW
24.790346285630974,46.9384995476274,54.30975230456723,5.593512681702952,LOW
27.03754127826459,61.21850267384255,173.70226648416696,18.625903447623074,MODERATE
22.488918562518943,38.66240755025599,73.59453196756981,11.405238703951671,LOW
36.585947269643675,76.87784623686032,485.98513791892935,114.39454679470097,CRITICAL
31.441359101792056,55.80626618206953,140.86978185246235,23.297413929778802,MODERATE
26.47410108368494,44.69647559139942,83.54248122803709,2.1199398721136964,LOW
30.87971526368669,59.18404502074122,387.2737467091843,64.07330314235735,HIGH
24.05192422686701,32.983117568845024,46.32237734379153,13.932959877781617,LOW
24.513374511599185,64.1666794556008,190.20763202855488,34.135923777289136,MODERATE
34.04211573953471,67.76265034582536,365.2874784534245,84.11167023383135,CRITICAL
21.93055801863051,35.61776928874111,63.9492480555703,10.938382323573748,LOW
24.994984894935893,57.0727041273629,159.38137737824405,27.969299510995736,MODERATE
29.325687560552144,57.29187766638278,142.33080884856614,27.13975913156372,MODERATE
24.582246664146925,50.64594733268819,116.28084712711697,33.519391733501315,MODERATE
28.275812703012548,67.2675314859571,233.46499872116306,60.73108960685173,HIGH
28.805686945819325,50.24848278310475,180.3498124111994,28.034233810702407,MODERATE
27.24008421296451,67.0256360823628,320.2848281001781,68.82649759151624,HIGH
31.289362357411257,52.84730564698089,140.45917698578793,33.757573755882824,MODERATE
30.49886491959746,57.531203652905084,157.69376732575597,35.49562934216653,MODERATE
31.512866056562515,64.09567703302892,347.892383049516,78.54570582387589,HIGH
31.01555934597706,66.56304732751039,296.28158250722424,46.0076020868524,HIGH
28.337829933992637,57.282092455909265,251.02791937123737,73.88594898926006,HIGH
31.589183815030566,55.20557271966191,259.22610086855747,73.22160726442776,HIGH
24.826278515436275,56.13163670465688,215.96543560446997,29.859216565954895,MODERATE
26.47871283191352,55.64523975268783,145.46494857928352,29.749162394587987,MODERATE
28.112108574742145,63.80531810342802,272.56294134899036,57.07335015195999,HIGH
24.12202971082841,50.33648073914715,58.214188765931084,11.596412821193013,LOW
28.716287170795447,57.6301120832865,175.97451009539458,35.7076836995559,MODERATE
26.70474777402666,56.714574589311276,181.9052678535458,24.783403444777644,MODERATE
24.362862795900725,47.49167814159272,45.16608301324792,9.700949746346767,LOW
20.354159653189587,53.46284207518868,145.28046501454602,28.717656457415845,MODERATE
23.352605104473373,49.22764200156771,71.63412605041998,26.152666670606873,MODERATE
29.47006847099723,73.86141871587009,318.72778850516335,66.08999413974226,HIGH
34.07856900432059,64.8419371213132,243.1778482486694,40.97251851521628,HIGH
38.01857446869043,95.4888482058878,423.3885690404212,89.69288969759391,CRITICAL
28.655864688916797,42.64768763331012,166.51035304214665,36.541692850103296,MODERATE
23.560676656122887,48.389643921280886,63.0768906803094,6.887504632557633,LOW
23.296641240778968,49.654513802699455,16.464942911477138,15.105883531123716,LOW
31.089501361379913,69.47016827790206,305.1331831723403,56.00103002502986,HIGH
22.382739060254888,41.347458458128045,80.28497657782137,13.89863076280081,LOW
24.799270969496877,50.48082378279629,171.97918699396473,22.000121753516822,MODERATE
29.240540431902883,54.3822818479483,180.30191090594784,27.56551864408166,MODERATE
22.045507537736288,51.10306408572123,46.20263195438034,11.399087270860237,LOW
21.894433873776673,41.34538113706007,84.89170030273321,10.806630170537922,LOW
24.610656574697384,44.12331581043273,122.17283524039527,11.14049536536909,LOW
35.260083753361315,50.27171066165724,284.24440703714936,92.92199892553502,HIGH
20.533397910703844,42.62449221353641,86.18132473726266,11.504278385283085,LOW
22.62951438564195,41.64179837310112,66.50156191297194,15.352784531754612,LOW
24.912024364218258,37.0101314396551,36.097214748118056,12.133008084855053,LOW
34.09773191572558,77.73735401567559,357.43233025505214,84.51475331282273,CRITICAL
28.510950862572162,62.430631392896295,168.21160304311655,30.589252759937555,MODERATE
31.46915294202131,68.28424721798656,361.10011522855143,94.78245823341705,CRITICAL
24.673247413254686,32.40058808564926,45.85781349118495,14.818030206424623,LOW
21.165982173794028,59.134927089588906,59.479048818334235,11.537335837253632,LOW
23.26480906767963,40.63455790907163,98.19014973118692,14.012823478471002,LOW
25.15257838343642,38.98009565782989,82.99554345132492,6.627469367953003,LOW
22.081830283606294,40.71398804546736,159.54873607959345,23.527205862440734,MODERATE
28.621828508841226,69.84056539735552,191.68680775740185,27.94145691787462,MODERATE
25.775412513567826,51.73276811900944,53.816357061137424,10.136710862898298,LOW
28.661628960836495,54.06846490592113,146.39744264793768,41.0386586380351,MODERATE
36.909642293744355,90.47198163020636,398.7454830775471,137.45946897258762,CRITICAL
36.813078366643765,46.65262651252266,129.31964243347974,33.35038262560438,MODERATE
27.900277968350036,40.9897519002028,76.28853333648992,14.649852018727984,LOW
31.15601463230272,87.66982924728778,487.61287122234774,116.99169039580755,CRITICAL
24.45221602008874,44.52758524656373,71.53413241654755,10.12453941177991,LOW
21.7576426717742,39.90885014788415,41.125350393103346,6.991854985390832,LOW
30.919132490694377,66.72275034631,302.536591009575,56.2175070371637,HIGH
23.46457834590505,42.39943809131095,68.68295227198415,2.653959190499709,LOW
38.924291194767335,59.363202638441,481.46658083132354,135.2227313271827,CRITICAL
27.87543830227893,62.833609593957185,135.9963243586944,36.94220416420945,MODERATE
25.56719312000046,49.404644749725186,160.2794159758441,39.2637524205244,MODERATE
23.18625252026279,47.42105224399229,161.8379826411162,44.75293130715416,MODERATE
23.226206898697495,49.5971038011017,55.689024559438565,8.486859130543174,LOW
26.816897688492713,29.764752495026016,74.36146560502685,8.145020248809853,LOW
27.384630312235625,40.715213446799694,47.75875522748862,9.478423044321879,LOW
25.674432653121393,43.9829874862488,124.02905457354703,40.25067085171615,MODERATE
32.35326185111147,62.9086303426157,250.32260367220286,88.48597229825575,HIGH
23.113260240945745,51.57685419813204,46.99751354038706,7.621090624904014,LOW
24.00054020817636,46.55766808741929,97.65004360911878,11.344992985409482,LOW
31.978896830294683,65.30303995591679,281.9552510958156,68.44326233154639,HIGH
23.894775813889222,48.67826525862472,50.24254565049898,6.209254657443298,LOW
22.568285112437533,45.60085747476046,33.07811548424338,10.465873660205688,LOW
23.11505411429998,51.270387994626745,68.49617223080533,12.273638098299276,LOW
27.673790339658026,37.84871213434875,87.51409465728958,14.086175463925944,LOW
22.290030438183237,45.90953906891714,51.52341460839252,10.116158286021168,LOW
26.845557973710367,85.09605735886129,415.53910638978516,95.30399200995527,CRITICAL
28.075378729100304,48.743705631938695,82.3447332457787,33.25703842566621,MODERATE
26.401104525967103,46.96467987366994,152.66806622667855,18.28374105349129,MODERATE
22.498604126991676,50.063634425349335,53.47300289213549,8.208534352894159,LOW
36.40984998875486,78.05095059427343,399.6664590135174,93.07256664726444,CRITICAL
38.87496212769423,79.03478735180741,410.14587037326226,102.25546596327489,CRITICAL
20.890579853840293,41.46071201067717,39.54654846793445,17.086037129946984,LOW
24.391922076593907,52.88990698688019,274.04444469891314,58.38583703098605,HIGH
27.88952447530098,46.87523948389548,68.54669381153565,7.231940203071145,LOW
23.239134478035975,43.299940957755005,70.99803527685468,3.4840097397588012,LOW
24.364778429447753,52.68566525268255,40.64244438086127,6.307339503887228,LOW
31.750893017994517,65.52786641534597,259.10146813459687,50.80303129960609,HIGH
26.854548298588032,51.7408925428798,129.43179022925213,42.376715889052875,MODERATE
34.81012880178078,60.73398253853843,291.01493277093954,64.22333577241132,HIGH
26.856676612527824,44.189078357805506,73.43552795339329,6.9918851101537625,LOW
28.399442920229937,74.88798786210715,294.0134206352804,70.13874937353243,HIGH
34.469023890697066,71.12274028909029,216.02226938331418,55.26049232676643,HIGH
25.4550673872516,46.02391165050031,34.9707761946493,9.24502314795509,LOW
26.84053053579072,43.41239247208971,165.8648248015384,33.02370100827259,MODERATE
25.695746578994687,42.462514465064984,74.72526167894074,4.409344476219286,LOW
24.66628506415022,32.050502023512436,59.331105871190104,5.918946831526317,LOW
21.844527283905474,47.54548882473113,60.34789362601301,15.601463667525323,LOW
22.462714390077068,43.518684865036306,35.80374485369883,11.62454901882176,LOW
38.40758811007845,60.02531207516476,267.94924418461676,56.93938065786498,HIGH
24.763381068959227,44.679750933428934,79.55386650371457,7.5320819849808895,LOW
28.615493560923248,54.91579056070737,140.55190077728562,49.413342069850955,MODERATE
31.893799530905245,58.99824743806294,360.35293368795874,77.41556860318885,HIGH
25.025189986862458,46.54617432765933,50.7007542844547,13.032656868912692,LOW
27.64709614165786,54.7065620213037,162.93163477798953,31.835101291939676,MODERATE
29.07695225203731,78.55012992609994,232.73110254931538,70.98690706431643,HIGH
27.5190945388986,39.579104776656955,46.76526128831402,6.120727746952699,LOW
21.253898680862715,42.1288290314534,21.257415188622872,10.961685416512362,LOW
22.53582976820444,62.59926582081841,110.76999304845182,36.375549520225725,MODERATE
41.4062855115817,81.74595485033532,364.55736710192843,86.65834895579387,CRITICAL
23.475243738579668,43.983944957871806,82.90029951189777,7.0052445065201745,LOW
29.863883380956917,60.663822418699205,145.21161997437983,27.688752953178735,MODERATE
21.88751001466961,46.9101553594484,57.51812059903975,10.299708314264905,LOW
23.438030672813177,53.34673788437145,155.66132890233652,24.366720499403872,MODERATE
25.817173603226294,46.740799962532535,92.29617202791457,4.004418881559431,LOW
24.73267393786812,39.51266971923647,65.41286175271911,5.573670024848488,LOW
39.231339072515624,77.45100061015495,318.09612017142797,85.6641295766793,CRITICAL
31.063595930537097,43.44797905846009,335.92736727407083,66.91319108755366,HIGH
25.989911195133327,40.934759922558605,47.60786188312414,11.433410604056144,LOW
31.87076153391866,57.517980492328746,163.8715697655096,36.3319914566786,MODERATE
25.288296674303965,40.59555919113883,65.73260520233845,9.09012948957065,LOW
27.35431039501938,33.4887881042509,155.36675135115541,35.1372236183941,MODERATE
28.30513985870699,68.56742678670763,275.38363242061394,87.99026368702569,HIGH
29.622090398900824,77.80235816209495,444.07203151062083,125.88983788101137,CRITICAL
28.30594673975739,45.49330068976302,258.52955940918633,75.65323736233563,HIGH
25.60235674456346,45.89236905552164,83.18518926471933,8.819133171517356,LOW
32.517655193606075,77.01281498104954,203.2013212149575,58.582284156255795,HIGH
27.091792959557296,46.440429075852485,54.73132504041324,13.02847347469778,LOW
25.92101496399808,57.312151185242826,185.41581787235907,45.123671946195614,MODERATE
27.13241668999678,54.62147376773464,166.7218967158087,29.0746172601644,MODERATE
21.88424747093825,52.78234317894695,39.476674911323784,8.27155295818795,LOW
27.981973759777276,42.46390209088604,48.01171534871287,7.796732330664825,LOW
18.375306012987956,38.98357192710848,109.16319676487193,12.363528293966548,LOW
23.916164035650457,45.40472739640717,75.2302544263009,17.358008011290252,LOW
29.380635090961118,71.29667553678563,248.57862864117126,50.533275056153585,HIGH
22.3046148164988,48.7248839071301,114.66630696897387,32.50589221899774,MODERATE
17.71266739595051,38.73652935246321,51.50652634101445,7.578202048512138,LOW
32.5458297628434,82.92831116879279,418.9559570175526,104.15390548654803,CRITICAL
34.76486939367693,68.11413485792325,429.3513372840014,100.27500734752624,CRITICAL
29.975683019101787,57.98788336014998,136.55811797573256,31.16394437628248,MODERATE
22.264818125473454,45.42297737412698,48.82178841346726,6.2202646575196034,LOW
23.28278529292274,48.40182395750234,47.496131639180525,20.082834768631876,LOW
40.21732053064191,82.15718710866383,521.9075736216215,89.25996033054916,CRITICAL
30.693003707700022,61.430995133176935,305.1198358996392,67.1212376044717,HIGH
26.641820005339746,47.292345446774995,74.3804326966384,6.241749032588965,LOW
31.842341769073464,55.70631074602947,131.30312449661596,25.028844051623054,MODERATE
22.582081957908315,37.30111318437804,32.992432760030844,9.219982489382323,LOW
30.321477856329885,57.051536572868415,157.95953040233948,24.055036739564393,MODERATE
28.08300331089432,60.013370177988726,147.18324520444904,38.63299023459367,MODERATE
29.37854135555304,51.571034539875946,95.62234900294075,32.146871904148185,MODERATE
28.726041995422708,57.95530663006208,139.54239102135037,23.54602998843526,MODERATE
28.279342248594826,51.07370636409322,183.2827256757617,22.937075883619194,MODERATE
31.909275637024994,61.080073564137386,139.25972082326933,32.299045677148406,MODERATE
18.50877227004524,39.56115630315971,59.08476089203293,8.573554093762775,LOW
26.25896462589584,43.07078529207644,40.96221366978843,11.299406634044182,LOW
26.531809497534294,52.95758396592845,217.25513400032958,12.07436591201644,MODERATE
30.988932923054826,58.75086006173777,320.49216244577275,76.38560750207495,HIGH
26.18797873396892,54.21630216037847,146.85640039056568,29.3730157749939,MODERATE
24.504898629184787,49.51927238896719,37.85531734322562,5.797344403067404,LOW
25.732794800715197,46.50193975914278,69.09481528678987,4.282007046546126,LOW
25.173447275563927,56.17744064977879,175.63153982035115,22.104161953631426,MODERATE
27.537515323802623,75.00231152825295,159.03374228556072,42.850889205045746,MODERATE
28.104030109483556,48.07562959858525,181.79260832454705,18.015117266815622,MODERATE
27.600015924654766,36.448435168912766,139.78481714904484,35.231582567383526,MODERATE
25.43001162198715,39.89985499372623,36.49231728982306,9.714218387809579,LOW
29.954846946813035,74.81832917313754,241.7406681187424,69.38431850265289,HIGH
26.32985214359175,54.4477585306519,280.5359957311884,92.7367999816175,HIGH
21.823095524566103,33.22658354416464,171.99160779013138,29.23029213657441,MODERATE
31.477128317154232,78.15191248072674,466.53954046653246,96.05072723587037,CRITICAL
27.07578849329517,58.798734425922305,149.56997986464268,37.79197070207589,MODERATE
21.34320958907378,56.86185220867908,49.116592742235966,7.726231665129011,LOW
31.201543328961943,61.90653086009374,279.2154746372946,64.44332876000557,HIGH
19.285025082025367,56.285257842047095,57.34881035637797,12.322490477787941,LOW
29.58699921625225,59.62147306943668,346.13756940288454,56.798609504297644,HIGH
29.048738641980414,61.37904848276845,268.9502425659691,82.97383177561021,HIGH
21.368672889451133,33.3161690058611,40.4249618442939,6.753599795231571,LOW
22.531704506770662,32.91171311439951,41.67620297218174,14.801681599640801,LOW
24.374935344345054,38.98332866232531,32.35047073719497,5.443375697862877,LOW
25.736353559453338,50.41420450281192,71.3510225247,7.049772543728223,LOW
26.035972409888263,53.59167165553675,211.11383690879438,15.9039981039711,MODERATE
30.63524672158847,44.73875953476524,130.68757724201248,25.767692019458885,MODERATE
28.61617136157513,80.35757454304236,456.64580053822294,115.16750650035895,CRITICAL
24.17302158157459,39.60335856258548,54.013260106112774,18.61387170868351,LOW
21.624946848025655,46.08201204398348,35.667673330860424,5.203958429939953,LOW
23.111381095608632,50.62181397353521,70.4111675643031,12.091981312989313,LOW
22.917371289128702,46.63200664129913,48.69024026300857,8.886534238795607,LOW
25.953681956396093,56.58241712371418,197.78185368058706,28.625129608104018,MODERATE
25.118740134614715,36.1965480390794,40.16153347325657,6.665616467720414,LOW
23.819420507786372,48.687864288490935,82.59285150068501,11.232700354900329,LOW
26.671035025480503,75.63530617875604,421.41736065322453,108.65857507077915,CRITICAL
30.721789638579217,60.4954264277499,121.13768609785201,25.89604200642605,MODERATE
22.449185751979293,48.00278714991071,66.42435928588269,5.64676882778123,LOW
24.20462066761772,34.625573119546495,59.07582854979055,11.12482582369162,LOW
23.325047193746766,49.967629604683246,63.36855576186388,4.739781563849682,LOW
39.490239480597396,85.76385760543592,437.76000767225975,134.91413442360056,CRITICAL
25.367257458959443,39.532131067597966,91.16571751858218,12.145205728833092,LOW
22.663459989389406,46.54070268908314,29.920936472907815,12.79869310141145,LOW
24.741216217648574,41.870277975851046,55.24046317095534,6.97236050893974,LOW
32.66813863805206,64.69541738934049,160.6343686498637,29.79764587548038,MODERATE
26.25994078821511,40.02108970675482,58.60610038262036,2.712167081727679,LOW
28.13004851540171,45.480495747738516,21.749817751745702,12.435562066308124,LOW
22.67330111667108,48.75945833874602,64.58197425922904,8.047564898645593,LOW
27.377508165662498,52.13374113241343,116.72288599190978,27.33949454817312,MODERATE
26.4656895995411,45.1054398122627,179.6719386412662,8.089508504453331,MODERATE
25.139404636338252,56.037252145099906,166.84985423408207,39.014118466088284,MODERATE
28.759747012000446,56.37072871517023,98.6538187445033,45.20432204347288,MODERATE
28.258491816929144,57.72971960938423,158.2691034698723,26.04338494270714,MODERATE
20.87926505211381,44.605027267956466,49.85025582205574,7.290808231731874,LOW
39.309914170878734,71.91069814346821,462.93745994591774,105.99481330889196,CRITICAL
26.22614372027681,52.90359876445869,129.1002026248366,33.42786342924667,MODERATE
20.818700603461163,35.09084402856385,67.64432015770358,6.738854284821862,LOW
25.561863156218376,37.37428297556664,34.59232941762867,16.69772672958118,LOW
23.16151868665346,39.396357284122416,50.81206471966897,5.237710655546759,LOW
24.669746539181038,62.65474211751387,137.98113240689966,21.653198531061484,MODERATE
23.127499667495748,64.03385138660795,272.34463639914287,76.54639845167155,HIGH
26.323732721727097,49.92359576998594,82.53678414657593,9.78911449598345,LOW
21.05751193018619,49.2782853912272,46.11907028220099,3.394392670308255,LOW
35.022124554517085,67.58130712604157,440.684044243269,68.83524889991966,CRITICAL
26.744774868287152,50.42280077640861,41.112656953551465,9.988001426117842,LOW
32.25760182487181,66.18578476946783,329.28193365906685,54.770025347182916,HIGH
23.964302723415216,43.36342771397374,52.98350079442646,10.291472951313963,LOW
21.90314471493095,49.810775459402684,42.42506626020735,9.127066221811305,LOW
28.07431083797765,40.16627241847867,176.72729444788374,24.58407721910269,MODERATE
23.043670150967692,44.706938485595934,94.44814872123163,8.890647164825326,LOW
24.07809017112912,47.49251298176094,61.25925460940474,13.391406505200496,LOW
22.03190295396163,41.16854285773787,61.794786773833636,9.116724857798681,LOW
40.21892679928608,66.21745496488492,379.6328164612337,76.27521163374291,CRITICAL
36.21867799648731,79.3182208804642,346.28853882329236,104.9766002198625,CRITICAL
23.49448461893115,51.454233748958366,101.61296026157093,6.211748691624193,LOW
22.244487868942848,54.637194960098945,78.76239570653432,9.457888728825406,LOW
22.366912747606555,50.3401629464591,53.16176716604603,8.959693842180002,LOW
26.436015185750335,53.35523804551507,150.31725616587227,36.362843310344616,MODERATE
25.170972464492163,49.819885341745604,56.40262688217976,7.168808547325132,LOW
24.342481649201144,36.464228107501505,54.094746778339236,9.668411906073786,LOW
26.963471189084256,47.8790342214133,84.71714852199565,11.053701046608639,LOW
22.126804364779503,45.0715771991794,60.23497066215792,4.531544463863067,LOW
26.030152204450914,57.89435680839005,163.8405033595712,25.34945214427836,MODERATE
23.635842141302966,27.78227985087026,51.27536342487224,14.315954560569514,LOW
31.33807360124662,77.6820897134823,245.77241711452837,65.0300871259876,HIGH
35.881693424990715,64.33333898402708,282.09820792573083,83.96020651707872,HIGH
28.37311380250978,59.82177660730147,302.27190870354843,56.26230522911884,HIGH
34.78703680544369,61.67808604987671,508.8954964460049,108.53575275526305,CRITICAL
24.904102756012637,41.774216884882556,117.01614339658488,38.13058562032559,MODERATE
33.17918953959688,64.26365969103176,260.56182809557373,51.609058609930926,HIGH
23.62250259627125,57.69377898037503,85.0833511729811,3.0368142746149056,LOW
28.992864627478532,64.36122908715409,277.2858586098811,106.947347335574,HIGH
24.45793987132878,48.69904645480682,59.97170391955447,10.440722311125432,LOW
24.212972389205362,48.068393977046235,65.89681051688032,12.280803615648367,LOW
25.873933083828682,45.42776768098462,38.908349666100996,7.599978901155522,LOW
24.504691662682895,42.13000343100363,43.15680241468167,5.247205243518652,LOW
23.530098592450862,36.18200734757817,41.99053768516694,8.42439250862279,LOW
24.759504376997395,49.441338381634125,50.110313644042826,8.251890769559992,LOW
22.57200980553064,40.30359653041623,81.53697260735322,13.536750954851149,LOW
25.851289242788187,33.136327647795824,84.36903984227592,11.56824846633497,LOW
24.774323558232727,45.29354894808094,55.04443417748302,11.468577507544822,LOW
38.47150440026045,60.7218901990302,390.21332760131475,145.89646496953293,CRITICAL
30.283948830809567,57.93935253319939,295.11305527986207,54.69229153800927,HIGH
33.54659960810521,59.40989264948147,315.4875003669349,76.51121041784499,HIGH
24.281081989836082,64.44755446186072,78.98160653775747,11.299510497627306,LOW
26.70882262237758,64.98428883830024,201.28603846878806,41.82663280352183,MODERATE
21.488679587408857,47.92297090695402,37.654757195046045,4.050115226476966,LOW
32.569598341809254,72.22701678784644,302.37113081737425,72.44220380039847,HIGH
26.685069945946,44.45018250055858,89.89892611799414,35.925141678744595,MODERATE
29.61749550642916,62.758433045160274,131.42048026130408,34.722488756442395,MODERATE
21.462363376119526,55.863165831097206,135.8737836085272,26.479287915302947,MODERATE
26.422429051801984,68.06296908297176,235.2336743284862,77.71565972974254,HIGH
24.758688698361226,39.33066229438644,46.21941756081018,13.709002029383544,LOW
28.44092345167256,48.71805495459997,160.16815567386206,49.41977635470087,MODERATE
26.9236817187872,40.55802380496773,59.24245107054504,12.47826082450217,LOW
24.700833959666518,49.3333778000858,179.64853209307975,39.53240650120116,MODERATE
27.607860966505736,45.807716617935576,54.398413603831315,15.403963755113875,LOW
22.035089482664816,38.79818600688653,68.85474362441356,9.290901354064001,LOW
26.14506672942039,49.55422286991021,83.93771847153177,2.273855574506534,LOW
25.389377044794415,35.8404848598739,48.2118784564205,6.638059350684324,LOW
27.255707937388127,57.13553642798941,45.34282404468092,12.106229001974297,LOW
28.162877314544243,57.79285744317464,159.11227507353985,43.50056096645136,MODERATE
23.8195383072052,60.570047566163844,176.77120123534357,32.51973829721431,MODERATE
31.564222102897112,66.60374176861,285.4558245104669,36.744582798804636,HIGH
24.99524827663629,46.6948641526521,193.02054854218568,34.033660148275665,MODERATE
22.870393297795147,46.77701750777244,77.84584967971523,6.692136625812237,LOW
25.736132997702345,33.38399322549522,58.96374427670273,8.282834517809846,LOW
29.49511433088429,66.10099684165837,366.56322491902233,60.465085365000284,HIGH
32.98423925522734,51.14989095139211,204.44026046786908,30.042584053016856,MODERATE
38.000804499785275,77.76397526324179,416.39031249623775,92.51917120241579,CRITICAL
29.692084377060073,54.90821998302331,140.50131584814426,27.993739726577818,MODERATE
34.67548436529957,59.66279588985304,249.91354641486296,70.31102487533957,HIGH
26.29198061662512,37.488886726920526,55.24663254014648,6.277585781241951,LOW
27.20881999207071,36.464396107301894,30.860424720956576,6.685783386265591,LOW
25.241509641281514,47.6246906091692,81.16233725815829,2.9476576230642832,LOW
30.063714039861125,70.85195447843894,220.4458557956558,65.06939375812698,HIGH
26.311502074996838,35.488472264353405,60.55354587362827,5.659058835431428,LOW
29.331649609368377,64.01019169755662,133.94911637074875,37.417811885510325,MODERATE
28.427012120578134,80.51110428088606,472.71811895790586,99.82547227225125,CRITICAL
25.885911512219327,37.80294703465346,56.78967417880376,9.839503768786685,LOW
22.746736880974936,40.89249786703287,61.780478617735994,14.025561910478997,LOW
20.98503760044245,46.89205210671947,40.442369527782745,14.07524497282697,LOW
24.976055345453027,50.87510398655203,147.71403183840587,32.58558077486966,MODERATE
23.988464907634434,37.020653865356515,73.1001507055834,9.788165345347888,LOW
32.16904488208025,60.57952745384105,418.12856985243087,130.9190537656853,CRITICAL
23.600660401654288,39.7779178940554,91.6397964002548,5.881589620460883,LOW
28.71010258825207,42.007855170792475,188.23771996144018,34.993544913738845,MODERATE
32.674351035848964,63.71101186034904,232.15830804300597,63.03894382285055,HIGH
36.94462124030554,82.26101847493291,501.2244747159014,112.43535281105727,CRITICAL
23.405710525539714,42.13033717195083,68.52609403470242,8.454108509132364,LOW
21.87761562132916,39.710233905142196,71.43736741832922,13.546760301624385,LOW
33.01184293151926,60.738114615717805,280.7427329290139,84.83722182106905,HIGH
29.38761596406658,68.36153250919877,128.88361976850607,22.113000200059634,MODERATE
23.49099789318677,30.87269631424864,56.266291739457415,7.821717072420352,LOW
32.05725813703012,60.1944269778453,306.5482380413307,75.12568283753278,HIGH
23.01395148923516,31.647820877412105,40.36812046135287,7.030121758305686,LOW
22.10923464128037,41.919288077705346,37.944047731513216,10.684455594125083,LOW
32.20709604525947,65.09888905524207,210.65171515743725,56.32064870550009,HIGH
25.790114061238125,55.52486852592885,192.76624117113056,36.4967697014768,MODERATE
25.356805750593267,48.84181420599442,45.49078548687183,13.395463690541757,LOW
21.18009301997111,47.73121634782285,63.905312825061436,9.089289483256689,LOW
22.561829042223074,48.66078302278266,59.217888578839336,10.665795375792912,LOW
23.536243156721024,48.740018846825635,83.70166621151373,34.517938067923254,MODERATE
27.397709129686955,57.59691757457687,168.0705851667756,20.367864689311524,MODERATE
36.01084126236324,78.71451743987453,324.4295392312128,69.72490394346376,HIGH
29.15586487617316,53.893851398772114,166.81584825818533,24.937252361183067,MODERATE
31.492442080229274,66.97022473195086,302.21752215071115,56.89127021665141,HIGH
35.87435511969939,84.91403335218686,300.133932004107,46.46411067377845,HIGH
25.01823513810194,53.04669367008772,38.16796857824659,9.502668716604395,LOW
29.593735353857625,52.59479233919735,103.08555926034225,34.96958047562322,MODERATE
26.75222561476452,57.836680639145015,135.76526311718789,23.233817642192847,MODERATE
24.774991695628923,47.9422115964113,87.03807266390304,5.780630662725708,LOW
24.315866697669392,41.61412057343255,74.0964576349041,9.250403116384064,LOW
31.197315025562986,66.3627101664543,322.06069283033486,70.50397264406394,HIGH
24.64058336801445,43.87066487224842,47.108055927997235,11.155353406637504,LOW
27.37964524088203,53.053093768639314,71.39110438232895,11.513867757171942,LOW
21.47775253730573,43.702966660068206,61.82520060129462,10.917825897778648,LOW
29.763990593633054,50.15492149814993,129.50773178372967,41.60685343794527,MODERATE
33.43691623146672,74.03509947942987,414.3507329328806,105.63148244562765,CRITICAL
29.069985492199663,46.13853936697591,71.92676670765451,3.2540931752394293,LOW
26.45763000543321,47.4138923481397,0.0,12.696092809264787,LOW
20.008184827760413,54.116326053873074,10.104798648733293,13.751995780213653,LOW
23.95008635426615,68.56910261791829,331.7877887118426,70.09441805350203,HIGH
29.764971662982816,50.10888195823183,311.1338810051679,89.49655487224814,HIGH
27.048496681594614,61.365950335101594,373.4717742011463,73.14049097439714,CRITICAL
32.180247415541565,53.55797373406106,314.9707806673988,73.4154552162802,HIGH
26.482434042048048,41.351391770428776,140.03213531138778,30.059079793042606,MODERATE
28.13663073606052,56.70969220261401,142.0696890820299,32.28955954043453,MODERATE
26.713505780071067,57.223164235821734,144.41486812007645,24.825928668163428,MODERATE
29.334322167489383,68.08917520793753,281.2714917179521,60.744914528718,HIGH
22.983758015168625,35.12519296746592,66.89211171291046,10.926187301113282,LOW
22.93708619538641,56.372301752860004,53.164752938706606,6.499561431221217,LOW
25.798232790311012,77.26102313914502,341.6980325845898,73.41043228038662,HIGH
32.43380304467736,52.53796586934841,141.92922506320042,41.49807264348861,MODERATE
28.402206277509187,46.492333561914116,52.853445607582955,7.552780466160817,LOW
30.164212681581386,74.15674671061905,306.94753776952314,65.28431209184568,HIGH
24.453746036025475,51.07688223117224,67.75294661645972,10.666940678533436,LOW
38.46872725644805,46.81285663130237,441.056513987583,156.40643961889197,CRITICAL
30.275891635895903,64.93671207900219,259.183773367454,79.50923939582572,HIGH
27.45690111764196,60.58090792818496,150.50252127215228,55.43891591058811,MODERATE
24.39056419697941,34.73719170256035,50.217894108538374,14.589510727199238,LOW
24.527328477094137,65.2585237695006,341.68350283637403,65.59333720174575,HIGH
20.28302412451804,47.71352473621316,71.9029519598948,2.8730700035955987,LOW
29.29708657767633,62.92621159783142,167.50575275500026,35.22946167049055,MODERATE
25.736944643002392,34.08745338525649,32.980930194812736,7.055968399240913,LOW
24.77627384661636,46.9480899193731,80.10790460620856,14.593981194321405,LOW
27.715728330151414,49.06517916594713,144.352588849393,32.57433095238796,MODERATE
28.822488079279367,48.39845206438485,49.27734104255869,17.709479020920913,LOW
24.265038771656116,42.07730513761424,89.73585307398011,9.580061174776478,LOW
30.611346459076337,59.09597620222753,148.36955804597784,38.8831277788597,MODERATE
24.634820897598843,45.700560527235396,63.07128750514347,15.24171800332607,LOW
30.165047320865018,52.70045640698687,226.72594618120118,57.75079996222841,HIGH
27.538166651540237,48.215956829551345,43.582586816583714,7.088078058543539,LOW
34.37983104588758,65.22519928179362,260.08630905075256,80.749059699865,HIGH
24.784060796115046,58.63595394535999,63.696402280526236,6.897562082953582,LOW
23.059982561969306,36.63530493747952,72.61864848369792,14.47133760219889,LOW
23.245528651807454,39.23060765326902,57.3011591915838,7.750526468307236,LOW
32.67650649119882,58.265449717246554,167.17185324088058,37.06719655145942,MODERATE
25.760670141609857,56.90786836080027,141.9290854721802,33.50770899821328,MODERATE
23.234679478271595,37.02420766246921,62.632267025379136,9.182922048770804,LOW
28.522985306666154,61.757394785699425,225.85069425626853,26.87041997343471,MODERATE
21.781157939121517,46.251851438922046,63.641727250050394,6.754814660853004,LOW
21.06400299933193,61.484637234832725,126.87962220983499,29.722749188696167,MODERATE
22.835292801076854,43.32245307889484,59.79676475470506,11.918930062090046,LOW
33.19813282830807,72.69731634516995,345.0746849474412,72.97591034131776,HIGH
26.01822381251011,51.43805571576994,71.67418508338864,4.181489611855588,LOW
33.90058358387807,82.0165891866231,418.8259469511192,127.73737266901126,CRITICAL
34.59751140603162,74.6443245158423,233.3352742903577,71.75689699238086,HIGH
20.701867337281602,43.275173207664984,83.84526538129052,11.842968040473854,LOW
31.531690435804336,84.58242202874325,287.9884551482673,65.31472414615232,HIGH
26.221125480585535,41.98724922635713,48.35314249064291,15.124922255050288,LOW
39.528205468842714,71.74027979350517,417.1963274082112,103.80291204608297,CRITICAL
35.66069400548269,67.94517244158726,368.87009884108113,77.56072185246286,HIGH
25.65742281225795,55.23564167225264,95.96920170014403,14.747565378396324,LOW
30.34992023783224,69.60855602849112,355.3288522871971,71.07276771100233,HIGH
27.154193562951278,52.70476256158151,145.13596480068247,31.08340788196424,MODERATE
23.520572442938395,45.31567245546828,44.423202112682844,12.866524265892622,LOW
35.87349353787027,66.62691619756568,305.8459427475656,62.85029548961947,HIGH
27.941895457497644,55.407850710760414,154.1326107683139,33.61537826714919,MODERATE
23.515006415843935,55.24417208202932,108.7898418392349,5.182532205863825,LOW
22.0856943443837,44.38026950976867,76.12404919867063,12.365011768193089,LOW
25.057871093915796,40.847483060229784,55.60579010845286,9.919621806496814,LOW
21.677379590554807,38.270603632334044,73.75394802630794,10.981419794289666,LOW
21.481035030592608,44.61503319763878,169.89646320769486,7.770642866671594,MODERATE
20.35336571295442,50.06006935154987,44.00547675437467,14.19561486068633,LOW
20.180467109636623,59.867640035024536,95.75511859218781,33.41415137774003,MODERATE
27.38934696738553,48.61819606570234,173.41623328489501,18.413137296236954,MODERATE
29.772249080169452,53.77847458077528,351.77215705033143,64.05720286067185,HIGH
26.442712258626685,40.21112577128139,58.47018358313852,10.484151758654297,LOW
36.75007085346846,76.58663358986813,409.0066227095931,103.98885928290721,CRITICAL
31.011116052392424,61.8400218296146,254.5971775473841,57.24728784629373,HIGH
22.499249383347042,53.990521653901936,56.28121330978506,12.817646674224394,LOW
25.136622617931756,44.03188377378532,51.33407958797084,10.723839829684527,LOW
19.752250160223287,50.53348764703162,64.37431610426748,8.744230181008593,LOW
22.590427451678593,56.5672489494764,198.40322880676078,31.625331813928305,MODERATE
27.675350181115206,54.626599264272905,175.9213087822269,34.85386541929381,MODERATE
32.63572661328537,56.97216472396733,216.02220663480855,62.36137225477011,HIGH
22.077796169139525,59.93203491940286,172.900165425948,30.375809570395983,MODERATE
31.08248798324283,84.23338918422205,336.88275224272525,126.28940921638358,CRITICAL
30.712496501071428,51.3352983566934,273.3977516442136,73.59019722415925,HIGH
36.99454346900738,75.8011102831112,384.5934412392231,122.09346172982609,CRITICAL
36.38672299497484,89.57491642265963,499.1968726505364,112.79613441077045,CRITICAL
22.728394886904738,43.182445236566146,69.78853046252232,6.771024778162335,LOW
37.399481554009974,64.50493411898084,219.50223385225127,46.17357355157022,HIGH
30.820761463118668,72.01464716851243,255.98645878782926,76.62872966555764,HIGH
24.802487834028152,52.19301064838331,114.08836933730291,45.91487646865289,MODERATE
28.933542266046587,51.241916069904406,118.4421653406053,28.12895591265652,MODERATE
22.958536417203433,39.77680816362351,62.798356398644586,11.996090402870976,LOW
24.70750095674499,48.86395607118741,72.94695426456579,5.387938472269479,LOW
23.748311131183048,45.67497971015848,173.86379624611212,32.320400733310045,MODERATE
19.221850453793195,69.38833801033033,123.17183987539333,46.41450204751166,MODERATE
24.562796524330388,39.58005432243259,160.86374927828092,21.18994543351014,MODERATE
21.254971565651203,49.66413037642718,72.80634572821585,17.24813556431514,LOW
27.656458113140403,45.97465361818634,139.94882931794046,25.84923749375058,MODERATE
26.03404361283638,50.946400144989,44.829379100083,13.993871618491998,LOW
23.35080620820597,40.74893107908649,49.92115570149206,16.969255384784933,LOW
35.69844739000482,72.63977827316748,554.5288236290916,131.1002097769285,CRITICAL
23.45276989059075,43.71453273977454,62.62569560908679,7.195096029474259,LOW
31.356264396117943,45.804603236970856,116.15559788723799,26.134731557621546,MODERATE
27.99693174949186,51.01025532008903,76.99780233812875,8.942537225946397,LOW
21.0965891724692,49.690441368286905,68.83898288655814,15.143989458713135,LOW
30.57466256139881,66.36036422848508,320.1353908978193,44.41698129063529,HIGH
26.938513313481508,47.589539124324126,87.461827420378,28.908210304973174,MODERATE
36.02405400022418,67.84300968536077,368.29025487290113,64.39882483860558,HIGH
29.646307333280717,60.883209285726814,249.51208974037138,36.15259474025963,HIGH
22.716735121723968,40.191367321468825,38.76050973097184,9.182562253854869,LOW
37.281336552468154,51.71306499358333,264.0498401810673,50.51899121868822,HIGH
36.14637418917571,69.27087605358149,423.99151943250604,95.45162757184583,CRITICAL
32.64087854504812,70.35858736733151,159.9887134885196,64.06495849639664,HIGH
34.97838721011005,50.22328331263758,265.8958375292383,48.1787274771379,HIGH
27.732834846827725,49.625431081879945,151.02473830622367,9.14107576745213,MODERATE
31.10933117747893,71.76540294762658,192.64086457311967,59.663825692165986,HIGH
26.645640026880184,66.83346267827338,282.96885263977015,89.00132448499244,HIGH
23.65679880324986,50.12975851898813,36.1257239751118,9.116467173796565,LOW
34.4443527491796,82.63565804066555,450.47888167951953,90.02635382942648,CRITICAL
31.471324842301573,49.180440108418864,154.3550034119104,28.454714584490972,MODERATE
20.738684755501197,53.46457712587323,46.0616657840127,14.10428788061413,LOW
25.12348604431272,63.49186275325827,179.81653810433772,31.66932719171186,MODERATE
23.4228944394872,44.94979423368666,48.090760935651254,13.616259797201039,LOW
35.45546903481356,62.473326653441404,280.92288538073507,75.62219228916068,HIGH
30.10627505714407,64.75981241753223,320.2218259100913,55.720068890086125,HIGH
24.02057345467495,50.18751117316594,58.20278327031414,17.23319637797489,LOW
30.286949084784162,63.63174302705815,220.75113571038955,50.48582414537841,HIGH
26.271659697700258,44.80124364382794,51.27640458691728,14.90613898242638,LOW
34.76614738272328,58.17528002211874,257.7138120912855,90.39230498440607,HIGH
23.464745870207842,49.310087767985024,78.13138321244602,7.714201716286942,LOW
25.853120138434118,38.03827712424088,60.22221823367052,5.542441387797139,LOW
22.873799845039393,47.862717227276825,54.20359268451358,7.406327500126375,LOW
21.70607454346714,47.57281930700346,80.36496171524958,9.683183836047954,LOW
28.12032105964671,40.80071406817919,166.10452369793603,54.81508642995891,MODERATE
23.761749932567337,49.461642000598104,89.61598802756332,13.89987137773654,LOW
28.69019651298824,73.00351101669173,168.67323140278395,20.763184693826005,MODERATE
21.438625497317865,52.39682213561316,42.79411341549734,10.296974538768092,LOW
22.907103884904018,53.91690387516297,61.862228968086555,7.76319010509712,LOW
25.38489554080169,54.98975493181851,285.038165864997,78.72327276211729,HIGH
27.14108720143803,40.69499746663064,55.715788988162174,5.681693118650992,LOW
37.292531842133705,50.90546431251042,264.4227069114386,82.70691785870049,HIGH
37.266735627884344,85.99324980186813,424.30258478962605,116.00526141880265,CRITICAL
27.896853108202293,44.6281967217931,50.4171987126138,6.320079555705214,LOW
26.884673326627095,62.97940769607038,284.62103969295094,57.95796482193744,HIGH
29.129026636585515,44.270408457920745,52.16269870630698,14.061327297527411,LOW
26.87867154242275,45.98812571891831,55.528382256521404,2.8651004476217787,LOW
20.328602619145794,47.27603499770544,35.47950936238573,15.022309463677532,LOW
30.267439242694994,58.24915939836529,308.0016436721593,53.737030526406244,HIGH
30.565049761816045,57.48234812542516,142.95211715255184,35.131463877869734,MODERATE
32.14903945135505,58.46521678099636,373.167937400978,56.88532045253285,HIGH
23.622262301391046,49.84258269392977,73.21602298247045,14.587407020600182,LOW
26.151270802557725,56.07863910546864,55.34352637364657,10.13882426856849,LOW
23.3071274956298,55.26853679359494,41.923778529656325,6.2315247125969115,LOW
28.873645277665087,69.84259174329767,136.4868408652244,31.010249097900555,MODERATE
31.429903505943088,50.807226421725574,310.82295504947535,69.52863716889273,HIGH
23.21927135080067,39.631476075791404,73.0988324165897,5.315640057186374,LOW
28.148902789618916,53.913128931865785,32.907697031928244,7.853047758626788,LOW
23.8594361559713,36.60356569030547,66.93568712652284,9.959932419534802,LOW
23.493542594765106,52.00802031195955,37.19240874366044,5.887962808413967,LOW
30.251192341822126,48.29825091747925,150.72232219451735,18.94736661176738,MODERATE
33.510768356872376,61.52033200691084,268.7934382325289,49.18286442385528,HIGH
32.27433274864302,55.51047424201993,119.93076700048206,27.481824400656066,MODERATE
27.957520923579363,75.88271791237163,273.58829090260275,91.47022246541688,HIGH
23.92804260761701,48.84536495125274,11.893423520050781,10.8197572946143,LOW
26.972077787030294,50.788076364981706,39.59354966015759,14.968554474510322,LOW
22.19109354740791,46.182619505227215,56.35015159805127,16.153861256114094,LOW
24.41131784177201,50.40388249713264,79.67168912566882,13.134420377189198,LOW
25.217364825827577,46.00590878836021,82.30509711758452,9.636415439671445,LOW
32.164730751890744,66.35346889568662,149.75472579230032,26.371587381555067,MODERATE
33.401255073745645,67.52465003357891,265.5157280414525,69.64375210200431,HIGH
22.67132364085401,45.77425397152341,64.77763282151294,8.498419732319077,LOW
30.866497176932967,61.78928385558789,141.71254844358015,36.046572033506976,MODERATE
27.292762064302146,70.38183502798196,286.57592384306264,101.30967202897031,HIGH
33.133450470803574,66.99336401030544,287.3675014776108,50.948348349136495,HIGH
22.25488178183687,44.713697890977414,22.100292992238288,7.822712830909003,LOW
23.569146893029085,41.02965841087113,53.85275134113479,16.895575312495446,LOW
25.31909766930555,54.521565481466254,149.15059993043198,23.85635653007879,MODERATE
39.04209608130685,71.22194060234865,359.7916987133021,104.13719311861115,CRITICAL
20.05459155161233,44.755521853096845,75.62363881826869,11.804917542087333,LOW
30.753328446936536,65.14253817325597,234.0025780774298,36.065250094196784,MODERATE
29.921220880293994,51.08534496623504,153.23058958484907,24.81817885537349,MODERATE
29.044272735940538,59.50457200110626,298.6062981897477,63.07203982907206,HIGH
22.63332923606373,46.969134559769756,123.51084281658078,33.31538663582911,MODERATE
34.1958381150976,71.02241458353417,328.2356330282196,73.51754668042773,HIGH
34.298055226862964,72.3553023339208,296.9242915399296,82.795006192042,HIGH
23.4190736517191,43.16525720608961,80.74829179466826,16.28557998780308,LOW
40.6446686965971,64.45699332576358,357.23316149415473,100.31428595345271,CRITICAL
22.32474816084937,59.54914581444797,170.38207274179805,38.43233276930937,MODERATE
23.920834570055103,44.81743701058414,90.38391794643236,0.0,LOW
31.016622528375393,56.31543812067598,268.3755839227997,63.23494249082127,HIGH
27.193406778308017,59.397044944304696,142.91200664906995,26.374442128250116,MODERATE
23.985127306708822,34.55808260799347,68.30797052330301,8.195995082212823,LOW
32.773160426927426,74.36053123375724,234.50482928282912,59.800587023376025,HIGH
24.884426373212023,63.76473797156014,194.62471733767484,20.814933641564323,MODERATE
23.8476086559521,48.51363385085869,28.323415256343136,3.5879996738862463,LOW
21.152884293246228,51.87241815702791,154.86275425676521,33.32532775946494,MODERATE
29.902729842857408,71.75656687773184,292.8342666864591,55.94176729267956,HIGH
32.14950706796858,78.74589793161105,315.38456507312105,82.00379598335522,HIGH
32.90326837497999,72.88158006468309,412.10350443490097,84.83950084394219,CRITICAL
29.650054913276378,52.86025497088945,169.2513194704156,31.783193304030704,MODERATE
22.96707862942311,53.980372487617956,148.25884416282614,34.98913679689321,MODERATE
19.50020782775281,47.42810197621956,148.16856042867278,30.51107380402665,MODERATE
28.748239321974296,55.57071195462043,149.02826169655688,38.833467057357545,MODERATE
30.579148636778203,56.285935038893584,343.8507721912887,70.4949851180226,HIGH
26.656634969045076,58.56755534244396,142.47843261833174,25.724235026299194,MODERATE
28.016885697723346,52.493620045525205,136.38726795711761,19.311505959556754,MODERATE
23.637553122416183,43.07010990814821,63.57787219479693,12.992009050943592,LOW
28.65818550269929,53.31530804954995,132.99004992176273,21.648674869420503,MODERATE
24.03930019027314,40.2822832700851,61.72902850411397,6.138173288352543,LOW
25.63881224172959,42.153512427804934,44.933394241969964,5.624611434810246,LOW
26.749815422935935,42.581556833963134,56.119859256073525,14.286527359556288,LOW
32.900605928738,72.10870211628459,68.80987411739751,29.219974168665942,MODERATE
33.940912916381066,71.23453437345668,464.64675041636474,102.74860186064018,CRITICAL
34.311259354819505,79.63305813266169,354.8953269729095,72.07532622060039,CRITICAL
22.71514664058313,44.175882078482864,52.83968269513969,12.192350816328569,LOW
37.319735366917136,61.33471367214008,343.87321151453085,97.02070449346166,CRITICAL
20.5560974609068,49.91604552104664,40.44622995813339,15.973206248503022,LOW
23.503492934735647,47.63383584250911,37.82495000248437,12.494705305916458,LOW
23.73829403523494,52.97465508222911,136.02755974783912,27.398724775969967,MODERATE
24.644077222092804,67.14516099841714,110.24821101523939,42.92344218542876,MODERATE
23.997973534926768,42.05882331913188,53.81288391231862,13.205428945422195,LOW
26.381049409911284,42.57086200594891,63.31659400328196,6.871688505326551,LOW
30.414796377085324,71.06184023714283,433.7283097058218,66.7636968049699,CRITICAL
31.548075373648572,62.85337748351888,132.44447770420004,18.82501672573771,MODERATE
19.365143499585,51.66092469529606,56.15542575810167,17.325201282309603,LOW
38.67258490083133,74.09542046867222,401.79222076903557,77.6031306957571,CRITICAL
29.028412154330574,67.49589461376122,180.24150788581778,25.24883736835412,MODERATE
21.263017132955227,53.83934607383682,45.99286288299841,15.920919475885228,LOW
30.623160351581614,69.20057632689654,294.8456296717282,60.70384362415582,HIGH
26.953587711489593,52.41550695971833,170.880143599446,28.848223126230955,MODERATE
25.1996535509213,44.61608606622861,68.80038021164049,8.184560566583254,LOW
41.940295850057105,88.91950269687217,468.6081728694079,97.24378629251453,CRITICAL
31.146982337689394,52.523189737028105,131.02331890958106,44.977877405091625,MODERATE
27.536850657027692,36.60964853585999,69.32732789012104,18.28433039686646,LOW
23.471991015464408,37.99348849440948,79.48217497983445,6.919487669437251,LOW
27.296493160622166,77.45515680077946,331.96983898265574,64.55781351101616,HIGH
35.607721147727894,62.07254618362282,230.26578216321167,40.330347825384386,HIGH
29.181447509880243,69.39461247129458,460.9424803533743,97.49199672049534,CRITICAL
22.553330680935538,45.39101439818539,94.57621479754837,8.606055687892415,LOW
26.303418317594684,77.16084897933496,258.52570169748105,79.70747109869102,HIGH
25.22315873004161,49.02607456326601,51.85607388877109,14.367625743047409,LOW
38.11173688011017,71.48815235250122,439.2256871747633,95.76013995291478,CRITICAL
23.7759188949247,56.73289889282156,151.32563504878757,25.67877156742022,MODERATE
24.26800895233582,41.30185768040933,57.68234563686595,5.977792236420316,LOW
34.177355980624554,67.18475284505242,332.74508173645125,37.29046532642711,HIGH
29.80212681475028,53.97148685118313,269.3527513998252,67.87919296832858,HIGH
23.58520804717436,57.7974148031205,150.43169079456698,32.78007447946468,MODERATE
26.76627027972424,44.37894810942164,91.93528002306783,6.838445385271106,LOW
34.761326077757886,72.05031824999912,454.77734372571507,99.01653041620821,CRITICAL
22.748527507302768,86.45179944255645,487.66421518338325,142.74681892511893,CRITICAL
21.414730396004217,42.48249694409399,60.20564127650363,5.971847102859563,LOW
28.479005759287475,47.869684204381066,59.80445255943248,4.820132086102271,LOW
31.228920432547138,62.6866848127151,301.65283399035417,56.8000385941514,HIGH
25.30223409911414,36.34519889492604,79.56756940654381,9.582355835457307,LOW
23.597727644316763,44.18280174729613,38.178286290744765,13.039027892072573,LOW
23.027155253601542,45.00628311649522,62.182035306408416,3.175612239128964,LOW
25.590460437287426,42.72997179285659,55.95482842416021,10.649624203370907,LOW
21.93896899522479,44.78192325799857,77.89331706010613,5.795296210931638,LOW
29.47347470425969,83.4724375544131,414.92029862391666,87.99600732788274,CRITICAL
23.2444290283185,37.778398710627286,41.39708043371269,4.159465880592878,LOW
40.429350335999224,68.40193501845664,445.64238174583136,88.27397160088157,CRITICAL
27.921753997206054,65.31382342209405,282.3783089441027,97.58927470997227,HIGH
22.814191971341454,49.11029378190308,98.48714046873374,3.48145563806282,LOW
30.289307322660118,61.66329418286439,265.02594857515567,46.74074828169459,HIGH
21.15478280304676,43.798723142265004,78.82495065169256,9.879260571416589,LOW
22.953973030878128,53.39000562780552,127.289113024486,31.641848733623824,MODERATE
29.439107210662865,55.808846662151254,155.6950918305743,41.52861422592014,MODERATE
24.822549915800327,51.16565460157189,144.22420291430225,29.27228084166937,MODERATE
20.93074424090082,51.07349699384673,160.7947699886067,31.090066450027937,MODERATE
42.82194617585515,81.83400394312622,496.03863533245243,120.3354858452624,CRITICAL
32.5525609028738,61.65815619545249,171.19140439273755,28.35814262450106,MODERATE
23.324325337299477,48.727509665370334,47.03373532753173,9.23557516088036,LOW
27.44617978954502,43.67715250448209,68.20044787205839,15.83114677884561,LOW
35.333031106280295,55.06609750278906,387.8819465318966,80.21954277884272,HIGH
35.27523799787634,55.65092091208503,267.01233045537276,85.21950554963331,HIGH
37.24183109983522,79.78958543860638,528.3074199252189,73.34089160555527,CRITICAL
32.762117027404386,70.9769148607933,352.7897587172114,83.2429592506615,CRITICAL
23.663004255655935,60.181990335570404,130.1110185909074,20.29572955321082,MODERATE
24.67341438351261,43.33588042841389,60.61578212999037,12.784829847344335,LOW
30.069714074231708,56.64622387539073,283.42425155151324,71.589094205457,HIGH
31.43756681196966,68.52731793633353,408.5697796203793,89.77932192746428,CRITICAL
22.18460039562475,43.941969119639026,139.98333565465612,28.594777566881145,MODERATE
22.78650231470487,42.593737095485466,52.92063695360138,10.607525933157167,LOW
31.43350890002482,58.417432478135005,125.78659438076033,30.756091946940582,MODERATE
34.64416442349334,60.19694056866919,314.5302413974258,65.58596266095469,HIGH
40.16356581055763,76.77281374133341,405.57445584411664,115.13211819358912,CRITICAL
27.36061421195667,45.47082046906207,52.69843261476893,8.161539655704297,LOW
28.669677384279968,49.259921581523486,182.9444475656324,19.656519567987417,MODERATE
26.300447516994907,32.086517612258184,96.32877978825934,8.298859211207562,LOW
25.14289845103269,49.35677433669332,64.92991088867427,13.98953833482547,LOW
27.521762280064607,48.133965257127585,95.36343935789557,13.604315360950624,LOW
29.22220535677568,41.55393534913669,86.91979227363123,10.107173772477754,LOW
24.934563267402616,59.38021180162711,142.40428363816784,42.63202489271911,MODERATE
33.807827923904696,47.68738502821544,276.14922940951186,70.74772289081614,HIGH
33.88347164115355,62.07276603890036,282.1954197265584,81.53717470180989,HIGH
28.768051504915025,52.66280621804513,122.63045626339135,32.69235379420784,MODERATE
34.117431494452546,63.91909575274697,319.4083433692427,77.15295057824181,HIGH
22.613838896023584,41.18859581326602,75.08136027962647,9.831412745149237,LOW
28.2605486579635,82.48648306886741,389.9271867754677,111.60775511311964,CRITICAL
21.38215104629303,44.72917571692293,56.927505368060345,11.518971502511842,LOW
23.011644556012776,58.98858564094037,180.94571324981104,28.508983488345738,MODERATE
24.836898737969843,47.06890246733873,70.48234693260821,12.245122105604867,LOW
29.970799493114832,63.16748213533167,155.58248681070896,18.046757547602667,MODERATE
24.388811753881136,38.1323985732791,53.517514855613754,4.362522449765833,LOW
35.663821259608206,60.1879515166718,439.33056738700895,103.86982105219417,CRITICAL
25.82540269873372,49.389644194798834,126.8746612062658,25.694638267612763,MODERATE
24.295916930849582,43.85568073315138,52.38024811806265,8.594386927978073,LOW
24.687824545505375,51.094195940176654,248.81562325104443,33.36810641968442,MODERATE
29.52806161193179,48.62972777559197,177.27184523415292,28.312301765034547,MODERATE
41.43665987531033,80.0976121739332,473.5144190597064,113.69839359039892,CRITICAL
25.222708840516415,52.255292356106764,62.42528478331596,17.206570417386025,LOW
27.635947649314836,56.760405717124726,154.11711386902874,19.990089715240067,MODERATE
24.442372970682335,42.50348927240083,66.07818633668451,10.085229961420444,LOW
25.326224762131464,46.002919725509045,35.39016795656403,17.16289095472468,LOW
23.838227092609735,42.94487490780367,51.208590190820345,16.176232192002097,LOW
28.333180210733012,54.247498918984924,168.5735395504126,30.59037585415498,MODERATE
24.67621184301266,42.35305351832733,64.54075675206178,10.816883702486543,LOW
29.142589127573174,70.68109082301233,239.21598281722726,56.98406687730266,HIGH
30.711792910505288,84.14096055047096,366.7021138095611,91.02167325186656,CRITICAL
29.28825189443905,63.49485851889523,234.4586949587559,76.66131690671759,HIGH
29.216837712370342,58.762708797357604,152.2076733305843,25.804986664496123,MODERATE
26.57981105352334,49.58882563035954,47.52052391039236,10.159327072892538,LOW
21.7435785885885,46.06590825972781,52.52113204369448,6.189853334817258,LOW
26.308589499382986,62.028590978442885,276.1707263308788,52.74578865772757,HIGH
35.49754725221058,80.85665484891504,416.39494020193706,116.537706211973,CRITICAL
24.638647094378683,55.7988229979703,112.11976463945032,34.315508165093185,MODERATE
29.754697579600347,52.6308097763066,181.8760054892975,21.019014491293476,MODERATE
28.14280484054571,63.19347965398728,199.99826724944768,30.330929309446983,MODERATE
26.13100635052371,62.69137335654081,121.73457009122085,33.36160405490603,MODERATE
23.63522696504063,58.266737586565355,110.6268344339843,33.41559688631348,MODERATE
25.496039421845165,48.21732931028061,135.77440152435784,22.273501446526517,MODERATE
24.204181249776163,43.163939261419145,90.13846632336279,7.122384721252098,LOW
21.917521527375772,45.436665419649295,81.29589735386526,14.525428609013272,LOW
25.11013944014269,47.52707450198535,50.28109478533068,12.463799748592297,LOW
24.943401330125262,48.39813827442403,72.09878960761273,4.156093570579438,LOW
23.949721275484418,50.8707914151154,214.8582534356551,27.97390712272952,MODERATE
30.457747736704178,48.36626098010336,136.5774256743097,39.992417343889336,MODERATE
20.876805909746942,48.263937685935716,52.86361412316284,16.15940594612098,LOW
26.102451947451854,55.65418819419428,44.683021971391724,9.22714791696723,LOW
24.427962742337478,56.89206462695481,143.25239137482023,28.039459427253078,MODERATE
27.213794146735694,56.14716538353228,132.03520963629649,25.558626205201975,MODERATE
23.91048471752841,42.3669039603203,65.83091355754833,2.740953005299213,LOW
35.57714459652982,68.42580366981943,404.603969558843,87.8776962593879,CRITICAL
24.0377236934499,46.06061806935542,51.301847256621706,9.936884318508156,LOW
30.49054889171478,57.50393257123395,267.5168386859727,29.16116807176504,HIGH
40.855705618057335,82.47357974196788,492.5471634753377,132.75442539341847,CRITICAL
25.641393943862596,47.73924337614064,184.4023381634909,30.516543795099125,MODERATE
29.904706071967738,80.78316683824384,272.944369418691,83.7046803616218,HIGH
21.954100143638577,42.09001153025479,41.406373937426444,5.080222046967106,LOW
30.410114889252934,65.4189305855211,305.0307610737976,38.996584327991194,HIGH
23.301811673320167,48.19440783742714,71.17283110611385,15.483186243055362,LOW
20.629087622871207,55.39989329417492,156.02120574484803,21.725913126879064,MODERATE
23.277963130547416,36.94347630430494,72.08672811016712,7.745099396408816,LOW
25.612263458138745,63.648350182249025,148.77251514679824,30.63279856436657,MODERATE
28.388600466764714,64.4452263391547,169.4358245245952,35.49493569067885,MODERATE
21.239514713377673,39.74328700980517,56.31022691521573,7.096543830027098,LOW
20.25564851825885,36.92082472119515,55.382539967833196,9.722294532724462,LOW
24.15785042536645,42.39699815454974,79.63032457272926,9.35349694390065,LOW
35.81285504917877,62.38136064680351,415.01380033445537,80.28751801342634,CRITICAL
32.01947673107724,78.43766730136328,346.17051143935896,105.29403650558875,CRITICAL
25.81519113861799,40.41499345269466,60.31951749972915,10.736587891646295,LOW
29.07467975699945,66.80007709436056,574.2454371004844,99.5380543208805,CRITICAL
29.252349569955502,42.8490142282851,290.84143206052687,76.33698664389506,HIGH
29.587828233245478,72.3892332429513,201.24030408192684,46.49800302920636,HIGH
24.742995487599543,52.942931717684885,112.08749041780435,31.71450788737206,MODERATE
25.098380988466065,46.20239700288175,63.72042130492842,4.214770581879545,LOW
26.007400794586673,53.833811846452676,181.4479312917243,24.24451554786484,MODERATE
31.33342589811928,60.2694910615506,120.58137567697734,12.509654034984546,MODERATE
24.22277012266216,40.52881517507122,81.12412218760085,6.553764476488762,LOW
37.099561457267974,64.9775745154661,413.9785499716113,126.78274367826722,CRITICAL
34.742279010471044,74.06881886404798,280.3482250489729,32.28562073099656,HIGH
38.05333644953796,61.04773721743241,402.03190762771777,111.76961227378065,CRITICAL
22.849960607091173,41.13907374550122,59.05597620308099,11.40365187924041,LOW
26.09853669777162,40.20513700182917,62.162896800822786,11.780850840988077,LOW
25.679419873119933,45.8937512474541,74.19922283674093,10.776416432195328,LOW
22.73521648630129,41.21536976885266,82.03913663871798,12.54204177808133,LOW
35.72345369861932,53.63601551818117,388.4332909965321,124.22055353239811,CRITICAL
27.353738008998093,33.88533127435852,138.23239145591543,32.7061777906177,MODERATE
29.887067134003093,53.528195737586,145.03032562127552,19.3430605647211,MODERATE
29.953699750408806,58.36916892175125,360.3151346439182,135.17369815607944,CRITICAL
31.659632089070097,60.89202999041555,199.42520412466462,78.1055837490159,HIGH
22.890414646416684,44.67231071489963,64.14881358173739,7.0941215818845205,LOW
22.397813415329125,40.50745207428203,46.084317087208554,13.880234360830414,LOW
27.902937823314478,56.10807926052541,178.8136523241501,28.93494502610455,MODERATE
26.483339585717705,58.0407476860936,104.91176738258278,8.89377538967113,MODERATE
28.29354937811769,58.328516332063174,134.25202455735962,41.91777801768298,MODERATE
24.84175803934474,48.56781735002447,90.93732287548399,8.731881520840666,LOW
22.50556384675403,65.86656904663731,162.6423272114562,33.62448884715442,MODERATE
31.975134223558896,54.58142875919974,271.18433912531606,51.35304627611885,HIGH
23.194820794490784,41.477853653597705,34.92091490360285,16.370006534689185,LOW
30.323583895899286,71.06110263612594,301.1980273682226,68.85967025838866,HIGH
27.40180423127597,59.691550198941144,172.59336902633325,31.301749880262424,MODERATE
35.591193404361725,61.176787681812534,297.60911201923057,70.79471775034693,HIGH
28.576532844065518,62.16918383304119,257.85024160709764,44.58617213705588,HIGH
27.798668953903686,63.86160508904019,166.631740055209,9.203724013038094,MODERATE
25.325544642312845,58.17156052281434,149.57594222368115,28.458498991305376,MODERATE
26.93272707519066,64.4108348046317,149.41019438744738,38.684289065449605,MODERATE
29.001136642750957,42.49366825909226,183.4989796848482,26.336789646915296,MODERATE
24.08240150027876,46.70448169687721,209.29166210493597,22.344135465295086,MODERATE
31.35526096430956,61.63903953311863,277.9827002051407,46.78467704856165,HIGH
21.83451937220808,42.627337234116084,76.65539215145236,11.01676270623063,LOW
25.70297625382774,44.95740142854515,50.24066516863191,12.986705215635723,LOW
23.50301598028286,67.93466798014722,149.48137671327038,29.348918364142264,MODERATE
26.35993147891518,41.85072895114776,32.19036254139112,7.285289352416086,LOW
25.664264322914235,43.469906084040836,84.71859254952854,12.99176891528753,LOW
23.668180289797842,46.9759063916726,45.026034906051315,10.018020262037403,LOW
21.93910128417438,53.67475774202472,140.90831443902934,38.22454415968258,MODERATE
25.85548194088887,51.62771746844789,178.80212891764802,29.65162744508086,MODERATE
37.64885352762555,71.30799305229434,433.1812283107427,97.91862381261083,CRITICAL
21.335604573417974,40.057824140572,68.20241853398858,14.903025794894484,LOW
31.123413647971248,54.01905410100396,93.48375114188511,5.986177264885292,MODERATE
23.960590288309195,44.604611773146694,71.39760782476758,7.802051289756146,LOW
23.173827224678213,45.20166172146946,64.153910309195,6.843341202910377,LOW
29.135809684827898,58.04226110140077,255.59238207392696,80.0477624598365,HIGH
22.610972993860457,50.556646502691265,98.56947371907744,10.83873053723579,LOW
34.10823385172437,60.154881986733336,281.1985381214305,47.04437518414418,HIGH
22.747619261748554,42.58268425694619,46.50188943515394,8.85161276721773,LOW
23.76101617912001,33.81376081346769,46.56982983182725,3.9224025897669907,LOW
28.509952092162564,56.79583755297916,126.37786820101837,31.97483143304973,MODERATE
21.723549100499497,49.45157951825358,74.72449956702789,13.795581924334023,LOW
26.35872462538616,42.038506492031594,71.76302378769324,7.956349352933299,LOW
25.315288570443244,72.28278107024776,425.0099481731765,96.79900765272322,CRITICAL
23.51260174402417,51.05493134027252,122.8538217004244,25.48978416803623,MODERATE
31.434095382980892,50.09445172356741,128.30977371830392,20.742970811248682,MODERATE
30.363013220748908,54.25812740007849,108.11702411079361,19.546699476349986,MODERATE
25.098675836892998,32.60313116987311,54.21642161031811,16.473183558229536,LOW
35.46891427237187,70.19236903164547,231.2074179624089,60.902601893074014,HIGH
22.094976863812988,39.18079186313435,87.12183465813409,6.0905575212281935,LOW
23.127031043269966,44.84616402070097,70.1131995282943,7.605765308381285,LOW
20.860710901354853,58.077951718902455,75.94409626285092,28.18522618641234,MODERATE
25.244590612116752,37.209537126228355,38.94604087031669,7.24531183870946,LOW
26.60560507232249,46.11729517414881,23.42520257921334,9.947105696605767,LOW
33.86785127651606,79.72788871247747,432.3048287079412,94.1669148120221,CRITICAL
27.40023924471247,48.328472443390154,132.64972125415363,33.832993743704684,MODERATE
23.923879753115983,48.32438901867522,33.99937185924797,10.982094323980139,LOW
26.458455161252363,41.75724914382746,55.65052289107733,14.235257868531178,LOW
23.673475856138193,72.86143291303085,117.642217099898,29.48239934760381,MODERATE
24.535235018062227,43.86153777596161,56.67431333052645,9.060272534848178,LOW
37.45065764326819,63.24007265829298,306.8618946770393,60.31485999245753,HIGH
29.63366901199105,52.601233696086,272.7720486945654,59.30189283952798,HIGH
30.21319952966194,69.8056754020063,370.5857743285255,133.85060788023617,CRITICAL
32.68689953417841,72.76129178724784,273.42446898630664,45.724645986833444,HIGH
25.71952812959216,37.43643588720086,67.05647899907842,10.457396439282386,LOW
24.943169615691776,39.39797529349259,42.44049277773466,12.85970853640161,LOW
22.749554523984557,70.19004238307092,233.36824203690543,71.53990229067355,HIGH
24.033524914523895,50.974594989981185,62.76835824965164,16.34971731256459,LOW
23.98357003916702,49.03896963024881,56.57258837381918,14.608875986610679,LOW
33.208113454886664,69.85538252990571,158.462159886819,34.420809442836934,MODERATE
30.251210404130532,63.19199986879988,489.1030402621699,110.47976945745998,CRITICAL
24.022246605762323,30.683751165815586,56.56987833977398,6.9878130432271055,LOW
25.990061556768012,48.460081404779466,67.11825567838454,4.010613005118929,LOW
28.888193836570153,63.71634857638111,213.54629437290592,16.45951461142713,MODERATE
24.773200088527066,56.20755031869552,150.40205574654115,28.127343415358837,MODERATE
27.69575736645765,56.67102826085915,233.9098628005881,59.95541377603618,HIGH
30.854285533602187,63.67607844295306,244.6068198700414,77.23272755678674,HIGH
34.18794209209541,63.43960119036454,278.91123002958903,57.12104633445605,HIGH
25.424462612264094,42.53199460637821,69.33141532562395,6.749012155817035,LOW
25.26028251806422,60.96175911260335,151.82929627300996,42.16762986712851,MODERATE
29.095292906752526,69.4540447862199,343.84639785811277,77.34530211143445,CRITICAL
26.987463619762025,51.64223316307019,138.39112208083705,25.222098685389284,MODERATE
24.79348287707089,45.74506271341691,173.88151852458984,28.27395501321743,MODERATE
32.89517744482346,82.61385761781114,479.5208531829618,94.57328335595993,CRITICAL
29.224099592792715,59.024243425397515,107.68169697867219,20.972514909562236,MODERATE
32.786160561936406,62.90538245491403,272.7032310561123,41.319782632174054,HIGH
25.566123262297303,50.29372079896525,153.53508226552893,34.667745013054514,MODERATE
30.939948909907223,73.92322130477557,242.65122503591013,41.550751590345016,HIGH
20.804556564251516,45.08803900301462,45.95182575884402,2.1829144529816578,LOW
22.92487657378924,35.174284182334816,76.16709222913121,7.0855425498428595,LOW
24.799816995965852,51.21371616816042,160.3449512843114,34.74575504563288,MODERATE
30.730776583812013,69.22893377243666,313.5532873115539,67.80796793993589,HIGH
26.66411515530661,69.79339325423992,281.8978164613518,59.20937806709009,HIGH
21.144332734173368,54.864217892189316,59.599080984579615,11.270072714011594,LOW
25.998781262430008,63.88312081227376,295.06352081017565,74.46715624963632,HIGH
24.422380476386746,52.666709243339,372.34088306934825,49.70449622719038,HIGH
22.131826525164808,43.905264541632796,71.25374867279827,6.719222213676505,LOW
24.15145671613682,47.76510507779802,55.183073855655735,12.634881148068363,LOW
23.73742812475357,55.378276744495416,48.99127544917588,13.056384157406839,LOW
23.794253781952893,56.49666793246132,150.2209781355112,23.17446258978524,MODERATE
27.438868638325552,54.49189136884948,147.94267592823945,29.279917928611045,MODERATE
24.279668190029962,41.13651472581732,107.82257084646,4.362667018138737,LOW
29.482773686269176,81.3239473145963,220.59394075101252,70.96291217180554,HIGH
36.33440921869819,86.12708846349847,486.87061478608985,95.98086346959765,CRITICAL
20.271795935695714,45.59455805113157,45.70819029902546,9.254470296157933,LOW
24.809744573438152,34.82058782654635,62.669122922248555,5.093977627909802,LOW
30.46419630763549,59.11542562139535,184.47609413011628,42.477817060010324,MODERATE
26.997943324881742,36.20696606292659,73.42980602180826,8.026649141600114,LOW
25.228939734608886,50.669709151015276,76.47483095963781,10.859439555579169,LOW
25.053733171399806,46.82258445310315,69.74440511254764,10.815997844442856,LOW
20.745584386899143,44.212359149481685,35.09076311077945,11.10680807041954,LOW
23.051830436106062,45.76351218178329,73.6167608685895,1.7291082729339013,LOW
24.7290313185457,27.61803164605635,42.417447124650515,14.403431893525157,LOW
24.7486364547402,50.29318583965907,63.87187621958635,12.22157962976926,LOW
24.231625365844184,41.20577768150507,82.74270019528164,16.086237638008807,LOW
23.183782476644275,39.277355763809474,82.98552589350294,12.175628810365652,LOW
29.099103745164562,68.40531050109412,231.16248731521293,73.87687298510644,HIGH
27.262091087815904,49.251144324658895,35.123612106819806,10.789320523784086,LOW
31.525553638230864,74.46736584380805,497.74383934905376,117.3426784414717,CRITICAL
28.801391850314236,57.08195371407342,335.0856446125828,48.2576992041985,HIGH
23.868706910280846,51.215936840315536,71.05682342445445,11.82825965670745,LOW
39.860016076327774,111.23241638454539,458.0205154407604,106.99344415093672,CRITICAL
25.08755565204854,53.50402836236887,133.961992791986,29.871377323785214,MODERATE
26.49433383473847,44.04700370119048,38.25096099601451,15.349470571609652,LOW
25.820498723192934,70.69944094794428,326.15590079050594,31.037282330914636,HIGH
34.55818395476914,81.61059820177756,391.6339378456706,88.35716196052127,CRITICAL
23.063355253371682,48.25232790329218,39.99271821045737,4.590667923054406,LOW
27.75755973095164,61.45719013265345,134.02220997235673,23.63915758016204,MODERATE
26.43112370801659,75.011685673445,339.42271183670726,77.04125319972505,HIGH
24.550428489823922,53.5296095890126,111.14880969505802,22.306448009971227,MODERATE
25.298698228448313,38.70255104079026,72.17019483540135,11.817213222959225,LOW
32.70740932560256,73.46864842987503,301.4684915918595,78.71900753576062,HIGH
30.63476662866726,64.68813785417976,269.0312523879123,71.21441282443416,HIGH
24.784514154142297,43.938336712671976,46.756858562787755,14.388744296624935,LOW
23.944158424801774,53.644187208452635,97.70100966877916,30.282964914779544,MODERATE
22.851066099289323,54.50760113882117,39.189225848241975,12.825571806729341,LOW
39.30907161486675,74.71615096112009,357.62622483171697,77.75875646831089,CRITICAL
24.938997798258274,49.96317163729307,140.21059633586268,29.182023256914505,MODERATE
23.286611341612712,50.22429342706865,145.20983751532555,28.436118452613847,MODERATE
27.696739778171573,43.70487131628403,162.54544084760295,34.36530978195183,MODERATE
21.573206651181597,55.548328171880776,40.74208955553737,12.643088825663733,LOW
28.80243164708931,66.9480054691713,166.84916616423106,25.530686183651735,MODERATE
25.10670164986764,56.144906079766876,111.2074917595263,21.73375018130598,MODERATE
28.104260125742616,43.08326564116279,164.91862104001993,23.44456818721362,MODERATE
29.944106713526477,56.01102184360011,283.41120510816637,52.17270998489784,HIGH
27.0015906225993,53.93826363834699,167.75403056793024,21.960420486397656,MODERATE
32.225054738324914,56.20263433592953,230.49954308127445,76.71458443709243,HIGH
21.49234091509418,41.28518374235198,43.73283199296624,17.10527719216232,LOW
25.73746546198418,59.033362825404446,109.31441442207512,24.618830790484058,MODERATE
24.904461498291827,44.41524524691933,64.46424319285606,10.313345839812506,LOW
30.111563223427318,61.58988101857773,290.4371878882865,70.75141824879239,HIGH
27.464208849996822,57.008577190854496,297.94968126766304,85.6034262093923,HIGH
23.176663175046013,46.346042732656656,39.53721439475829,15.235772626145854,LOW
22.6610855735789,43.99922720344275,50.51334782285492,15.246679907267335,LOW
31.46609723834678,69.58981165321033,246.6655028305956,67.7119325258922,HIGH
22.337763536938137,56.76887542144327,148.62713805170583,31.039730336927974,MODERATE
27.777509618850246,64.36140257973311,114.6147776374467,27.26278131599664,MODERATE
28.442777603183732,58.21583887339459,232.60731647020012,34.913084192933646,MODERATE
26.078783823442475,48.04961338271902,140.57047712299098,35.69568137074723,MODERATE
32.20975411179664,63.285244905622974,263.1788821534161,62.48199857989411,HIGH
25.681454856340835,38.96255010197263,73.72216606976609,7.397115076975082,LOW
26.424102772612535,65.96051984467289,137.45776113056564,31.428894727158266,MODERATE
31.50416459950847,74.3442865011575,405.33783134572747,94.72373033188053,CRITICAL
26.224029196273587,41.408695591438004,70.1953418880889,11.258380008124577,LOW
25.038338876852883,36.51892074145383,71.30565290697288,7.971233427476608,LOW
23.117160151120984,55.85667626523371,177.8085125391186,23.544276575819033,MODERATE
24.909242047134978,47.87770994188163,16.184772628646883,18.061625455131093,LOW
37.78767464981185,73.70813598004185,317.95555702962656,118.4944412250048,CRITICAL
28.63179508255002,53.468392508160896,157.14118137349132,23.800028948726045,MODERATE
30.24648384216931,95.21012482805271,543.0871749242857,137.65399170933023,CRITICAL
23.830903283532717,51.99928023448325,58.268823031029704,3.7859298310187723,LOW
39.51529785169002,74.71794803110109,352.61486584678676,93.27598646842053,CRITICAL
33.83524255785393,52.17352826508656,292.90738915660046,53.188293131084365,HIGH
31.715065279835716,62.32960491750375,317.71850974414156,47.2535262377981,HIGH
19.224715583018217,31.893919906032465,92.36746337961323,18.334392976398675,LOW
24.528513702280463,52.91085752156925,176.20722607459092,25.88488784142363,MODERATE
30.96173184855625,60.449498639337136,256.3213264303658,69.10649220359711,HIGH
36.80691738249406,70.75578936315736,427.00520175565265,132.67925132337118,CRITICAL
25.839608680383986,34.24780286469703,51.5334657544693,10.110754484304291,LOW
25.12014375022033,64.23032110485778,345.55099829123185,54.00971432626379,HIGH
27.99521695516662,56.29155987605946,196.97311426363243,33.58779048058585,MODERATE
23.279983285380176,40.556847532498224,55.93698252564656,5.363587626529593,LOW
25.842365661734263,50.29747770015767,164.95975228863006,20.85027377620569,MODERATE
25.56498783452592,63.11367510865929,138.21787265311298,35.05527733246339,MODERATE
25.487803747428973,45.65968135288576,30.058846577821612,14.035174156968528,LOW
29.368548232064438,59.831725338081995,126.80110556965974,22.681636758597627,MODERATE
33.78700388235794,83.42786351519847,410.1989481425337,125.46819554896577,CRITICAL
24.575949987428295,42.75593280755835,64.1836970531073,14.771410859810837,LOW
28.593523331051564,55.32452053374794,153.73812128236267,43.787286055506385,MODERATE
27.238211445587154,56.50117861555224,128.94388489347094,28.616227629880374,MODERATE
25.701227179138257,49.49532538146551,40.03333699371881,13.907930922714526,LOW
22.026017288644923,53.01830842459153,86.33902194128315,11.05498792936264,LOW
25.534898417488865,53.37463291687351,73.10523345777105,4.689246890245725,LOW
26.131313778960084,41.94285476836341,41.46674869756663,12.019253721616336,LOW
24.659990707997917,49.46044104766958,49.80404601605768,5.535568029262651,LOW
25.399836434169078,56.022670500126786,109.70020689113207,27.9825382042029,MODERATE
25.211865015293593,40.26985217476039,38.97124135227507,10.06305475900717,LOW
32.215525420577656,60.90272124510952,293.40209991189715,86.03297659786392,HIGH
20.73370412836276,46.21920202860385,96.79122548182696,4.850436747537618,LOW
23.54732913393573,45.57529775565038,63.49653875676789,14.559887944251699,LOW
30.83177867163614,54.176410388494624,139.495896780761,24.646536135691154,MODERATE
27.82734423577752,69.3780020193029,163.74706431857584,35.49397883329344,MODERATE
23.51133321745266,50.907848929999574,96.15648552521677,15.951791743187279,LOW
27.105451738171528,56.46803239987126,127.39478041715236,18.414659829578746,MODERATE
31.149400103565814,62.66406190858658,213.8751232876142,64.4774726933037,HIGH
21.65430228943184,42.77892593627958,54.222845987105806,7.533451440302134,LOW
25.291295313720063,49.11360807431223,280.1478603002091,66.34578065149228,HIGH
32.844105966883625,66.73868575416901,419.5976127017779,96.16843729304007,CRITICAL
23.351545500149616,44.68088908969753,104.55752651276296,9.220959093077253,LOW
25.292618866772706,49.38840986230929,65.21077077740254,10.775363177642038,LOW
22.848012195532455,46.95311281703561,96.51562507364265,14.84272763585423,LOW
29.56748939431797,48.91576863888543,142.18463537400845,37.582798753472446,MODERATE
28.687401483713867,61.13129352461474,378.16191072453415,66.34765749676562,HIGH
24.413714634551585,46.47708169395261,54.50116402212185,13.770220566040916,LOW
23.894993309577398,52.532846134456946,177.45235573122662,28.963610897725378,MODERATE
30.028626461608205,62.72417243298758,136.51073727983584,31.698932223903565,MODERATE
22.2090381790426,45.74499139280028,60.565322176437185,6.132495633077462,LOW
21.86991126008888,47.73035914147926,24.5824944595458,5.9536910817592155,LOW
28.25706181157394,42.380865149617094,150.9518759560662,43.11619212597939,MODERATE
20.388184861642358,46.79045760978573,42.198516665151814,5.227455857158968,LOW
34.684873470799374,69.79727099376287,247.81865821827037,74.87047596374003,HIGH
24.74116260470028,49.23275918709125,152.34962075216794,28.37737629072,MODERATE
23.650560939787724,45.13444344593452,69.72235740524803,10.597324104409532,LOW
28.20524483941435,60.782864805569346,133.31922327832112,29.524778154618595,MODERATE
27.69171796819793,79.43761757004755,219.7380261367191,60.16489544313369,HIGH
28.375853993738755,41.97989982691709,50.98485918248641,8.517005040240324,LOW
23.34311644219098,44.202679172265604,0.0,10.22863934400731,LOW
34.11570639223718,75.47248758623522,271.5531372373691,76.42720714343537,HIGH
25.534684685392207,41.565145205192536,38.67544557365901,9.257645287183799,LOW
24.362011073461694,53.97892888607028,46.52281115131552,14.19140441819196,LOW
24.450657342978406,46.30009697195649,71.90685121063511,11.00296247964531,LOW
29.640920856277692,67.12159616027776,132.48589733231645,15.318143388439742,MODERATE
23.337639211895702,44.21338286426822,70.01119960315822,8.174430280697607,LOW
23.799760966126826,53.818523627910096,60.54125287404447,5.057305676740159,LOW
24.2784598433192,38.22343199585413,31.878537235365105,12.542143963736041,LOW
25.89559039831844,57.055615038061966,155.64364932586503,34.81935508775268,MODERATE
19.18263423741832,53.31650729062324,165.537125645344,26.716347271687884,MODERATE
33.25209994503423,65.6474018660173,347.856373775569,80.7778075319357,HIGH
26.405861487825664,35.04773126359045,140.20493409328424,19.173848858315786,MODERATE
31.458612133360006,70.56684604821422,342.85017123766863,64.63222798459245,HIGH
24.46490289043981,37.1387016377002,49.88270624801784,8.509013198768711,LOW
22.1055001995414,43.21214470314362,57.10127494567044,8.207516769377825,LOW
25.28264277693071,51.99940281062375,54.04154673999841,14.810110270591608,LOW
22.83484709703043,46.5033881973615,150.2763507789627,39.61902493262205,MODERATE
25.569919785106688,53.487874312834634,167.18484370162963,26.17899757316341,MODERATE
26.96381420992693,60.42623111058303,332.98577888208996,66.27296411869867,HIGH
26.472287945457868,41.488718987638876,85.55920043068438,15.614427911600401,LOW
21.002900945256624,58.73700369207453,66.97096901276183,8.70445190111764,LOW
37.80921114808539,86.79844514897796,383.5708716226057,111.36946825548785,CRITICAL
28.999003187223703,54.83938241260969,158.43027766460438,28.82920220927624,MODERATE
28.39530647795586,71.32344171747387,347.03668165336467,57.20664297525881,HIGH
24.864367249320484,45.04858686809315,32.5212767994351,4.79361059555763,LOW
20.582985829284205,64.8562151093393,161.0310968753914,29.760311612807026,MODERATE
21.5283874349388,54.983610282691295,209.1146989645193,24.410846433015344,MODERATE
23.040195184650077,45.3314355557332,81.86430928007277,8.616193479333823,LOW
31.254211662374292,55.318904747795166,182.7361527175849,24.518008852922506,MODERATE
24.547254549069223,47.60872575728795,62.36932760572515,7.978100072013994,LOW
25.6722292860319,61.716822438513496,143.90828498794014,18.027942177648804,MODERATE
21.819845543038728,59.32579530287759,115.45487065879666,32.400686206708535,MODERATE
23.870582810180444,47.63043122029421,62.84946366762947,0.0,LOW
28.27530940219029,66.48197967528499,200.59372849747493,19.094795891317947,MODERATE
22.301655558876007,65.63919552577059,180.38568624445654,32.8047030949054,MODERATE
26.761262200698948,52.267951168560835,80.84480453981018,11.826719439129038,LOW
25.534249664035116,49.896251431530686,56.56852554734473,8.595004324663034,LOW
41.656464435078426,68.25543797176711,405.5142828503614,112.01866152909396,CRITICAL
29.43290092227612,80.06816504275236,298.9942869495327,72.43936771858775,HIGH
29.65281512426623,64.29254498846177,223.6004996940267,62.58709338844991,HIGH
25.495698708386342,47.519980500419955,55.01275247330628,9.598305168728608,LOW
23.592611739330305,56.429175072167666,170.98529419376234,15.741807380742067,MODERATE
20.651875073476866,44.294433096890806,39.058960126285925,15.72498631716006,LOW
20.699620216069235,45.80011284957789,52.55334635962519,3.9815790853442676,LOW
20.01700187510064,38.78255416450125,49.646071132425874,13.208889568620561,LOW
34.30834674198272,63.773809676302136,170.77112898421797,70.47194229705983,HIGH
34.7013712234407,68.70359207794976,226.47237560476964,57.64570194920219,HIGH
21.166540930671733,38.112952631097684,76.96592792097512,8.275363020777888,LOW
27.055942357446032,47.76633586887084,53.127579041210794,5.416900656401938,LOW
30.926644543760176,76.17862449975595,320.2135095074248,57.70737813671472,HIGH
26.89262979586784,53.77510399571987,26.21551242982678,12.19912104392877,LOW
21.933353674122987,46.570476568303185,35.7072577622449,8.1341785814156,LOW
25.500626207532004,54.49965054436606,119.5330001428354,42.585432230986385,MODERATE
32.383689085146166,53.879440216453865,133.53630113108673,44.067324915944226,MODERATE
23.64341595602175,49.32028446298389,37.72093545064899,12.8451787391746,LOW
34.807975954113495,72.12035602408113,338.4990258794907,63.45409339288226,HIGH
43.439941656333446,61.2597394603023,341.54178066194055,116.30256081017663,CRITICAL
31.568652537742494,72.99442959761765,190.18887726376187,58.00637052946408,HIGH
29.34123287468598,44.1693807138769,111.66543461902059,34.11220163969122,MODERATE
34.36412756708313,80.13155253697659,449.57834917802006,100.69146281115056,CRITICAL
25.129782813769285,48.6785741446505,76.09243925562465,11.24826569631559,LOW
29.07102048410754,54.99033243840161,135.5178766702997,27.642913302450303,MODERATE
29.66653133656329,45.07319686493986,120.19542195580745,27.36981692262644,MODERATE
34.16284164727855,51.87327357402219,340.81061899386185,83.89188303777158,HIGH
18.95708345880711,44.56667026591654,80.20363936739679,16.36504787920081,LOW
42.00791641865186,54.94860843764969,399.7572162393892,96.65578661568506,CRITICAL
26.59660493187956,50.72534193260037,35.6900991225739,13.450476127195687,LOW
20.657531229440817,32.59791702718988,78.68380722037398,9.279602796083022,LOW
26.375484213873694,57.54828756779242,147.51446619997358,17.58411077499131,MODERATE
30.012653906963678,52.65235783828573,141.14716032293137,32.875899157705405,MODERATE
24.645352873073936,37.0156053788354,58.73038409678701,5.325714000572565,LOW
35.93716784085463,65.47380715427643,289.33329184305256,36.84068194486148,HIGH
24.922424237408695,46.16481759568503,21.2274632156333,10.828551666628325,LOW
30.851285994596097,50.4133821674316,82.73793839592987,22.025833985558755,MODERATE
37.9468355111199,50.54937070444214,395.3403946960058,133.5159094715451,CRITICAL
29.688950448529273,43.507411665142385,101.94031460381032,41.49793966276187,MODERATE
24.206548724418287,38.29108303135802,61.81407112110416,5.416249726639615,LOW
45.91132283947269,79.35546948298797,385.0779487996151,54.326833390106835,CRITICAL
27.10972366205427,38.82484894037356,53.32497212964278,12.621303898316713,LOW
34.201652315344646,71.35799817300568,423.9391565680876,92.44724366721566,CRITICAL
32.23564035260162,66.48233214267589,375.92223879513625,71.14388343289602,HIGH
21.857429646553737,48.150943740181624,46.98633576118094,11.581813053186231,LOW
27.149606532004423,71.85128005032355,192.83939307325358,39.417962662632775,MODERATE
27.52672163546009,36.3781842151847,84.66509612383037,6.035022752001908,LOW
32.684177332185,74.86576132408578,228.08905157431172,57.82437171251177,HIGH
34.254535981217145,82.68628855111669,608.9760188791486,113.3864141705176,CRITICAL
27.110475008083014,62.39796869131516,237.68875512870443,71.54569708765592,HIGH
29.61049538642513,80.87964011027026,246.90487063420477,63.32796504942556,HIGH
38.56821957507931,86.49818869388879,443.56730634462815,126.01825401575994,CRITICAL
25.836163920700763,50.428374900938394,87.23196014556365,3.32625603108583,LOW
29.469422908101905,36.440448640830226,164.76018521365052,38.47843539945094,MODERATE
25.709429999664263,47.481038569320674,134.3535864080579,26.059451984305937,MODERATE
28.78696546664651,62.83196172089285,267.26030579547455,91.23784659805479,HIGH
36.37660086476743,69.80805330171329,387.57223232871985,70.91258924534756,CRITICAL
21.586003440694,46.10218100856042,79.37112579512254,2.8533418924179283,LOW
29.532437162598605,72.62150615279805,479.1673221538933,96.0623519678405,CRITICAL
26.91045679278463,47.74740558304745,46.31834659529756,10.635661143342901,LOW
24.840964025472,48.09204092443655,35.391125391027856,10.700597669543095,LOW
25.089354794344224,49.9880823061148,68.59409287424289,8.78722658648099,LOW
22.2538744473795,37.076868039783,2.4848396779055975,9.71943619305138,LOW
28.193263428226054,41.20140824168943,130.584643473015,33.762159246915886,MODERATE
28.227770245838585,51.10084183452371,149.01575070660007,34.76126405133485,MODERATE
24.184984822641216,40.11593823072753,51.7553004771663,12.547821452347833,LOW
26.465800210079383,52.29881131146968,146.89914650043107,21.92573976600498,MODERATE
32.56222784787893,72.71305138790919,199.35212691258295,70.16496625296703,HIGH
28.78773314028697,52.08330874926754,121.69510890747728,30.647824634799914,MODERATE
27.287422533467698,53.73905758917704,117.52044827631728,33.38150633047081,MODERATE
31.602466376385017,65.88794916057006,355.56622694857475,56.25869701597246,HIGH
32.06390212311265,84.98055515660785,487.8352152544299,99.13897593196235,CRITICAL
24.93807177349218,39.73636535315659,53.265181300994236,14.531049224426607,LOW
30.767838394482837,73.74668419028552,431.19376405270816,94.84790821848782,CRITICAL
24.46732748681065,44.629126854581706,81.43531879664562,8.53914586064466,LOW
20.66453520883403,42.2780757225266,78.88326753079045,16.280790882358684,LOW
28.330535091344053,69.53957144296368,251.96347472870292,61.239909151424484,HIGH
25.367693455157962,41.242019739250196,110.96746693182357,30.079644685762247,MODERATE
30.10851874810804,53.863227870048064,353.79725530895195,95.31199632671942,HIGH
30.679878436661635,65.47622607892139,434.12172740208547,85.79192536006295,CRITICAL
32.410407983867415,51.733180165914604,141.4188761328866,22.459765862178426,MODERATE
17.473466594951947,42.34321607081027,59.17405030556174,7.355690680596343,LOW
30.606081851911423,45.1157234098434,212.80459961312414,18.613929405171874,MODERATE
27.449483095607082,51.4740923202033,137.71899210972492,29.73189767471749,MODERATE
24.239536945885423,53.362420296251265,126.87981531217216,20.279603783409016,MODERATE
21.70005073460912,42.47907052349689,67.78454829843147,10.48284141671185,LOW
19.579093972560166,47.81604579728513,60.11556429343834,13.262681369487868,LOW
26.50502474959447,56.208558993997286,127.67792361244545,34.90943983483563,MODERATE
29.33047931594795,54.83778589034723,135.38813886506733,28.13973440442619,MODERATE
26.594607520961002,64.40096197949107,81.95767483470688,7.738696856440975,LOW
29.01998749817245,48.523874942869455,112.17602108337955,29.49375256866569,MODERATE
20.776383464797142,40.67461279407356,70.30773076182732,10.166894453082321,LOW
21.177265091847314,59.112989600696736,32.31613601574757,1.883345124686958,LOW
23.59662321526197,54.72871035168585,147.78819363136,28.43380630314055,MODERATE
36.73062461031876,72.14396596709547,480.701567891512,101.39255494943387,CRITICAL
21.936868344469843,53.7952339798614,111.92386285912133,19.200305167961776,MODERATE
27.889319755346435,87.70974040499621,428.7844011417547,104.12314737950078,CRITICAL
25.528744592685875,44.982570398415625,47.65026043066557,10.799298786606355,LOW
26.094018605352584,56.03851131759137,295.72872704243713,64.95438349471416,HIGH
28.24003044349427,69.59734272385073,274.87582514221236,51.797367273627,HIGH
23.867976283509535,41.22528483512761,60.75598356859365,9.481878456250431,LOW
25.762220550267603,45.86536022774453,152.24296247684617,23.578285010228683,MODERATE
30.277900467692177,70.87221235337742,288.35260784609414,57.564009082993756,HIGH
28.907439786566304,38.222849613869315,173.92094967598442,15.007873800557288,MODERATE
29.457202506210322,82.36099314344676,355.483871200642,74.8908285811599,HIGH
21.413169095962576,56.097307140164894,133.52335444320087,23.466645331018228,MODERATE
25.586669971659905,61.08509682178195,91.92135697161999,30.600091378767857,MODERATE
23.180728342168614,46.82775851687545,39.888458473018794,10.65692855724986,LOW
25.018239404469334,51.70599259792356,145.36344326439223,23.8573078994943,MODERATE
26.165470135001772,50.721022240531276,197.69526701708952,33.321919380492965,MODERATE
24.291720861649416,38.83907917935895,52.1381110779855,8.71969019824701,LOW
32.162062143983256,60.95509837909739,264.0039999648668,57.037921972273026,HIGH
22.674769699651975,32.58793827668504,31.20122452274096,13.037210490781739,LOW
28.95460842588144,75.23159735708371,313.3715499929145,62.347278166194755,HIGH
31.54261067924696,72.01964657722912,297.878255451776,55.52468377481826,HIGH
32.94379036416577,56.758496581073345,176.07976280647847,34.31907989799386,MODERATE
27.326096700045206,61.28173437727486,171.5592670593205,32.11114782409239,MODERATE
24.771117611096944,44.5979523811915,54.45139359578863,20.71510389986427,LOW
25.917025718114967,39.823974334477015,62.36151880818113,20.27435007636074,LOW
22.55225469034547,44.894917577090396,44.750094762635484,13.536225403761204,LOW
25.308019280298673,37.02486520919958,27.47703296122394,9.084060084187803,LOW
35.55480673829635,52.76157207604002,233.3040990548186,70.79067839664454,HIGH
26.44483609039719,81.31971328057568,234.92647885781918,62.25239069504831,HIGH
25.420618303933157,47.77411476402635,45.1175813208419,8.696691130226773,LOW
33.246878494595684,55.65342468113119,370.8149750540102,54.37143257556778,HIGH
23.520031680920276,45.91288691851568,123.76714772767127,22.23581425868596,MODERATE
22.04206994247252,49.17331452776526,45.90628988426925,6.424738026192339,LOW
25.98567775739259,46.289257041662395,58.205588462025545,4.267820920125284,LOW
21.443180119920754,52.84110734203408,69.55013621636965,6.553517964303223,LOW
22.34941964752533,39.68483270171575,68.28541856189125,8.849855116862747,LOW
26.500719649033996,52.856882042800336,72.08442554906627,8.309363717971245,LOW
25.953501916414027,66.41193235509854,162.1283814914976,32.09888286882412,MODERATE
27.480532854721716,36.39749799697928,93.08918089803707,9.255384770183449,LOW
24.743370805070832,43.44434916093492,169.6097023675692,21.693656397227844,MODERATE
26.268434060331696,40.96789842860318,55.17413352556094,4.786533560335937,LOW
29.148047250546746,49.66759898466265,55.23485245991511,7.55324785527314,LOW
24.26010150438728,42.48558175712545,69.54106552388032,6.186210039758365,LOW
32.11058637115062,55.65086597148482,312.8057763788143,64.80007142644293,HIGH
27.32849737668284,43.20397362787704,170.80086028966983,28.01028536599523,MODERATE
34.21393853311782,56.5144599501454,189.06670612713623,54.42858240492077,HIGH
36.477214260631285,64.91748272575879,322.0038461882425,61.0095672242918,HIGH
23.934745954982183,51.63923591155468,65.60924560214278,5.77066462609334,LOW
26.12155350304106,51.81135913286346,65.11484093252895,35.075196729290695,MODERATE
27.299776969805706,52.180227302224274,132.74346479601653,27.043356585356563,MODERATE
32.91735331910005,63.15174729300321,322.70218724425416,63.89436146575531,HIGH
35.79366229962946,62.76552223355526,432.79950699935864,74.15635788947256,CRITICAL
20.943925779850126,53.774181331299495,198.28901106927282,29.063386711348517,MODERATE
28.704627794624777,47.424335088720575,46.2261831974156,7.4897255890566505,LOW
22.734210709478152,41.65147800111941,77.73457036667082,14.104625123088848,LOW
28.54549144629934,61.287964904692856,306.95900257743637,81.0030582390792,HIGH
23.068653407434677,42.505627713947824,70.59426028147885,7.2711331241805635,LOW
25.754885673649362,36.648422546670744,153.69699690454638,28.54111232557768,MODERATE
24.01098081507271,37.471515130114966,55.35422028636858,1.6356686274534873,LOW
25.271011936305996,43.51595736027802,76.60514831096518,2.132430996487809,LOW
23.04897500322443,50.735091495679235,72.1097298269992,12.569008600353191,LOW
25.8957386721403,64.34556584710504,118.67381547360792,21.352978001874448,MODERATE
22.485777784773596,59.0093593989327,153.0393958116398,38.574821829238985,MODERATE
24.112097892591056,48.05558995754944,48.07230809892399,7.175174770039115,LOW
23.941424381738724,42.55611649617432,58.50988620544199,16.37823803135332,LOW
33.11192154687194,59.63300197803754,417.67058840135866,118.13767022480783,CRITICAL
35.43287040652213,83.60250215772795,460.2176721034133,127.25900459384525,CRITICAL
35.70993458832175,63.642454667470005,220.28238809373212,74.29206241159588,HIGH
35.70998618014342,75.25032284935764,367.54626051390545,73.67795572457146,HIGH
22.845050636022762,57.15667574159856,133.42489929386045,31.692080107459766,MODERATE
24.94346717770027,44.416015742768934,76.83036343318652,0.0,LOW
26.404979558305122,56.22029105073729,73.17530409093114,16.739532090330155,LOW
27.00858772778119,58.70590950259426,149.90417151326804,23.741140255861115,MODERATE
30.55138837569537,79.7553938537872,420.6265496875262,97.79427766483805,CRITICAL
22.881006860901223,41.59989745897626,69.09101423159328,13.121792722440281,LOW
20.994049289839094,37.273891981346296,77.18117920117827,4.499467046045617,LOW
27.233818397508028,54.7154088203588,73.28170663137765,12.835238061288482,LOW
23.996813011318686,61.28531459135492,318.18213320844706,60.2779818902126,HIGH
26.88193781906942,55.92220702236318,141.75976007262187,25.819912329535512,MODERATE
31.813498890510328,58.803480273417065,322.8942197571079,74.14516294443953,HIGH
21.742151288014004,34.80314071928134,59.92465639862826,21.595202454238084,LOW
29.33666107447986,68.39609707545073,312.7414108349658,45.84256462973994,HIGH
23.66515174635812,44.45591493235284,60.428123869809404,14.57816055723158,LOW
20.586059990431096,46.937731757400265,23.214154448883683,8.795585619457839,LOW
25.158187807017477,51.254136394351654,71.16632457365093,19.641337955133633,LOW
36.59252670803329,71.05691575908615,472.6240698453179,103.76850247899009,CRITICAL
22.938368089196047,53.4427591543019,70.67651154979147,9.870155723652077,LOW
24.522528775058383,47.13572808151086,56.27632068430096,7.193645969780034,LOW
28.26742008820711,82.57753499279363,352.0659815303486,100.64705889528601,CRITICAL
25.67879343419982,34.35208837897657,58.3467346459486,11.838978797795289,LOW
26.68814991534709,40.06915860051239,23.117259656576458,13.241304067074084,LOW
21.724378207242005,53.890413266034685,186.91673927795102,19.893979057498413,MODERATE
24.486355216390013,55.60907597888025,113.42602746457175,30.332882789568114,MODERATE
21.021012195337825,61.95496181370546,51.0839309576635,8.022149770775886,LOW
36.442764650045405,74.01149494403442,225.9468944638036,67.99472613292528,HIGH
25.803410162644713,35.18887116881723,45.54237617503374,9.987193983874757,LOW
23.478130753209363,54.11450206039729,73.01831247946103,12.578899016256834,LOW
41.79747159018161,67.77241370149339,515.5648338142902,145.44390113851142,CRITICAL
26.064026195358842,26.502481421658786,56.489956521173205,14.40866255967816,LOW
23.340829985700367,52.94394572092489,73.9090348439656,33.30394272138203,MODERATE
34.39143352836272,74.46179888573927,258.65349335170754,72.29786302635723,HIGH
24.48381679002973,38.1164434605411,71.20486721831837,3.4352590791023347,LOW
30.634215049999025,63.310053763109764,292.25357787482875,55.906895136691396,HIGH
24.321209978758883,46.39729067109735,63.55020979332682,14.011639475792311,LOW
24.88403579941656,49.41590462919355,27.156936533150557,2.8526093976568907,LOW
23.604652234636195,48.478859064289246,60.3603042393031,12.327459737816842,LOW
26.967766288773916,45.61260283429551,161.60573803114204,14.973719661093435,MODERATE
26.593001857308664,61.931777654225634,320.2717461152162,68.18331984037785,HIGH
22.495864423569593,43.13669050276364,153.52989528401923,34.48238674848083,MODERATE
37.410507259519,74.89280234202764,404.9635379687518,83.53861345875372,CRITICAL
23.03595484402149,49.083841310111566,152.66780611314127,29.05755129967262,MODERATE
26.962613207484978,63.99921023334574,215.9320549958324,59.570997736420686,HIGH
25.689760052466276,42.30200076469247,56.55624719898914,8.278728150111123,LOW
22.695795256413785,42.708379709497095,61.32886590131492,12.2357891488993,LOW
30.243471208055958,51.23349473210358,304.2880532765358,55.25742957989943,HIGH
34.949319843562584,63.49667978645596,233.95099236553486,64.76621941679183,HIGH
33.737919995013115,69.92365431558608,450.9942715883578,114.9515654938839,CRITICAL
20.69186766947862,47.73826911227671,46.188110518055225,10.857364301481235,LOW
21.333157718872005,55.56757179088101,165.43597576123366,35.097219322483895,MODERATE
20.04562791210082,52.662486373119826,67.39840801576645,5.1867226825180905,LOW
31.69367262788356,70.43827354638604,258.04167146435344,76.55735570330705,HIGH
27.872622966718637,48.48508792126334,239.6167685708638,86.11308058361732,HIGH
31.703771404691327,59.89256634185156,270.02620446170755,71.62675847166231,HIGH
25.282502472056386,65.04425152115175,118.62869792014912,24.007800805907657,MODERATE
24.566284519009418,41.249975722803164,61.385358898535195,12.431758134957757,LOW
23.74751124113044,44.75221610795662,87.49414222763119,7.803336566807619,LOW
31.750746926976888,73.60940020070332,296.24712108398586,63.64178079433856,HIGH
23.883261509463253,52.39892955789802,37.785892532294014,9.021011304786915,LOW
24.906886288086763,56.735461031633044,163.29915723768022,33.462615238347496,MODERATE
22.062048916998954,56.8367190557151,134.82242875552043,44.70649903749428,MODERATE
27.98137958879208,39.35933459379172,70.24864356135768,13.483810069005937,LOW
29.936806167418425,75.2333192237226,280.0213743864935,66.79348574909615,HIGH
25.28952993914598,43.437529718565536,68.36601951780945,10.940454799218474,LOW
23.90857285506663,49.71959840796272,56.41993433606881,4.179210322188067,LOW
22.381988950176723,37.05442894390716,41.599619985433236,11.133329517427683,LOW
20.601950910981458,52.314408398631315,185.07693674924292,26.38963463253297,MODERATE
26.085982874654306,49.77293554922721,78.3915195777308,0.0,LOW
25.272800870855857,59.7688584841449,45.91813144606289,2.9461975774043587,LOW
23.449255340485678,48.921983901688925,79.3487102025544,9.650823420482011,LOW
32.56815945854838,62.94937067446002,264.7008054596446,79.519889141454,HIGH
34.25189873158928,63.65416229819579,183.70949555110678,62.925114790500125,HIGH
23.740549961978825,40.973454643694346,59.626682601619166,5.842897483073743,LOW
34.66807444771268,57.24273909305877,280.0149231365359,78.3632078524397,HIGH
29.384544614746055,57.120065601510746,171.7200992561055,40.98470506084924,MODERATE
25.48839295955745,60.77173435079923,311.33665322749397,56.22065692806834,HIGH
23.873640343667137,45.51149262815662,80.24539558023125,9.26860041076283,LOW
33.69737045199734,53.22183507333051,267.1615826925603,76.60814613530768,HIGH
26.93466762415496,35.54445985087849,29.5799681769696,13.078746066490872,LOW
23.613499986336333,47.402366400274346,73.41372559736531,6.744547176593015,LOW
35.75890471679455,83.13680063904349,355.87236905031085,101.04104736129962,CRITICAL
32.25387731512829,64.93041303992932,255.43523872887133,82.47992093060368,HIGH
33.831614547914185,60.67652127672339,380.75057677347576,115.321521526781,CRITICAL
28.798550970197287,58.856876001619696,212.6314210888546,24.01712938042472,MODERATE
27.84834101178543,59.37078531334727,236.155287852239,66.31125186702796,HIGH
35.61897721890974,69.03446801477284,376.3572496954307,60.01077720807013,HIGH
34.159534203664506,50.2912448660075,246.02486397850882,72.28157125391915,HIGH
30.42714171138548,55.55367973743995,279.51389247549986,79.0512748423291,HIGH
28.50932236107682,55.019692315221356,243.56824376699896,70.49267253380101,HIGH
32.53764408902506,58.59594319523465,180.5158260108074,70.88017869141031,HIGH
29.067187437045853,49.70723250510575,120.36298638990574,31.225375258076674,MODERATE
25.498059982233148,45.81731579523511,66.45932765485743,2.995536554057611,LOW
19.467213404858583,67.10911726203636,195.82158087467246,33.14254820971928,MODERATE
22.34522999250726,53.46490027824516,203.77175635211677,31.051327985565713,MODERATE
20.483858679992775,53.28183436638483,58.73849158150219,2.9730645865486833,LOW
21.44492396528374,44.20953884572817,63.73210145303074,7.987131742885902,LOW
27.236406721417325,62.43618669690491,139.28417765757843,54.36260473608917,MODERATE
31.386680032976514,65.76329504913818,408.3982600395132,70.60927818268433,CRITICAL
20.189392460870387,45.970025544343386,35.67746860626564,8.47482637047963,LOW
33.91211305162906,47.4539963545319,145.49047651720824,24.209930601795662,MODERATE
24.855080010091367,60.76846532945857,135.35832407308862,47.99450158616684,MODERATE
23.969968016477775,52.43306372498446,125.94459029880032,36.40054922357371,MODERATE
21.31809723912838,41.45072328750515,72.29304227648986,14.93224109929109,LOW
37.11920607979012,74.25399417277782,463.7044196772696,82.1099876513658,CRITICAL
32.30991273305947,56.9545726628092,277.0611970525534,66.6747782222194,HIGH
25.875583077050106,49.99245112975039,63.51000120901843,8.231938878122378,LOW
29.211368749975236,63.42856862395063,397.81780406111864,67.55065581236957,HIGH
22.589038701939277,51.12044049857921,73.68490360794164,13.06941021862034,LOW
30.102570287300313,63.90179637644313,158.49296758047885,29.083101127997416,MODERATE
28.287624080320768,59.25631775507739,277.6014845701794,40.621001041865966,HIGH
22.074172225068352,42.17105387098946,56.16096727776412,10.1571472862822,LOW
23.865257905539302,44.642234205657516,51.95344276271173,6.907222169444939,LOW
20.68678289319989,53.55999388693362,135.93301584347353,33.35033189381189,MODERATE
23.000429317512793,44.38584159606147,79.26132498666827,11.328739867181696,LOW
23.025046562558682,50.31630811596415,38.38605241338479,9.685422926510517,LOW
25.842650820237708,73.87026247959241,137.61805621657354,33.59812127494238,MODERATE
37.11099196799762,82.83708837166742,387.6619779789646,103.90596369562934,CRITICAL
30.422384751800433,84.33115889250186,389.52994797639934,56.7277534298386,CRITICAL
22.39580935387479,43.52176173751182,89.53631709889767,9.433031623249441,LOW
27.315480866348402,51.921330402979464,272.51261809317424,70.07933683704853,HIGH
23.03747783906157,45.12154679608165,26.93022008409659,11.840668082781914,LOW
27.947321788365716,45.04487787857428,43.03195166137058,9.797107463644723,LOW
24.869415737540795,45.16135237035112,37.32095938105241,3.457026847223922,LOW
35.14934362320771,65.63478307241375,316.59838092640933,79.17932815885041,HIGH
24.556525536415776,56.36715659531895,186.21218662801442,34.23912439679931,MODERATE
29.612361274924524,63.38116992203614,274.65727100948345,64.28126796448485,HIGH
19.305652543323667,45.183229827491026,58.56906523749262,4.513995434223404,LOW
32.1019992322203,71.78670615582156,521.6830049264723,125.19947299078112,CRITICAL
28.142330803933213,53.8472398428826,209.98131796110306,36.417341051521916,MODERATE
21.199795443564692,48.401028011935615,58.994355662188,4.28424733221533,LOW
23.46194567937696,48.18398955316482,67.95132386245632,7.566943913824643,LOW
23.0041898347302,42.40270876091417,50.4191146808152,14.523897711225082,LOW
31.117329541692754,67.48439409130802,127.83842589436654,6.632037482424533,MODERATE
25.974084307919576,48.93669510807606,132.33845681541095,26.681489429071767,MODERATE
24.31982247863503,52.70159178064881,68.89596214701292,8.763077104198063,LOW
32.684826252248804,71.56340503466167,324.8556708565391,61.3384608407396,HIGH
28.75212122776598,52.31224481844197,115.951798985917,23.54983146638301,MODERATE
32.986621417660906,75.07181996457682,218.97787560694206,56.637169804980246,HIGH
29.384151096919933,51.303226252280496,137.10802995157584,18.704059382798206,MODERATE
23.67720185080689,41.07572979012242,55.328761959322264,14.507982007725051,LOW
28.475021106689212,75.01801957972496,283.4098672608486,74.37655735396685,HIGH
23.929330895412104,42.91020528510866,74.96804440470873,14.649346271244621,LOW
21.629056732704633,52.829466107065976,53.55716542444239,6.9798818498206625,LOW
29.493385305746195,58.78324928819644,142.33840764437196,36.7013269350238,MODERATE
22.85405706892125,40.75178830224904,67.38422719958916,9.669929056737594,LOW
29.54148447920851,51.63807479962906,197.76358943966383,18.776080118762312,MODERATE
22.600044631121545,39.14746487773597,51.237767098349224,17.082270436147926,LOW
24.624875883607714,42.19960112763816,98.35912360956941,25.70829484705012,MODERATE
23.551898587531028,31.36689719738489,58.3497312891624,14.110919100588431,LOW
20.21110770416572,40.19164344456507,44.62379050245837,10.5828857101026,LOW
27.36452649745336,45.261134830114436,57.78336679261419,16.37085493513111,LOW
24.800606812997376,40.495210360247704,35.3309628290211,7.558553473983077,LOW
28.899062844860868,56.92174385977735,120.70879829444401,37.29000640787076,MODERATE
22.29883065095286,51.08779013982848,208.63472735884343,45.183153859140894,MODERATE
22.65160196360403,35.157827756641325,61.40455305936152,10.648051007952478,LOW
25.821415026650328,43.8154684940122,70.00850174567252,7.197444528613856,LOW
25.478303765446324,58.21620961176856,161.35503975856096,30.550429005560513,MODERATE
20.859201857278627,38.61050269067436,55.138925876045384,4.226946449306708,LOW
29.87610911476735,75.47747029333355,286.4140166031158,79.4120140648943,HIGH
22.92866545753587,45.80230084647907,73.12967401077911,14.773605305770324,LOW
20.70497871229411,34.69318645546859,54.12457301789604,0.6483939954081084,LOW
28.7907996941992,50.550330933519284,116.71057217973612,38.22495276780888,MODERATE
21.963546472797894,40.40432435983985,62.05357346233785,12.483189756589594,LOW
30.134913896840104,55.00541596464319,180.61565921269002,24.632003088189116,MODERATE
24.986606784868474,49.35617640006599,131.0403878460247,22.325002166064888,MODERATE
28.860051642280734,67.006799718638,98.23960577222931,19.698122984794047,MODERATE
31.605821346841562,58.66842993017466,314.4583844846467,62.1307357983773,HIGH
25.433466015410843,50.73834159805181,59.66232073037466,6.735123093517824,LOW
30.3001953746423,63.07189404971631,256.94199016291736,77.94976546250925,HIGH
30.107102645668892,64.35428301834688,163.7694230659992,25.948183080918785,MODERATE
32.396994106835066,85.82694221446111,293.9546299822609,74.76763254619718,HIGH
23.801802816263763,43.447250702474605,65.2963892038542,12.08470300725542,LOW
24.617701116607527,42.22266494744863,54.1166280612183,4.708252228387277,LOW
32.835305545916604,83.70696414124116,435.21029715933935,111.07463661678814,CRITICAL
24.63660333411998,48.220252196556174,201.8539616641481,30.911688630697967,MODERATE
31.154720812935754,52.1240714893055,162.70517297783533,30.36008620393078,MODERATE
34.258080096382976,80.28755931215305,392.5533909744028,98.50313609256277,CRITICAL
33.33458799393031,42.161657440268925,165.04929897081777,27.97328738198268,MODERATE
23.44424858568747,49.00425746300054,73.0414246923701,10.744068489739012,LOW
30.80649898530173,60.7146315936543,133.61422646558344,33.95553239370301,MODERATE
22.368737132706897,35.58336663567445,23.590038815257998,10.279421960448607,LOW
21.636436844695172,51.27619399530818,62.73992668733542,15.397810459661411,LOW
21.867332856241696,47.7496872797409,72.06199250769782,7.809505656451977,LOW
24.200592128613213,38.994932188102894,80.17597793510038,8.37129327829363,LOW
20.627523997443493,55.943569229016035,192.8817792030396,22.877565472901626,MODERATE
23.19392857127191,40.8973941470863,64.40320754005707,4.818313596003585,LOW
28.54798271305372,53.4943440202935,119.99387400042673,38.24148318881201,MODERATE
21.917625657392517,37.23535460986475,42.86536051211117,12.181092661948862,LOW
29.370248137337143,52.716948473645694,122.2579728749968,37.350771907315995,MODERATE
35.74619222341592,61.050676447961635,388.66042666224604,125.18792641883027,CRITICAL
25.629007642902998,31.013881822870836,49.93095012642265,9.314581416487469,LOW
21.661874239971098,49.02595977268254,79.02477206247829,7.114041411022902,LOW
24.28325754762381,36.11109019684483,51.80814218649558,15.104448163785664,LOW
26.529746131550272,55.79150653285539,167.42716096589314,36.17928118328091,MODERATE
27.06944188655934,52.89808920722797,72.19063734635783,6.628160536616436,LOW
30.02018861021022,65.4861207811553,200.41786604984264,71.92570386963358,HIGH
25.152948279661754,40.94368318317459,45.70073884679117,11.199409376696314,LOW
28.329123522767723,59.21204960823944,182.75671586683987,20.943012568563823,MODERATE
29.90957498811603,64.2109196485171,318.8983983700935,78.6237622227174,HIGH
28.276770751104802,54.22988246470944,142.4136459164885,16.12195998084265,MODERATE
26.03430475864299,58.54127942002037,170.36989577227297,20.037475927598884,MODERATE
41.18807962822198,77.6139196411519,388.0677884635816,102.47305977744912,CRITICAL
38.73725791893722,61.80526413984321,509.88561140195407,124.3229606199736,CRITICAL
27.42483267073984,73.4320691204874,301.43923751325786,44.59082270691128,HIGH
36.378518828377466,55.11551230190095,127.74088216993029,21.932026997546878,MODERATE
25.695518979155377,53.44463468350337,64.46733511365885,15.016076941331146,LOW
24.325181961830115,46.72232108983642,84.88404477375397,11.27537216056182,LOW
24.128147677840747,34.94152078523855,18.22256280113519,13.325365480433149,LOW
26.215748103059198,60.816626755566304,191.91031155133797,34.27590363862066,MODERATE
28.508067402171832,57.11549424505996,157.21166467513797,19.71603550293107,MODERATE
19.66360193995414,50.896229999069554,150.68791051702837,23.681901412693097,MODERATE
32.518126698681684,62.72816720047175,129.42516957579784,26.24346791222099,MODERATE
29.11498135801841,53.25180284712667,91.00600587316356,30.806268734480465,MODERATE
33.88942291952516,64.4131616433858,263.2297976746128,92.8077055268534,HIGH
25.43912366319587,41.76276213974245,72.418373729445,4.177484030383608,LOW
23.37517728172184,50.76518674691373,187.51410120693214,25.10139288557042,MODERATE
31.55179554617112,54.80695880477677,179.8130131516884,34.2486876651094,MODERATE
33.250946767950786,79.71950471993483,251.32289893711513,51.571187397534956,HIGH
29.983283909209664,62.90557336189847,133.88889199998195,12.911891604485223,MODERATE
28.64356253342099,54.53293802712017,155.410432402661,25.813244653795216,MODERATE
28.02957540526391,59.105244306546616,154.77197049080044,34.19494530888675,MODERATE
24.215776115592654,57.6114416676259,173.7452451583956,39.24113172955875,MODERATE
24.104248443805393,49.32077869298198,136.94555756241206,31.5157112650922,MODERATE
21.75253586873817,38.22167979410969,22.226608051679698,0.0,LOW
37.96069112542857,79.37423619033142,235.9795864544663,67.09864616346854,HIGH
27.063671407425637,55.42021921895696,269.8525592001175,62.44556545703233,HIGH
37.65286555881713,71.96807168944358,421.9911083864445,83.12374986619581,CRITICAL
26.50308296185507,70.19398240902582,264.79414683602903,38.804316320458355,HIGH
27.25353600464175,78.28303055178378,253.9530225285928,74.54108380146769,HIGH
31.180286189771834,75.68442405799237,450.44073457634806,107.31092344820213,CRITICAL
23.01111181932254,58.87825353800167,135.41507417481873,32.795609786273126,MODERATE
25.337617015036546,47.09231835293684,71.5583093313213,12.753644215555141,LOW
34.863797202148916,76.47561294098149,471.26367449368615,95.19224780472975,CRITICAL
32.47969052374831,63.351810523072444,225.66126647195347,72.00758701131772,HIGH
26.110772361132742,73.17859996173185,165.83196179144431,59.39598717745881,HIGH
26.0150278544614,55.62956877074694,172.88598602320667,16.26821188751478,MODERATE
24.128426143922617,56.17392583949244,37.75666504203918,8.473842734199513,LOW
21.931176392617242,51.76441636238747,60.479727036014715,7.777731214293917,LOW
22.87354584610921,42.15718093555384,37.23998380279324,8.9650818297392,LOW
22.484406587193316,45.93027753782985,64.31801064212685,7.77341114283317,LOW
28.317247453801713,57.722599551612824,41.026376577664756,6.342209733645765,LOW
39.228215759888954,71.41323630381875,433.1820833977965,144.93934666561768,CRITICAL
33.118746165271965,69.16336599440315,253.53021917368227,79.82826424438602,HIGH
26.67975957288835,41.47529420874528,51.3965810303503,5.646048705492833,LOW
25.719707033014394,37.980560094625716,143.00002976473212,25.936206102067864,MODERATE
32.268942215070474,59.338900551205626,259.3652158258342,61.715347460707434,HIGH
28.533085958630675,59.24191468039477,229.21371317722821,44.25144728789341,HIGH
24.40580666214642,52.69657111701211,78.74536213908473,19.588466858127234,LOW
23.478940872407584,37.198641929199844,72.53840701457386,10.474136965785355,LOW
27.73400605556301,47.0261304653312,160.548125670801,31.641596943631534,MODERATE
32.2669363672379,85.70392183698058,532.7669168437906,82.7931194740477,CRITICAL
18.24429969731922,49.01165969689475,26.337216902248414,7.900130608402968,LOW
23.568777010101208,50.032762190206974,26.56836125291359,8.562081241937445,LOW
41.324194735487495,78.88584907065257,355.25305876996174,95.57411241939201,CRITICAL
25.42873063354805,39.49059922556747,55.1927303091044,9.059563406367408,LOW
21.86936353103493,50.25664799227022,191.67597917596123,26.950844103510597,MODERATE
24.281051293707147,58.308848368272756,60.1597458855053,14.375781414334046,LOW
23.48120147899502,45.07531633866171,46.06560704671108,9.18512887758817,LOW
22.39927087781623,45.00053418578183,72.75720392980679,6.702135804749022,LOW
27.218650439133967,53.844142056624975,89.75556582599356,27.011100463892213,MODERATE
27.490690037604935,48.40733492466968,80.27189217201028,5.163581705512245,LOW
30.66223932698659,48.78586514720054,178.95667886919307,35.866542916802665,MODERATE
23.34259474972805,39.08222907256539,91.95682729385965,12.527450070896123,LOW
23.174300503595497,45.22722977753987,62.96491085946059,11.59950273893429,LOW
22.435056948289816,36.20041820707797,61.51705532292296,3.011130650700953,LOW
22.981620339776473,47.950489153210015,95.68674663875356,2.2216375043857557,LOW
23.533849681761946,47.08685209303548,34.533021162773096,13.987486280905282,LOW
26.81559776643514,41.43830419567932,152.21390441542283,36.766626590532596,MODERATE
34.52259803693245,74.0631613751309,251.15070777666185,87.33159402316349,HIGH
31.14923575236349,65.79184978082185,283.11920879235066,28.178133006780882,HIGH
22.908160585012638,66.38434991550973,197.58248975163602,36.815506659644704,MODERATE
21.983970126792602,41.05451399234637,94.9675543156686,7.231210453920158,LOW
39.12066203394157,88.50452802256105,511.25686279415874,125.76696008498658,CRITICAL
27.158802222160624,40.46593063555836,150.8364312450004,34.972582179355335,MODERATE
23.973541923576718,43.91498328756231,42.6458752976702,5.993045026911896,LOW
27.748692739760283,44.98411721252338,65.06742489167269,6.076567771851925,LOW
36.2789475148426,52.76615376044245,300.8747484866077,72.54631139703056,HIGH
27.285635335696938,57.216109273026916,55.797293798292074,12.692694688625432,LOW
29.103654121180913,67.16651325504812,310.21747878251114,68.0370015958378,HIGH
25.609318080432967,51.8086480587774,124.72668135207887,32.50831665284535,MODERATE
25.95903520177439,39.854265911036215,49.60538364788172,16.218277807724952,LOW
24.06026205850327,43.9493776716261,80.39455473698959,14.687234722860117,LOW
27.079702834072645,48.89294815757699,207.75639233277764,36.85047181564414,MODERATE
40.69527538777764,70.17951976266815,497.5886871753761,134.56569178768984,CRITICAL
25.16351660604192,49.69314422376797,107.06836559255397,7.030795529464571,LOW
31.052038054100663,55.069086531355445,274.6005773574571,65.0345066553959,HIGH
36.24869447540612,83.62028329948724,433.10103597341066,94.16311821240247,CRITICAL
23.990913286413097,46.30392976488629,79.97695372032057,11.087759013544357,LOW
25.313036784033926,56.162147356276456,183.7237345486234,40.38277153229241,MODERATE
24.26122879515861,49.57985505301496,33.819692380746545,11.719526292645932,LOW
23.8749216084905,63.17903033323285,65.46397625142774,6.544747123278684,LOW
25.448774440231936,48.27479120789714,213.09418600171503,38.53449621013402,MODERATE
33.43270683900983,72.20289465325021,504.83650267642827,111.13155075329135,CRITICAL
28.841877031317672,46.09837414183371,66.1806421032267,14.346779253739186,LOW
25.49381723543362,42.45765919581045,37.86368416860504,11.120931125892787,LOW
29.056592324850648,59.17580804144179,334.9458667170972,58.59856712802472,HIGH
25.880567181161275,54.54513313306665,102.79085712293883,25.68527909966699,MODERATE
27.669713808524488,63.105951368057106,205.18176666584415,42.09986757331522,MODERATE
26.553796227698378,50.63851651030184,150.53635297525207,34.68463015818318,MODERATE
25.2461714670317,44.27294717174369,74.1635203171607,15.04349002033401,LOW
26.903960834509803,49.163059152457954,124.27297711835678,24.550259011262547,MODERATE
32.5594112606669,53.68374145644776,257.3202201236402,68.40599651427551,HIGH
24.86780830611921,43.15543025450061,46.97843510995338,10.21282172979559,LOW
22.302942171460145,43.54432572111571,68.41821079152794,6.95163926673293,LOW
22.390278462930738,52.07364395160121,110.44745171084585,27.218224838590032,MODERATE
26.864204836933954,62.73916118817839,375.9537049422123,70.71382116165994,HIGH
26.529352096442285,58.00553755875295,200.8731579188232,25.753171140182058,MODERATE
22.863573801659317,55.721672227568625,107.82937890546262,26.289739001425644,MODERATE
26.14824702046821,41.949621675799165,67.14474590410109,3.5836319932457483,LOW
23.390519082417754,52.020460500490984,216.3360772276867,37.45739501792707,MODERATE
36.59682572934959,48.593777167386776,184.95649146226083,17.738604345223084,MODERATE
21.30442049963888,46.54365549054525,61.007464564417624,8.769340803265672,LOW
29.29870308099163,67.6148139824586,316.92497231221023,44.23490307545343,HIGH
24.10772193463167,48.780920516569914,85.5822797865876,9.136480805088318,LOW
22.25480793957267,46.9799045530622,54.65188367343435,8.903870948697126,LOW
25.103256124180678,41.617616680924435,46.10115439963971,11.726896744536413,LOW
22.792643652676627,38.09214300355582,81.6586480143022,8.236268949828414,LOW
30.85413254424018,60.23702057228069,261.88083288309093,66.35954574592428,HIGH
23.141565095455928,38.93905395773215,39.231892670630444,10.242547590361122,LOW
21.1436867124321,49.559648492285085,73.75285751684545,13.898756553114492,LOW
25.274164200577992,58.11015506746993,54.57261118420872,5.817233996441773,LOW
32.26702179069695,67.3815108108906,122.26200774197308,24.181433498571547,MODERATE
30.67277061643795,45.988884610637825,91.00141425333375,47.34011581249729,MODERATE
24.90882661183712,43.76936396880004,68.38412862692442,3.9431764666360563,LOW
24.21031576904521,31.37465464259855,54.55468295134388,8.54334251866237,LOW
25.346754576537055,48.028756518878524,95.33904449187241,31.157976377339295,MODERATE
21.249436906862645,45.37520047700262,54.690896488691294,8.15590419335154,LOW
37.73107004923157,63.90254063901783,423.47986401626827,88.83463113134614,CRITICAL
39.609169966999644,79.78456380723037,482.15219704592084,111.60770989243147,CRITICAL
20.437721999547644,43.09485003680067,55.95163922672505,14.8946592814079,LOW
24.529719018112246,46.354544058508516,80.83815288505309,9.465023670775466,LOW
20.590269731724952,35.315883402336354,18.899801796758517,13.143939900533333,LOW
33.69048272169785,59.58110531435045,254.64035541094003,63.30533300272765,HIGH
36.08148438286615,71.3504679187309,294.89588761615755,83.69535776780177,HIGH
23.21811693903541,44.22586727631713,42.3831413504476,9.29996254251355,LOW
26.050015637799156,48.26212434619811,85.73212315586085,3.482868788343242,LOW
26.28257375861968,55.41353539933435,252.06303039116094,83.3080896875781,HIGH
23.512341498956857,40.244235392129035,35.2331672881074,14.530509294772042,LOW
31.057351131277052,57.77772688886787,70.73692624333395,20.04333653854838,MODERATE
33.521131899055916,69.97042229764686,359.3225279310759,123.95179134829081,CRITICAL
28.503573668724368,50.5647842585046,155.28863276699428,19.29788059042815,MODERATE
18.94414084281378,35.59130316519267,54.1983868034638,19.50047258509973,LOW
21.512838814920276,46.30064878015686,91.84961230826285,10.808689987952294,LOW
25.987188747970567,51.425648877424365,152.46553056203268,24.733684874991166,MODERATE
26.18118430316325,72.11989626053467,281.7690855536238,61.99390783958791,HIGH
31.08084531200852,85.78786325819861,408.5270551081649,110.56796931745642,CRITICAL
23.941890727549097,36.767087711280126,61.79788057718197,11.482563589080819,LOW
28.289245508529515,62.263592127195984,304.1737365691734,62.03987366610662,HIGH
27.806935217251112,39.29406528680325,79.44753242560168,5.381277345980278,LOW
29.124457674371918,51.42744391460068,113.47569441413681,14.23653436957266,MODERATE
25.052437295904646,38.53423105740253,61.7450744566271,4.0942808083566185,LOW
21.70591219160254,44.53211698863344,50.98056954706442,5.2385354550496,LOW
31.263372551032028,63.17467769786329,479.551020390918,97.7965027109815,CRITICAL
25.130157577215943,61.40298199672785,127.1592410022787,41.98195102506903,MODERATE
25.00681611163291,51.21983150754607,68.10349150160579,4.502024101435878,LOW
30.510212971159746,49.36771980567616,179.27029541706614,26.55772222548045,MODERATE
21.227785445958098,41.35039455172501,44.244485152085005,10.902398602232694,LOW
24.92529979249127,42.056864981443965,43.25585871669759,10.730916342177231,LOW
30.235267579267763,54.19834329387621,140.21594670885133,33.697404982001686,MODERATE
20.683896566329608,38.6314206036634,79.03875666956307,10.335537391378331,LOW
24.704224133430333,41.644447080781504,44.25900085484192,5.420509097464616,LOW
25.103504883983952,58.299743404484076,285.4057044660059,87.09708296464896,HIGH
24.461926153401592,65.7054741787477,109.34629800885082,32.12268932284124,MODERATE
22.23776883359912,49.18555831132952,50.74997767906273,12.780569710071857,LOW
32.00492827068663,61.70314661845116,331.736670233552,64.38426978320669,HIGH
25.015225530066104,44.23494924571106,74.17804757305731,13.176233858108487,LOW
20.12309587612445,48.12207656464921,191.5231753951777,19.952433156517873,MODERATE
33.11935797033901,59.19398110734377,190.2145767797474,57.03522362872903,HIGH
31.54689083116258,67.85168389860657,365.1329674329595,129.2956895309904,CRITICAL
22.74818754210172,53.4808441031721,70.43089358283966,6.322839033158962,LOW
26.31633992975995,45.10072898245029,32.116847642589974,2.8675372524258043,LOW
31.963472759594524,56.07169027840193,224.22319353536366,36.35492240737989,HIGH
28.24275831506844,61.29854969292344,356.18095203074705,61.26419419062417,HIGH
28.527766091396828,53.33877350253408,162.00458891660125,32.24491901561387,MODERATE
39.299398253256875,72.28900675235482,231.32251068819713,70.1831106066483,HIGH
28.33875229217956,45.37368808024211,116.76661655748063,32.75126049992102,MODERATE
28.50793304625904,60.978821341746524,161.21455676291538,31.379968792258655,MODERATE
38.252007234867186,84.22391309543977,416.52863697686234,102.66147916442684,CRITICAL
23.959156440367554,45.45411522219582,68.71606633955211,9.608774976183385,LOW
24.755931151047044,44.76746993986607,93.16049561654094,13.153794201169504,LOW
37.9162408767615,77.77079251257882,492.01844660700317,94.51091574341922,CRITICAL
26.70271905272252,55.409355961408096,123.44403152988153,34.607293343305415,MODERATE
26.57044723384359,44.939844888079314,52.58688885153357,13.157177511776148,LOW
30.254953605251877,62.57989398189592,187.71836703403227,33.01298387743595,MODERATE
24.218375452610726,47.28041337047524,49.91745038661823,15.332465155700863,LOW
24.323331134033985,68.18011573526044,152.92167825510532,21.24717565720011,MODERATE
35.46335079149603,79.59987932973458,325.42682740664134,83.47032108021989,HIGH
28.6707484582922,57.30329251467648,166.19589583429823,35.88812354514636,MODERATE
29.19587618793633,65.21031793107912,143.80882715012908,27.494017717425624,MODERATE
25.05102734877559,45.78226968360745,184.43157120315533,26.392389919812537,MODERATE
22.779749917983867,52.660528889477995,75.35717084911226,9.037041835385198,LOW
29.9592105854254,69.56122159959772,288.4886066835894,66.52737262232782,HIGH
38.03518492599264,74.6232671634146,444.7507397752726,85.26161584509804,CRITICAL
26.148422042051237,56.42515105518784,166.99396574358633,26.713675900795675,MODERATE
23.99135054931355,39.51577144455974,67.8946096597135,3.4031126469650763,LOW
25.585941769956786,48.83473414592026,28.740441976201648,6.829885306827918,LOW
51.60496558815841,85.75223218551328,477.0318875638023,115.49948456228377,CRITICAL
33.98552224960099,56.19034130322457,225.52366756870657,47.17058944386115,HIGH
26.827757835217493,55.706006699330665,149.53788188847946,20.994267670414203,MODERATE
22.759147587493096,36.568371316647834,50.92421828459368,5.674774174415045,LOW
28.982913191900472,45.94452614152077,141.10104707256,44.848479050533626,MODERATE
24.85327563559013,45.63313160401731,79.67197604113633,11.181867365429625,LOW
28.22347462905455,51.98093165453375,152.00292364418655,30.65095955162989,MODERATE
21.361777089351964,52.45853164558736,79.19580458155784,5.82324389252057,LOW
23.549828661291567,38.06088719700251,26.397667180279193,7.317629392350655,LOW
22.676299999907943,56.23884434859835,184.8856890994902,36.736929169322146,MODERATE
20.319176606957605,49.294214043954284,62.635059043162045,11.697404436872082,LOW
31.700753481877385,49.126656601901615,362.05999822046334,114.72090136535643,CRITICAL
27.353091611203954,53.642260934588556,264.04259428821723,47.554674621654726,HIGH
29.765719334121194,59.983056925346304,245.8775618684647,68.68371817212832,HIGH
27.605871809587782,56.26090610664068,147.8341339020988,21.734955332335275,MODERATE
25.81597528458319,69.45636666661825,109.53491038749566,26.648187973464875,MODERATE
26.090001740182522,62.517786790064164,140.74506208491403,28.123668806795123,MODERATE
36.43213498875513,76.25998699158663,273.85057521508855,64.30680103574636,HIGH
24.29399881692517,39.915911313913114,76.8586883793979,10.826436510891146,LOW
27.186563870322782,65.4982896679249,194.80544635506376,56.85690918354875,HIGH
24.57399038617524,56.27910014967178,70.29433438197788,15.793608290542453,LOW
39.500213958750464,91.71414617648796,379.74897422337597,89.05791131736993,CRITICAL
26.98896463781326,56.54247682964873,142.53999323677917,25.22993026380226,MODERATE
23.700416658540256,59.80474581469081,165.7268485719135,17.36789361943805,MODERATE
22.674618878100265,48.38750467989955,53.39336809325008,9.657640773556778,LOW
37.97773515014594,65.56956494991597,302.45504037836247,57.431243160086886,HIGH
32.7380539648606,41.5829487509536,158.3594120529233,20.307968871136854,MODERATE
22.723811064651958,39.08413389948451,60.637951134713894,0.0,LOW
34.6388400986001,62.766511082345886,503.2270296797161,93.1108325040537,CRITICAL
29.223342508255893,64.3474710365553,338.8664842077722,99.62222125492865,HIGH
39.35197506788708,90.44784733329374,433.68790922215516,136.4050174722374,CRITICAL
24.287974718623143,47.102046206708806,27.214494659379163,11.168477041784598,LOW
22.12419254516668,56.35015082317658,116.57764214399837,29.94308998957298,MODERATE
31.549148802451406,57.76702874366319,320.44070721165394,63.750706689474896,HIGH
23.41068115815901,53.75170710242809,182.9188344981036,37.76142105446961,MODERATE
32.81776723770062,66.10181942942563,383.8972894956515,77.01864918586942,CRITICAL
25.266276796365688,40.28968281719353,58.369086912098815,9.118006369474573,LOW
22.776816326391156,41.54870335409489,44.771619690737495,5.449961919686049,LOW
34.45955681467809,75.49328873840972,490.1052635907468,131.64161451855745,CRITICAL
32.9435040192867,66.80517540568951,259.22840503843287,69.5875716183912,HIGH
40.8505693711056,79.63449687364717,372.4141240342037,93.29179556360953,CRITICAL
23.372085500327493,42.1036081365565,36.14801303177234,13.106808934839112,LOW
34.89055803982209,72.24917805438268,443.92415311724864,104.60722075009915,CRITICAL
22.69464402682548,43.22138395951181,64.46735870058053,10.037346871505873,LOW
20.950344033432156,48.99130646450958,60.06148591215322,20.210836216600615,LOW
24.646916990218745,61.97531497325101,63.49364933105722,9.729477842895934,LOW
27.05653273441797,38.045390482940576,67.68817650326619,8.105778714766474,LOW
22.728203194169826,64.40189055213726,141.6660808224517,20.279282728855733,MODERATE
22.991726373925392,47.007643750384325,75.14549487841859,11.89613732229728,LOW
33.08607010293336,64.19508989867897,265.19370864385,63.47295071434689,HIGH
31.576512743985408,54.08486901032552,267.1372130699516,67.18770204153495,HIGH
31.721547360561143,88.0642863466139,472.0769289433331,96.41180515018928,CRITICAL
21.112367635539158,46.63052310919883,46.72888530826535,14.797427221126862,LOW
28.297987059844083,66.8690108099545,249.12789142782594,65.11969990716325,HIGH
31.351687995006174,65.9677156856218,289.2316019008788,41.29661413600449,HIGH
24.31986315345179,50.357383961900524,70.90459442046814,9.192205473577943,LOW
23.41473860477456,46.48294262446623,54.39931025137159,11.847031219692846,LOW
31.9426548268247,69.12153916057947,176.21814762558014,42.33037319531223,MODERATE
21.15724451345001,43.07063660021272,60.7421573746598,9.207170327601338,LOW
34.45477511897094,82.23358586685549,337.644445562768,80.1973257630106,HIGH
22.314005258545727,45.43516831581581,97.90058466314707,8.592047549971776,LOW
30.32191097731174,63.21580235521917,124.5629458267559,27.90812309410062,MODERATE
24.13937875812218,51.62212002570896,45.52750461969436,14.358659248947745,LOW
33.978576408942835,57.23181619059611,147.09244291112205,34.59771781692794,MODERATE
20.409453753296347,43.55687295437341,55.38671503675395,3.6307301578007527,LOW
19.865779550781205,42.91387898906712,64.3847278568041,10.38798470855293,LOW
26.743408794155787,49.511548937655185,150.32449558267604,30.464691252734166,MODERATE
36.07079680203639,77.35307389572408,410.8584547530411,153.42094072573636,CRITICAL
23.449830209524922,43.32459452776189,52.39692403426081,6.116243107694402,LOW
28.94125909594165,60.456414824017976,255.77912982076307,51.210790778120845,HIGH
33.14824053136323,82.86001781441063,430.8338893005884,136.21150540376252,CRITICAL
32.571894430822134,80.06119218122171,275.6284482248555,65.88305942906933,HIGH
35.63136019355065,65.02012253167273,250.8275181665303,73.22745753147993,HIGH
25.06694302522785,47.48304560485101,56.59075197948307,12.263246288347307,LOW
35.65184848529994,70.83511153799941,577.4244967506487,108.11650139280415,CRITICAL
26.865094791840754,75.44324957435413,264.24852762143,53.92107106094413,HIGH
28.94915649421696,59.437670532466704,150.59251269178085,31.27352109509376,MODERATE
24.67279253125775,47.549311175408896,79.70014952349983,10.225659448103402,LOW
23.71141659379193,49.52268491240998,27.84249674907278,2.8769912185121553,LOW
27.040245633702657,37.40879978988316,61.808266874992114,8.40181954833194,LOW
24.611062017512833,37.24277862593551,40.07008499113678,8.7949953083151,LOW
21.748089788631656,49.737886048735106,52.4839024840014,8.312729575732618,LOW
26.6132751717975,60.862337690340695,121.99732386598001,18.82090722349221,MODERATE
24.120472345870027,37.555464335414875,35.02043588939533,10.729191129351943,LOW
29.18995313197232,83.68807163082656,385.2512929890099,127.99623207730716,CRITICAL
27.88427658616591,53.51950177732203,70.3451326636291,20.905708071570366,MODERATE
24.729458274585408,34.261955865671275,59.0351692585117,5.510943651143874,LOW
26.941797642900525,60.20451121700702,182.00468790562556,33.671919194192235,MODERATE
23.299315048152323,61.938704467602875,38.06125626309214,7.8889768883627145,LOW
25.505442609721985,47.92433411485409,72.15573584387595,1.665771381575837,LOW
26.388327123400156,63.72125927589596,88.99420263096133,32.052548027849525,MODERATE
25.144240303162608,46.90242271481307,66.58886035498521,5.764233247074034,LOW
23.639665904141317,47.971860250244596,77.80734591780241,10.601903688034458,LOW
24.215157619133535,60.666457370455575,89.62809588578014,0.0,LOW
33.796358575766035,63.541383899456164,259.29590859352527,61.262500988831164,HIGH
30.406120102499965,85.69819786448434,416.9203854566062,86.29951451776901,CRITICAL
22.364607284665077,51.11352932098891,132.84974804144508,47.15153550588904,MODERATE
26.38013911799958,69.76366396248773,445.0552691072628,120.68169093167208,CRITICAL
31.220692712957643,56.31545815740606,123.25753597275667,42.99221945077887,MODERATE
25.025528291356185,52.08048338492151,112.43135283309572,26.279839270632195,MODERATE
25.461313211624237,42.671469989393884,37.185733646906726,3.5849113789732003,LOW
31.217877560407675,60.56549831029466,258.9644592778568,70.43881705918838,HIGH
22.439710831712024,45.53341701729259,77.24886727209582,6.895542839211,LOW
30.886013190737,54.50963811965185,287.58244576445304,65.44162550046204,HIGH
21.626227050678576,45.05982231156735,84.87121314580456,18.309999327649145,LOW
23.468785483049274,58.15736877430538,135.50560275116658,32.27120474503937,MODERATE
28.1461062325908,71.8993448517015,459.7431483135508,110.75999510947622,CRITICAL
27.649050968938134,57.831692323919974,165.88535277260107,27.802548568363054,MODERATE
32.22977512460907,55.99421720300797,151.27690489361754,30.823076057811196,MODERATE
23.129288072558396,46.25207114619259,50.89712636473528,9.417940282091138,LOW
24.216023609068635,48.505169665056165,56.18553252160353,1.9664862524427367,LOW
27.36055152827928,48.04737984990578,173.1981072696982,18.812598394273223,MODERATE
30.82790014105836,46.84907939698135,288.0248314268457,59.313306846726896,HIGH
24.786822715631345,54.10948946398089,135.44433956498577,15.146478054492917,MODERATE
26.266927032114584,49.87645488885216,116.14728952364007,36.16585653962337,MODERATE
27.4019619055739,50.91445698688493,134.23741018313004,21.1715237521928,MODERATE
27.026437174520574,56.64718558444295,126.43222556151065,29.27252478050069,MODERATE
26.01211432915278,64.94984821126512,237.2147224569022,50.26242159036856,HIGH
29.36424559399732,55.2655749901192,339.59274364314945,77.8812532006456,HIGH
26.5767156159938,69.74765657054945,267.18067751331387,86.0080450209694,HIGH
27.898396571561996,47.84696115722194,164.74320884593413,19.793888361996267,MODERATE
32.266415767054724,58.40135538593926,316.21048426595416,96.38134844790869,HIGH
28.651239569073876,51.97719476216299,152.56056652855037,17.94212351974842,MODERATE
24.087154659661223,55.79398666106849,27.68994397133971,8.876466163568882,LOW
34.03291401680497,73.45792620313502,374.1707536314804,86.34789239474485,CRITICAL
29.112354257067537,57.08515955910301,285.3117475145683,53.97264516606776,HIGH
23.09558921388468,44.71100890625777,50.48659938471286,5.752855640251472,LOW
26.13496643252922,45.770797174744644,49.0232321117048,9.5074143796255,LOW
30.581791751383406,61.797165047276216,237.99428388970694,54.47062306735245,HIGH
29.97737482801947,62.644422917460645,122.15624515326567,25.855381014052853,MODERATE
25.61909103110025,45.873039315789704,61.67021752753875,12.145050453684759,LOW
26.727773148708113,44.98953205547879,44.593575968545565,9.08143902480864,LOW
33.29943145606491,83.54602019140349,385.6059813975663,89.68672606445388,CRITICAL
22.252054878708517,49.93524150097017,66.32926798242029,6.505624262129633,LOW
29.353677128321387,67.79181245335248,364.95092102299384,59.81013555957609,HIGH
27.07332192500255,55.16840392144226,145.0438463780543,23.14066042918757,MODERATE
26.133774750241834,48.66639941382892,180.42519786744896,30.792076981618745,MODERATE
26.680113229492598,33.983510786802015,82.91077446712359,6.479248203455131,LOW
22.82387249175858,39.461993757285455,83.64995746743182,17.424866269581138,LOW
28.006424106582884,55.3989387616375,201.91520512058565,13.094796420371722,MODERATE
24.8186210575682,38.50825184970175,139.18409707712277,44.78439032728443,MODERATE
25.581531013129222,52.1920331823802,59.771457552848595,10.481822473645167,LOW
22.567672273654708,50.442045745979975,61.092223746667216,11.469365765774729,LOW
33.57601183288929,51.98636118167979,198.1623012895893,31.068025777653858,MODERATE
27.32506573222555,66.47721766104688,262.28409472344384,66.95261270190055,HIGH
32.13642881607384,74.7630615202155,249.84005080267247,53.48031759466797,HIGH
30.884043464826743,63.51312504940646,236.86157234481914,81.78112225792644,HIGH
31.278234366638046,55.08920355642841,169.45286792442133,34.46167714370946,MODERATE
32.10160876465747,80.42666355573685,291.32255138951604,77.61787435383545,HIGH
31.92114897509496,66.49182974179797,304.62920016045854,75.68595565065858,HIGH
27.741908667289366,53.71145483476878,138.25419469044874,40.36771503222859,MODERATE
21.210461879379995,49.77429735231512,34.43291058202999,2.2882276881657457,LOW
27.476166751687465,58.309037391581434,136.72717275661134,18.924750947127848,MODERATE
26.18343330170615,46.09317999457371,159.2115872113696,26.30033649572465,MODERATE
31.46544438467929,68.09439643539622,302.47671372800494,60.18539172909057,HIGH
24.472016256840348,30.42665814543981,71.63746342547083,10.599768784881006,LOW
23.139469213658213,52.789587773863246,117.25411630303259,35.956811009703,MODERATE
31.285380872310718,79.80882715444783,385.38440072475134,86.43218686421883,CRITICAL
29.843135269775605,60.05449834778699,175.4612902182088,28.147365768495547,MODERATE
22.703837442932794,46.00637500629586,50.497830108134735,8.267735176292092,LOW
26.36907849102876,47.38956152562057,92.29768557436623,7.177937711869007,LOW
37.85851155835822,68.05349802617941,404.94692670235503,69.60406979757752,CRITICAL
22.493317750262293,51.95987715605788,138.1634551835115,30.71968329238567,MODERATE
25.353812529795636,35.26698218273712,70.94427784103142,10.447018789765838,LOW
33.40435587678128,64.81840376050219,289.2048592638815,55.31358492581008,HIGH
30.5518173716755,50.072659509021264,119.10336071474714,29.506341217009194,MODERATE
25.831650635636983,62.24426258340147,345.1879848053766,64.4595426577235,HIGH
20.609554925546625,58.06687844708663,152.80097583929376,24.680681375685165,MODERATE
24.34024323431592,38.64307242985239,65.97336708203838,14.78854169010862,LOW
22.264811595125785,43.93451958118963,75.38303751115971,5.094724642810911,LOW
27.61938655887361,48.471349552705085,47.79573974663134,10.96825232551895,LOW
32.731932179673755,88.70785424611543,342.50023752065795,114.70732355091089,CRITICAL
37.742087705891294,63.02012682864736,349.51307200965266,89.96749246707198,CRITICAL
31.677828082267155,54.82642756560246,240.7259143698865,53.639245182279716,HIGH
27.96939091458215,39.400877606259314,42.414759003555815,5.467438819424623,LOW
34.834633614579595,66.93396106647037,400.04624289219174,89.16979398084598,CRITICAL
39.053129820389,69.40691524553789,275.8155168201686,55.690343175168664,HIGH
33.201069194209104,70.43483342693057,259.0254551489137,81.98667576119666,HIGH
25.54952147079027,46.77718201219807,56.81155416220251,6.180461554770052,LOW
25.684101337789695,41.95118932860344,67.91534512085721,5.669056471903986,LOW
24.625882672979923,37.787335446981,55.967738576610984,13.725763637273479,LOW
27.787149284125196,64.44402436170806,375.99988286944875,55.58390682344702,HIGH
31.780406222804054,60.28384079787565,287.25100083031936,58.73031473067063,HIGH
20.677456194453733,44.85338259080207,76.18368311920591,10.229703099118742,LOW
33.71917405958607,69.64261956756013,277.3206412151401,56.20904225790454,HIGH
22.588468578188635,53.130447769311715,154.3799627569246,43.72336878239386,MODERATE
31.54058407944809,62.04568552033075,408.6396352037485,121.23528893655498,CRITICAL
28.625952525016785,53.73212185523468,171.51001304146797,17.22193581835471,MODERATE
30.550066207105157,82.143590967568,405.0298802932075,102.68344199266198,CRITICAL
24.511209170102987,47.74514725968537,79.05050721281523,15.631795530389514,LOW
27.427348478336608,45.557835256934865,79.39392652055264,11.71487869162459,LOW
24.362468308759688,48.01903126505475,59.42043363475307,11.651426071990226,LOW
23.953253716008213,27.336673987905115,90.20886272688068,8.809634279118686,LOW
30.50355881738873,71.9719868789972,389.048869277566,90.25981072230618,CRITICAL
32.589228472179464,81.24290752802482,316.9257219106706,80.71637458656399,HIGH
24.209330731101154,47.55889442538172,48.12795791443014,8.29707971780353,LOW
30.270878265300325,55.471871886606806,114.1452845766382,27.635264134258737,MODERATE
27.22560722950418,56.78782177889993,141.8786873688667,31.933689779065638,MODERATE
24.513724085814246,37.79081824621842,55.4412421407715,11.639371913065071,LOW
23.456148499522605,48.305041202688656,75.80673441462882,9.213489206509761,LOW
26.40434766286179,53.28230840436714,68.25177904173957,19.440548998630142,LOW
43.49631034471576,81.9146953979259,493.7213033164695,98.59924490916578,CRITICAL
31.28092249099309,47.388489493932894,145.10021154553743,12.869978494150498,MODERATE
29.960431460304868,53.751669162055904,125.51975419619741,28.25785849626612,MODERATE
27.435607013594396,36.363314779796205,70.00328942878929,13.195724348236954,LOW
24.356615206317098,46.65589324448999,35.76099528848651,5.8746825836554075,LOW
24.198805055963533,40.748623707496385,45.701229482630794,9.640883001315176,LOW
34.69405691621252,89.60457747572084,381.72986987855916,108.86219602909652,CRITICAL
28.76388283923933,49.52888482442363,207.82193261981266,16.47510077539195,MODERATE
24.179976938217667,48.31454749048148,84.02144825565523,13.430645980664277,LOW
28.800268665787804,68.07231780844232,123.38124863517533,46.94742808955182,MODERATE
23.133544456159484,39.64026369235047,55.98083266065105,2.1788866757180188,LOW
26.211218268433164,47.479104456213065,172.4353558471308,28.2498696976849,MODERATE
26.02399819479437,57.48575231321093,152.19663631400982,24.392199295299378,MODERATE
23.898648084867485,38.163214661107126,54.80691551686931,12.317353081683553,LOW
23.54007133519321,49.06063676871586,42.36080105427681,6.204048647226696,LOW
26.99513227217427,45.97950975922923,55.043415426016104,16.176552004826586,LOW
35.04512467326786,82.87786589828795,256.9922594370664,50.835797790481784,HIGH
23.501831478325965,40.1536801419043,106.83553340685187,11.274506271221,LOW
23.076241465726156,41.53398369152922,78.46005040291861,3.296632909640956,LOW
27.155747815629276,63.021531955139565,340.79712875354403,59.75676237842737,HIGH
24.055457358776184,52.77755047762085,31.474985672167417,12.943852814891109,LOW
25.849768387838814,40.08430736339811,60.439075257531094,9.589973156349265,LOW
21.439173974106073,41.51753182882115,62.33876032190999,6.972351102782029,LOW
25.342607936549285,62.03480063613016,326.0613990981253,74.87252456358117,HIGH
27.17380487568573,56.70556907509914,125.15218813217528,42.9955094663312,MODERATE
35.65929452282389,98.31617252455344,382.5899695655562,79.97841519862094,CRITICAL
26.34152920477503,71.18446585842074,141.56522617782122,23.122753497567828,MODERATE
30.420066336129842,61.981112238163256,135.4356544093917,14.993727071382757,MODERATE
32.16373151249863,59.82165519184629,151.96384126674914,44.95066538520847,MODERATE
23.9281207960774,44.89456943681,49.523159721982616,8.86158685005946,LOW
22.52884087144782,42.94138791765869,182.53011020758333,17.508782216699494,MODERATE
22.53924421760119,55.424099440695215,53.429021828421455,3.7352529163180916,LOW
31.205596882899677,48.657642998130925,140.0504320020765,22.753632507512165,MODERATE
24.21565829488171,42.89170164530743,27.25995488296465,7.676482739639911,LOW
26.373301372212254,52.70791560706806,122.07670364907706,25.119589046419065,MODERATE
23.580668229593677,60.04576167679661,151.41165662710574,31.958485304971216,MODERATE
29.94466790185625,64.95423855862434,256.5699865925862,69.64004945651169,HIGH
33.51811987085976,56.9473302055366,92.63272033443488,39.30415264670944,MODERATE
37.035776088810564,76.76739562004246,257.2629677329795,75.10663897419646,HIGH
24.00538165282939,49.055908886123724,80.03400370883719,13.58082331554496,LOW
28.966847800162434,42.809877560837464,31.07038862941264,4.341202819162701,LOW
26.770041240459587,56.11340248637865,133.7242836022699,26.37838016560648,MODERATE
24.94230162666018,44.415720494777396,67.83009680046122,11.357753541269933,LOW
22.62380812409164,44.1794028280045,240.79954775085199,41.82538755538648,MODERATE
22.65078638602621,45.05705840257872,45.323469737102926,4.751671619336437,LOW
26.65236992685916,50.04447220154382,42.53913597080361,8.740735799370098,LOW
32.71611441925065,75.71627620349457,442.10160958856466,112.81861103688261,CRITICAL
22.69260565243498,41.694152474887105,39.59430267262874,3.754653625990911,LOW
29.448778843761573,45.33802324092237,158.1891973237277,36.27704970706716,MODERATE
23.45883779972756,54.87726120275024,69.93493831963272,2.5181714037508476,LOW
22.504526411543342,49.14784158055656,47.57852820118607,9.78787022235214,LOW
24.00631544547701,41.59631895653393,55.9763116520194,5.29757996675729,LOW
24.35057041728785,35.300806955375094,77.87249988363469,9.294848161382014,LOW
25.529123344058373,46.969453454159904,80.97365685229619,8.826817911178356,LOW
27.368773853421963,58.55343397154684,162.10887518393713,39.92584260247621,MODERATE
29.67116355907046,59.869863648001214,277.76106335823255,54.35857982489054,HIGH
19.74389506140392,35.70442345302774,95.73731450000744,7.373999001480891,LOW
32.20946380346674,64.60193582691116,212.47276974304447,65.06536453806469,HIGH
27.115273488033477,46.64543191618547,39.32396941370972,6.171338619003391,LOW
26.556309854725402,54.79032261665255,63.52607102941654,8.787678257907386,LOW
22.04285291827009,45.310939965602195,68.33338799183035,6.548797571294402,LOW
22.572524841624794,53.500361135928514,94.45861098702758,10.459170120946244,LOW
25.20047677502011,55.0122241941523,133.49334745689632,29.223758061158236,MODERATE
25.784061171628895,53.67288356170132,144.43636544783087,27.45949252219089,MODERATE
38.04878641174722,59.06337573921202,506.5853922450695,107.71058926405995,CRITICAL
33.17523334944663,59.33552671975543,238.85386497193412,50.548230014846425,HIGH
29.097614074653087,50.91366582345423,168.23794920534914,11.056630249110409,MODERATE
30.50141210283469,53.80320097676945,125.125690915015,24.745254222899224,MODERATE
27.964594088764237,73.45793098010066,253.78287548966958,58.496378931982846,HIGH
26.107486620662314,74.52039342879802,307.7782336297702,46.83585355984796,HIGH
23.941655314002432,37.823233607059464,23.925410096755186,9.363158450242258,LOW
25.183714639459907,50.251424313252876,32.03596928796317,10.231607639307756,LOW
23.825558629005616,43.72931019819518,48.11193274906472,0.0,LOW
31.989970496425265,53.12568169970794,301.290924384674,58.73773270197942,HIGH
28.694756195532904,69.29544378121811,244.00793928177106,49.644314394731595,HIGH
23.64223718046655,44.115081660046755,72.46435416497998,7.329653196615295,LOW
31.917145809168506,52.668979180289874,289.94945710456966,54.42003957146086,HIGH
28.63998998054973,57.901838498825214,101.79124054336329,29.17283683860944,MODERATE
23.926272194045946,31.108321938661568,32.26501916924563,14.75613443536075,LOW
25.938552457561,48.638796741196444,117.47238247238721,31.601246040708205,MODERATE
31.63994154995183,53.70665395992755,151.761614767336,18.89197225555703,MODERATE
24.35398281013597,42.76328573272088,51.258686395663815,11.307638502461293,LOW
35.57987748123131,85.29767655125823,454.188130763533,126.687067493357,CRITICAL
23.586145010031196,43.78335857541201,69.83299025815157,13.169651288847456,LOW
25.75341315475173,41.620011138111764,75.93679595218426,14.06323776874347,LOW
24.268339566962425,49.279939994429796,43.90791962570719,10.793449057440835,LOW
27.011453010545544,68.79667402351616,223.80315734431832,59.00914382926796,HIGH
22.53852723073439,45.49532423172191,61.19802582785196,6.719273442564637,LOW
24.707530490081304,71.01582062314286,146.71563530008186,20.62964684007974,MODERATE
26.2951609293966,42.545090101689276,35.45225145906057,13.414850988511066,LOW
25.3068390222387,50.61339615393676,64.9403436985538,19.58362958274133,LOW
28.546149774184574,62.95239996316834,381.75280878736544,90.17203458143098,HIGH
28.61762817776227,59.57988208183656,242.71479841867955,54.03202356742932,HIGH
23.512465753208314,44.331011012136344,73.93896216462177,3.3458881038641017,LOW
21.806256542654157,43.23351047665009,49.44442750873417,7.448077015874972,LOW
27.663640207177533,53.461255875362106,161.1205302897347,23.051083673171608,MODERATE
34.17520391136958,70.64702794075893,376.288265356336,100.17205079066636,CRITICAL
30.81005868969223,55.844771710852484,321.3468580053271,58.39300189891544,HIGH
25.183018348720267,63.965413213002186,132.2772073006211,41.18286382862029,MODERATE
33.82837445713808,87.59996207316104,429.2495823629736,150.42931883611266,CRITICAL
24.693275817547562,43.3851573045719,64.62677135329213,17.62059708819527,LOW
20.724499933636924,40.22695093674355,74.64070841051986,3.5605952666722445,LOW
25.053413388977788,57.08634139921174,78.8187286592227,11.456200949991103,LOW
25.077807882229735,42.239579672236786,39.39709601312049,7.722537585227677,LOW
31.525055216048813,47.918435215305934,270.11978492842024,65.40014477369223,HIGH
35.88040264751905,66.48522828356215,239.0696705688527,39.546888629579385,HIGH
31.523650562090346,82.80153279445213,496.85810836894126,74.11850468041652,CRITICAL
30.877867231018033,62.133275276961974,87.10861689268634,23.170783641650367,MODERATE
25.0469455102941,47.47995974091298,11.43794619706874,8.796673514688633,LOW
24.295951982448244,45.87760151699917,53.43011363906321,5.764236235701286,LOW
24.10418690247025,48.69152712199774,72.5369986373183,10.343445676652966,LOW
23.25015066372846,36.3358525807216,68.5869660495277,10.505518217557018,LOW
27.206645955151217,79.32636870888835,311.9726086148639,60.96804352601224,HIGH
30.231460231296747,47.287611525553004,217.8409447437621,25.094360480805353,MODERATE
23.631052429854567,54.48448025292185,46.77236687712271,10.0753455141868,LOW
28.986231410087466,62.705332835605184,135.37583655595307,30.678466982798486,MODERATE
32.17897799312419,80.15286955006562,407.94618681222374,109.11748213165211,CRITICAL
22.42343369843007,43.43584084726531,62.60878053738071,9.589104005151485,LOW
39.03982222726545,77.60982448644147,378.0269599504274,88.51953816204093,CRITICAL
23.970343691783416,55.797017327053666,160.82846143046038,27.50941078813355,MODERATE
28.64531008298054,60.62795998156777,248.07282089059993,83.58808550453303,HIGH
22.952397797704776,45.64174826320323,72.02320629530846,8.621521175769681,LOW
27.186559676930322,74.37042905693131,279.59714471025006,64.3278270754758,HIGH
21.544299738973173,34.99996838510765,46.27001995890385,12.35069288240941,LOW
22.354655442827074,48.636542824135496,138.45500047487053,27.235990218701176,MODERATE
26.065212692103756,52.49552662854894,96.0983250970078,3.5003707332057266,LOW
29.095455471179264,51.82178149132483,175.82359409547695,31.656907440918616,MODERATE
30.12814834179806,62.42711638591287,137.64385173918913,29.220313232253826,MODERATE
28.97643142540037,88.24592329945979,460.9963019863767,98.09945751838124,CRITICAL
22.73926470650569,33.97119318926835,78.13265555208505,4.885759067536011,LOW
24.41224608156752,47.31279206843257,75.27121901166834,12.323405705070048,LOW
31.836992871774036,77.64819201540891,337.1947516472442,136.2427539690566,CRITICAL
29.960680483730965,54.44900608778573,247.14251713604565,65.18799781604872,HIGH
30.432738774436864,56.588307111739574,136.1127081231422,28.93134456020763,MODERATE
33.7266126498534,55.88983284787671,249.37067286371777,71.6470574615812,HIGH
23.848855375803712,60.24388612514637,123.27377579440812,40.43061419085073,MODERATE
21.736151098708557,41.825539791219526,50.16370893848477,10.639506885209324,LOW
23.56353325985465,45.240185976441964,166.47070003193585,32.289894916513305,MODERATE
27.812195576881383,50.667565967324755,155.51977073325432,50.308044519874144,MODERATE
23.423183098080326,41.85976951739256,8.512090845151796,14.274776611938792,LOW
22.912344061447016,36.409753902737236,39.20518602258494,11.777591449917692,LOW
25.383184035214562,45.5186588302091,77.40165897809672,11.478300561568988,LOW
20.730949767234186,46.35958100651778,139.06944990337118,38.636550279201934,MODERATE
34.343056870452486,69.49577942500638,312.47673006582085,122.27127528146328,CRITICAL
39.87500400807446,59.08476863972389,374.7373793587299,75.47714337022454,HIGH
24.464287577287173,49.628283159302796,55.9454605347015,13.351930842209194,LOW
37.38535400237652,74.85173968757245,355.37829508816304,103.46429249049532,CRITICAL
20.24789825792435,46.01541189594806,58.25757723341742,4.813495716860182,LOW
26.064460959497104,68.51066173445393,156.603550385321,38.28836201051679,MODERATE
25.37825044949475,70.37873479057299,250.38159716856063,60.30159818016925,HIGH
24.14553572784272,51.39107016973471,76.78928595254327,16.344758031140657,LOW
20.86237730922533,46.64465607349608,95.75425265020341,35.05544328311672,MODERATE
33.04327867262428,73.0506231126529,441.04138784499133,75.29357903987088,CRITICAL
35.00518482612443,85.7887134253902,418.6031428211903,89.16680587235936,CRITICAL
25.905351170120557,40.58441010365712,39.34613551646902,3.138699094164876,LOW
22.077571559092295,43.56690758283509,38.242649314308174,10.74283215019055,LOW
28.443984578369054,34.77334130164403,62.90662974562287,10.696019956163829,LOW
24.19050479489492,49.617566198440294,61.736846686040984,15.537851539279352,LOW
22.31553317439456,53.850336283385666,76.4164739987493,12.162046845065152,LOW
20.16688424259646,49.77366397633693,79.1586629235496,7.365199335297055,LOW
24.392697928124115,31.843385744948755,66.86289596280757,7.120559880042404,LOW
28.643832100173896,50.814545494066664,195.07355754788688,37.51561044783448,MODERATE
34.39181967775661,79.65225111687673,399.9655205475058,98.3120119230549,CRITICAL
21.86840283192522,31.603407968538193,64.30442752197668,2.044400202819257,LOW
21.685252923154284,43.46088886567088,162.79065522357874,28.22153467951941,MODERATE
29.736392865503962,69.09735820045294,440.7050337565603,103.95825469386999,CRITICAL
33.895276036377744,62.982241133934316,196.64878213357787,54.406971413072974,HIGH
24.670538843987657,47.617630520663724,152.09256852670458,49.44242482186625,MODERATE
26.991582442524674,45.81574885938308,187.30203165124541,36.99794434681139,MODERATE
31.079387433914235,52.00861051713635,140.92746540463133,43.6790282550932,MODERATE
19.561556357311677,47.728925853822055,49.52943490614726,13.592687298626629,LOW
21.778371707931605,56.881811193468344,156.31883181754822,32.907699891718295,MODERATE
31.487897879465194,57.89722292730009,150.68695381423393,39.1837404335058,MODERATE
25.83014150833618,46.23723676084854,67.78554989584053,11.024175037593032,LOW
37.49551249451914,59.007573005468544,331.97076227092145,63.23800280219197,HIGH
26.43504676924048,51.1725691637226,167.3273195525298,30.730401781268565,MODERATE
35.41302374046914,73.72107203580579,351.3724989443381,68.31750529695363,HIGH
29.110681447855864,50.957674853553684,153.9017866415951,28.594576805429078,MODERATE
24.254911009678146,42.35419864954019,55.63406104767053,11.455139782599819,LOW
24.453689728356064,52.6440924940945,127.04751910920568,23.35855529760807,MODERATE
26.410649151554416,59.10110159814253,159.61337294354513,21.545144007334002,MODERATE
38.77764922590815,66.88932914451267,487.3260990555758,111.53876825192552,CRITICAL
28.074240133437936,54.81960443062135,166.3523596344422,31.498524185049337,MODERATE
24.92251972251585,69.21746032505541,263.185512472597,75.89125253503344,HIGH
23.30467157768798,51.13792914646401,63.68714991305828,10.654571389512348,LOW
27.367111424479596,40.72039962542605,54.19185832573701,5.050659419680014,LOW
29.25355298092698,61.23971534618943,256.7378515529269,65.87810682487343,HIGH
19.51350946779548,47.74622422435663,21.955961288333214,13.416551135909517,LOW
23.671552392129932,52.79695768032294,59.56338444822205,16.39696463631148,LOW
19.905354571706635,54.44061779125449,201.23889580232216,34.279746447523344,MODERATE
27.986703507854195,61.79787386916787,147.43150683256587,51.01112068273903,MODERATE
30.007532166134244,60.333560655372594,129.00517725905826,26.60447786121862,MODERATE
21.6320436018509,51.10859188487619,62.60618197687634,11.352286906909091,LOW
25.3119973103242,46.723781064495405,58.849619592459234,11.443567452236305,LOW
22.81619499223305,43.54868681016534,51.64434279027064,18.7221182441728,LOW
24.094593228084896,69.2540720158259,137.01430165691062,30.235642939714275,MODERATE
21.090034368307155,53.340819071413215,132.79998447098498,31.64064063635308,MODERATE
34.6909625386706,73.8871743163891,478.58222549494945,111.02971860668076,CRITICAL
31.443611774380418,79.68711198024175,287.7703289642848,57.797720930480125,HIGH
21.13212525193009,42.197844629521434,58.04921680882534,7.777514161559045,LOW
32.72596782196677,66.76959656878113,453.69541094465774,132.38788993756026,CRITICAL
27.731147591123435,41.66496739292327,105.76385607818521,25.28987337618262,MODERATE
24.663881910883575,49.287296676641155,151.0826184568335,30.296668889198806,MODERATE
32.958664701789715,53.142456388192386,153.4075494725424,26.785763698316465,MODERATE
26.469915119408235,54.98198218172743,46.27921784525016,14.40318070520485,LOW
29.923609828380233,54.35684509115042,144.3887768015346,37.48571716571195,MODERATE
27.13144112772377,46.19128533270293,58.075536702574375,0.16058568002318374,LOW
29.81724518444982,56.19152855003028,316.6358754444961,46.65970653789465,HIGH
23.075947013723024,52.22845850039668,49.051702517646405,11.809648472191952,LOW
38.61315394178912,82.65193546904833,418.16079379217507,71.0741097478564,CRITICAL
23.960088710935693,46.716055398916666,46.72400738602542,14.563604473634452,LOW
28.238507956563623,61.334177290066556,366.78441942850736,74.30129050125097,HIGH
23.875239090859758,50.17819215471339,129.55733082356267,31.475149900708974,MODERATE
23.02101117748596,42.81558244497928,45.70736663984874,9.28064285239436,LOW
28.947442593800986,78.11831490271707,495.9050982183793,101.33625802868866,CRITICAL
33.77269445785176,57.12622498504925,278.97888115275714,50.44218259459982,HIGH
34.39206294082082,63.62944443059715,419.35812176689575,127.30059248761413,CRITICAL
24.187058567886417,51.115294991853595,67.1813277019194,8.467545544499764,LOW
27.252984654164237,38.70538686431326,84.88987640551984,12.147230517049003,LOW
24.623996723637905,57.797466367711976,87.64174645554789,7.949147775462205,LOW
35.40083214926429,73.51037643927147,485.9855562103502,119.79178272843609,CRITICAL
36.83470102169564,73.38818135219368,422.04094748154364,109.97886028521317,CRITICAL
25.95558592709204,40.501543555876225,58.94498458158595,8.205914428571154,LOW
23.78125898479782,56.068526565354574,29.183218912504554,9.903752825359732,LOW
24.57547094352864,39.223650255636414,34.34800936560083,4.485609372821496,LOW
24.05194207691443,51.50306465842779,213.1389779583892,24.125954745788352,MODERATE
30.19143502987652,62.110041308854704,110.05270928868958,24.293180418388012,MODERATE
27.858034914766584,40.43093604815283,51.114966286000616,11.678297685604019,LOW
25.360508008605475,39.921864810991195,50.4231335351807,10.862004799207874,LOW
23.523031835763145,44.866188599497086,41.53328813149063,17.45290732756897,LOW
26.155509559113483,45.17938324840561,61.53480717438142,3.998764436591757,LOW
30.755715635507876,55.54640749983694,156.19284368959853,20.007569982396717,MODERATE
34.18690600340496,78.9211501667315,252.04266938023517,74.40076603708278,HIGH
23.758942119844548,56.111754121069914,51.84237037159046,14.962850548069943,LOW
24.23836692590877,57.66996321929434,149.49332032905542,40.976137384264625,MODERATE
23.807144940175437,53.276653037892196,82.48672056789405,14.807853284615502,LOW
28.620623872394713,51.87931461576216,163.20529877215233,31.69693754455976,MODERATE
25.219559267945357,46.56334123502717,72.20053351188926,8.928152768980029,LOW
25.557888383545652,48.25515954308904,68.88669420672355,14.629125229974255,LOW
23.774455892907426,50.94186228493977,63.1329403207568,17.667707166001314,LOW
32.49756272575323,95.9763962050524,304.3878090205594,117.74709481338084,CRITICAL
27.76436058734604,46.51683639177172,45.71168162843182,8.934021151121666,LOW
26.082669064289764,52.69946668877347,127.46532393896837,32.16051049266099,MODERATE
31.014774434896133,60.07558113260402,437.1026048682264,115.63841102239067,CRITICAL
32.65352314478238,77.58173420589591,324.8680549119068,102.51759474981806,HIGH
21.725692237065857,39.62002958134908,149.77826106459855,34.03385943904257,MODERATE
29.11074133817328,53.10830547221137,129.1814770975763,25.656873121191644,MODERATE
33.53053703218045,61.10607442667336,266.99640836874823,72.98303581662095,HIGH
26.23342110129078,39.48296260658963,39.54545238362124,11.21851613607337,LOW
28.405121517749762,75.7487632106194,366.62215643966016,56.21004102022998,HIGH
19.853603483997833,62.53278586702618,124.26711686614748,37.808581455777116,MODERATE
26.794537396119615,49.329190824207124,143.58357906653757,44.63939223144356,MODERATE
28.22060324785167,42.68512463344298,86.85176466852243,3.497229573948788,LOW
25.39167004402393,65.76393920557999,155.55746358108223,13.295334642820038,MODERATE
27.962013251861798,72.47240235289735,316.2253367645324,60.794407938544325,HIGH
25.432776481700106,38.222861445408235,68.23804160310635,11.490071987480931,LOW
32.19303389513715,65.81675482459748,302.3838772640443,46.322567681278684,HIGH
39.10640531800909,77.88856278508,453.0668718045325,102.80161365180474,CRITICAL
24.130494255959707,38.11235230527234,74.76389078789869,3.4634150099689105,LOW
29.847331449859063,61.414994002362306,287.7394937466792,55.06996532854808,HIGH
24.113593265244003,41.29623629152681,84.08723226083373,10.819130441197993,LOW
31.249766188483264,64.8012497505606,167.39356361568565,27.578734391921564,MODERATE
35.82676280191898,84.85125884235647,439.4873150666307,36.108319004642055,CRITICAL
38.725996619102965,72.28900025646318,474.35989213894374,117.55930828786752,CRITICAL
30.813903348653053,46.1276615382572,148.28265986883193,28.743981497823317,MODERATE
24.60758773529793,52.862213397438346,82.45935369350498,12.894656858967663,LOW
22.992143097368643,56.163183838311376,148.97294876749376,26.015361380013477,MODERATE
35.37255199433241,80.24258557963866,284.76370689270135,72.59377837667145,HIGH
35.21983379868984,98.31955951121132,368.2795233660363,92.87856820211756,CRITICAL
31.68797485928191,60.614601119530526,133.67544261844222,23.088989000361757,MODERATE
28.08506314601658,64.87292578031436,148.1955194765533,34.092282579468794,MODERATE
32.503554662503724,73.70270257071891,354.863316063591,114.88213647454486,CRITICAL
33.97048360031596,70.33235914536805,274.2305438573639,86.7275890310778,HIGH
31.165638904971317,65.15900693129245,146.23201034079327,33.103035655145895,MODERATE
23.552574637396724,47.1111877933484,111.02065062014768,29.13519929184088,MODERATE
22.692988115114282,56.04550759389074,147.13143249850222,39.45792136061594,MODERATE
24.912900680828464,40.820216871802586,71.64103879224724,10.037211693281892,LOW
22.276797757640377,42.214679764667956,56.799761797071106,13.216385568661794,LOW
32.476728428785485,59.7203665169253,162.72884773687082,27.550157076219406,MODERATE
25.290319674440568,50.101129360666505,73.17279546204583,21.930945739406628,MODERATE
28.10580063887698,52.364333012584325,161.95439466420063,14.372763794165005,MODERATE
26.554984526294966,44.27330431746372,28.10418852752577,8.344237860893212,LOW
36.03451862759068,62.235209146857905,550.219604855113,79.92382967509734,CRITICAL
21.925227998695593,38.78398791051839,51.86127991676719,12.54460063938431,LOW
23.227663655935082,38.93913867489045,68.61550769987655,12.03185431571675,LOW
24.551479625813464,44.32460132193791,61.76671538200586,9.273395485505716,LOW
43.91383800282351,76.61687836536473,419.63852636157515,110.11722731380137,CRITICAL
25.52995674220964,47.647058454486775,52.43153625523157,13.608267276169913,LOW
22.05988672305125,47.10962667253776,64.26586506118787,13.841672584442499,LOW
26.672321008113716,51.69539144510529,150.05231250173398,32.90647103734925,MODERATE
36.20564883254447,74.18314250875407,474.82493610127733,91.51396211813447,CRITICAL
25.52614076030752,38.235087580979936,63.33412795685548,13.090734072128525,LOW
29.019423809693173,65.64842452560994,449.8151119390053,69.90767054863257,CRITICAL
25.073669493867854,43.664704698919024,47.47595298711366,8.021071410709867,LOW
24.96890686090989,40.16073866989532,50.356460677490325,11.38714054634871,LOW
28.886040071096993,49.08449260220857,296.53416306405165,66.10590154651763,HIGH
21.925201789066307,45.076574871921146,68.64849168946384,10.391035525297216,LOW
33.11432350781509,64.14173528260767,313.2225440243454,65.6812718974751,HIGH
26.592727594622044,39.61165273115689,60.41957366498925,14.75884001059842,LOW
29.892841043893664,51.35072187700664,177.83438760128308,94.06653665665047,HIGH
25.247780582741214,57.44619822390889,121.5697758508995,27.35038978082987,MODERATE
29.34690566174198,56.0551354874587,332.12884342741415,125.4257552787492,CRITICAL
25.069784223605758,50.73988433907128,60.29843433373424,8.805731150715717,LOW
29.750138900427658,74.63127409645304,364.44402433650214,85.29736562519338,HIGH
23.125946482279772,45.02495483268694,68.33504328760577,3.090741849191808,LOW
26.613579499250786,41.64528408834133,33.226685907841826,5.585436769108157,LOW
28.53235694060951,66.9330051374724,235.95726867640732,40.58119821662372,HIGH
24.79637982257795,42.997494832571306,50.61548900973103,15.85960147630094,LOW
30.440439094907276,50.9141512575756,151.51999620538734,33.21759132797226,MODERATE
26.71340367298908,50.914727620817246,161.9717759250665,19.428846689195353,MODERATE
24.62142640348582,43.780148828956065,68.09130862173751,8.540238145068091,LOW
32.63117846436604,69.69611204123498,257.17283925359345,56.69726790859718,HIGH
29.343983041557948,77.20095287905815,294.2414071387393,65.20440326966101,HIGH
29.216968341109922,50.71876570038909,130.4175806675688,36.180917304612684,MODERATE
23.489657172593326,63.73783388988553,285.6483829246429,60.24565381906376,HIGH
21.570935991272968,35.182855804614924,120.73595284889187,32.2579769741372,MODERATE
22.312907865520984,33.46343418480368,55.63276489443574,17.8315970318234,LOW
26.677491464007396,60.87461658551763,150.6391967343172,28.280065838485285,MODERATE
36.887548602047225,77.59763185409807,412.3670916087894,98.07870590545873,CRITICAL
25.99061214036248,63.618770155492086,118.58560901132154,41.47027163604622,MODERATE
22.062930153895987,48.05387180731384,48.29454783028896,10.133712217389903,LOW
34.46835134346769,83.4728771442888,448.51814086806775,82.49269216461843,CRITICAL
24.541551220530668,47.05912276137466,47.85999037103224,16.36526193192815,LOW
22.74884726923041,40.666468105104045,55.899362153161555,8.672582355703362,LOW
38.938091891979546,75.31562562151251,457.2848058489068,121.45950452689098,CRITICAL
28.20785603810727,59.15931287864597,164.62817170946653,23.769569372193672,MODERATE
23.4228106766279,40.760014325718664,33.484189692558246,12.703807843796163,LOW
21.321266847414908,43.554499729634784,56.68285528945271,10.727777714039757,LOW
29.58402305602235,79.67752046430519,335.63208932522576,100.34673013890674,CRITICAL
26.630147045319642,56.769023348244964,197.9571185343422,17.2040623952728,MODERATE
18.975684187737244,53.36226689290391,23.22835187033118,19.745578552139165,LOW
30.871149182319105,62.58909216387605,136.90532726086775,27.12200625449919,MODERATE
25.574740332888577,42.45919137468919,45.25829649508678,12.14910404782461,LOW
30.01305312474399,65.85684691897755,251.09067298324294,58.1183184671209,HIGH
34.18305919885941,71.76335736194748,410.3681174062203,114.08909976998135,CRITICAL
24.854430800916774,46.53492114035544,27.804203086665886,17.177022413635047,LOW
28.598311201765487,56.020587698421735,290.2623173661359,45.03791397036197,HIGH
23.063092528495215,54.7308415698529,45.16073933304719,9.551191657733119,LOW
23.353521040722338,46.63255045905444,79.66785760148423,7.775810196663334,LOW
21.082578807384845,48.500596496627246,66.99801096595714,14.246652692324362,LOW
22.70778822719837,38.53073385602897,236.03887603055102,34.215384148300025,MODERATE
31.83591928094145,53.549288414140506,244.2307604066629,89.40662179187738,HIGH
22.472804684744126,37.63910803150057,50.717506038997804,8.738277411108486,LOW
30.435197872102133,55.4835857269359,277.36289363754616,68.70073855729201,HIGH
32.20649660335784,74.67132761817255,286.24020774628434,53.84108787410448,HIGH
20.682328046676275,44.19698859538479,65.59403922293843,6.413469660538087,LOW
25.584558990902295,34.243335966309346,28.09927394686396,6.0639047891847255,LOW
38.56368684220945,89.61340976002458,420.56151076095153,100.81021344075444,CRITICAL
28.04905177475039,53.62682283158085,142.95983428554413,42.944406728422706,MODERATE
26.66196288809537,35.47155203314432,108.3860201915326,8.506918152978523,LOW
25.732545823893023,42.01585961774739,74.74254162106297,13.484012706324954,LOW
24.896099327454323,55.3171477643932,146.53518156943994,41.14504076679628,MODERATE
30.78872929161073,69.8486236696614,187.9006114991489,56.385646369155616,HIGH
34.34609650567735,66.59815467724636,345.6207549989945,77.15115801235369,HIGH
23.71993870809246,47.45053011743143,51.92456004858545,16.125160711666375,LOW
27.94831935127316,60.1481276952354,140.59659031616692,25.68960533880601,MODERATE
25.623997025570347,42.00091201483288,40.75941863563274,14.602339107972105,LOW
30.023572291468554,60.31532211887208,215.39667924845895,38.91977628485237,MODERATE
24.940535934463167,41.65506767373873,51.825729050918994,4.349998397538805,LOW
25.0900685770694,44.60386976919756,40.21136874152356,3.907922670126741,LOW
27.975482259124497,49.231515812800794,163.8535037910863,47.51348862244869,MODERATE
23.851728523885868,98.87062519188248,318.29144358402925,100.87976109246335,CRITICAL
28.77999367008036,67.2752774798611,186.80394210406257,63.736561803145754,HIGH
22.313519350824897,36.658289640347064,57.49250816119664,8.646634039794497,LOW
23.43496177164716,58.634292068302855,167.8579053432519,21.4748261243481,MODERATE
35.5459679760229,66.31525507721099,429.82640904832334,134.36093057232125,CRITICAL
27.359150897682277,68.13682797857399,272.0055371716173,62.897801475121604,HIGH
25.382074805556652,45.21301299283983,58.9077542992329,18.254165961893563,LOW
25.667092236130337,45.78723567528118,41.89662175389047,14.509545543735975,LOW
22.84566197235373,43.54115727847383,42.60871380771333,14.229316171943449,LOW
24.3632649230567,44.74328655824838,47.74796020950283,1.4797094249659182,LOW
24.77206398144213,48.74923532590303,158.68081873848195,36.491949935786565,MODERATE
35.226750805364304,58.736818243306956,273.9008292963275,64.28617949011365,HIGH
31.317661246246534,66.06855131646503,205.53205982464354,52.40130607104943,HIGH
24.77397320920845,75.74394121944502,302.4849020029404,54.53470140290743,HIGH
27.791910599696614,53.468434838876526,57.85006611221704,10.538366917809517,LOW
27.404351933478317,50.28267418001493,147.6437092747746,44.482635038117934,MODERATE
21.903956237452746,36.801767712090154,62.28811963256064,6.956419382028839,LOW
22.14149072061436,59.83175094203118,118.19505384620985,30.370378074218713,MODERATE
41.873555849115476,76.54340256086574,527.0009571463027,116.2148480012484,CRITICAL
26.373605380731238,57.41852134643226,186.55930767056867,37.23967958867239,MODERATE
23.344130334424545,44.047341037159676,80.47791512886042,15.38364499492856,LOW
24.76872307693509,48.67106348210848,174.89101847190466,22.564199823499848,MODERATE
28.63707102936304,51.18435708943954,196.915779415538,18.301928735190188,MODERATE
24.637771728490993,32.55920186004785,88.65383344478904,13.888850016879955,LOW
22.070558869517207,35.58559953696969,103.47803091258703,6.306472503352625,LOW
24.5358382487003,35.172639199433306,42.33212882799799,13.979876776641873,LOW
23.227260080521237,45.10984003758828,52.03553045639993,9.752008762523841,LOW
25.25928204141772,50.72525303718197,128.22417444432736,38.35128797133186,MODERATE
24.20291019482715,46.639243452202,145.28170070608152,47.24230078631637,MODERATE
23.67755122059192,45.53232248230597,58.044440867187305,8.167160503122046,LOW
24.908917245886908,50.07483194247045,70.60883909399395,13.575793287223947,LOW
34.993131900365,83.59843167676732,334.7803576633236,55.627745128614905,HIGH
33.13130553695379,80.3623592418575,236.477866749567,72.8113151395011,HIGH
28.537635312300406,53.49677334780196,164.38406412572664,18.717294511348605,MODERATE
24.4121190303722,45.913157290631425,95.10410939725193,8.470066406928707,LOW
27.300812097117767,56.386274121685126,216.65411713928336,30.51045673930999,MODERATE
27.741805590894444,43.15386740736623,31.106793350237005,7.0366251742845956,LOW
21.600103601056645,52.458894969423056,147.89352104179704,39.44422332103125,MODERATE
25.167668616257334,39.64073996881368,75.92879871535408,15.564931345594939,LOW
28.267552608893777,46.14715390210015,181.6330742281598,44.246644390091355,MODERATE
32.62257088653006,73.54204629610942,396.8768606743077,97.7910069367941,CRITICAL
24.558928223340683,51.02361963582821,66.67624580600797,6.543648104087269,LOW
29.31147678163643,63.508239387052384,360.7621161136565,92.3685942830668,HIGH
27.356291390500854,45.46843446346924,156.6002491719025,23.679941628503574,MODERATE
26.181682930628533,68.07587466664094,240.6592280057334,64.86678740323138,HIGH
26.043937377564195,44.63585879441051,73.70189790326752,7.3501196055515905,LOW
30.006622243313593,57.32469634697991,134.11968910880083,27.76766105949254,MODERATE
30.63262153228737,66.50116379393293,453.08738178964546,96.21712810916405,CRITICAL
26.70163733408382,38.40239827272055,56.410259760246504,7.521917425251608,LOW
22.23076108469732,49.28567542616077,61.99482343752441,13.934614380843566,LOW
37.39906530984763,49.762809715968444,208.66892914349677,89.54318786803,HIGH
36.3655443322243,78.8814777658621,451.4163998582747,110.995354408679,CRITICAL
32.803341344292065,57.27276406699916,316.8185907282756,74.24949496153525,HIGH
27.52848215380233,46.98285647785957,37.9041176826207,17.090091724808545,LOW
24.67592838734476,43.45959644147487,52.24874369667373,13.05720048612607,LOW
25.026482982536262,40.10588225901978,56.86665062325611,6.921860080637199,LOW
30.643713325397773,79.75443338563836,268.32751684890667,35.241623456570956,HIGH
32.34777812207807,63.95191652357288,260.3253084912507,51.7430408152036,HIGH
31.15553466598011,51.0979908521482,294.7483014978359,81.88640382848777,HIGH
28.29521958341406,57.07140571180274,238.72064825263442,86.30321195865731,HIGH
20.64255117064274,47.30480355506678,62.53866214032394,8.204418132466675,LOW
23.80831530068137,62.60643670826437,157.42538567415292,33.829149317294274,MODERATE
31.983066114735465,61.25284269257407,270.73767904836507,81.3087652759506,HIGH
27.33372403672075,63.33392933513774,317.7678411547149,91.34911625102022,HIGH
28.6127265551605,75.2003689456466,282.63863359481576,79.62183294426033,HIGH
21.472071914870472,48.299843739763055,78.1025386410472,9.919378979888672,LOW
22.285008264680734,59.785322615856536,156.26245103441732,22.622528682319313,MODERATE
24.309006498255545,41.64818526568398,60.04818829517804,3.0002694111862036,LOW
31.047727854898852,56.20517194807751,169.31310182255427,79.4078891744675,HIGH
24.4213714269381,50.181888007587624,75.49617113334081,10.77775228021413,LOW
29.748575204154225,68.3675361912416,342.8664118695707,63.55935560157641,HIGH
24.746304946904825,47.28414581109997,103.29197041183151,16.61071286487373,LOW
24.607159024899428,70.34527751509404,147.5334961764013,28.18007056197195,MODERATE
31.97887247366147,56.33316833517888,298.3714222846146,48.73808813467232,HIGH
25.103147925753458,58.67922945449746,41.58556743313477,16.1967169788319,LOW
35.832301905897175,69.31539192052244,395.36239056123037,94.67007164182343,CRITICAL
29.961246773397228,71.01815873761677,426.3815618507779,128.27388713252037,CRITICAL
26.333080402588774,36.130938768257394,52.20655069724265,12.844019676545699,LOW
22.277649770681645,50.604413352995415,50.43708272485534,6.8905457544251165,LOW
31.01850809600271,60.81670131977112,254.94091636388026,50.022844802706224,HIGH
24.11364689405209,42.62551052364681,79.80016983877384,10.978201851952656,LOW
25.032137075349404,41.326522758169084,30.315457053883623,6.292582541184818,LOW
32.00566851883336,83.82917934173749,473.3823656767336,149.2375928055329,CRITICAL
35.792344918193244,77.73013764531304,269.54813088825114,71.62977555716328,HIGH
23.88215075467548,44.18164933671214,48.707926419885865,0.5598459253478811,LOW
24.87039201763972,47.472559634682206,162.66574950432943,18.389502073431217,MODERATE
28.450797945781563,52.19864751811924,148.1006924146662,20.478231246766065,MODERATE
24.37472848210253,46.571099727537266,69.03402683411635,7.430338344433104,LOW
25.914636749825263,49.132310481674445,50.36354154112318,11.63644079652016,LOW
39.554803212335756,69.91897047211204,338.11814250111615,78.65569720806494,CRITICAL
26.924634266574316,40.62932752715179,49.266098645831605,7.532355607526727,LOW
26.966319467740117,46.03964877813771,182.53079868980853,28.841431375922827,MODERATE
23.479287004349956,66.12906320277436,191.7403619395946,26.70652792923481,MODERATE
24.23610655161031,48.63125002332311,149.98182150675424,30.16556787397089,MODERATE
28.587010646651727,43.442898857021625,61.18102098990939,7.495050266346232,LOW
25.926365666267376,54.97948701922318,149.56230268715657,36.43893078832856,MODERATE
29.11284906119851,54.93132424736196,156.93757665317673,28.06955453853383,MODERATE
24.64524485903185,44.0515508729226,56.61761757807623,9.563042635012012,LOW
23.88727779756216,41.64695006873184,73.7682099948287,13.31230397019268,LOW
25.189110868065715,59.66507107606474,92.72588051151953,36.6323445201751,MODERATE
22.031337792855428,46.993351974094914,48.813017362398384,6.966585959988359,LOW
25.45925198383705,39.40265762149354,59.025212443994356,8.485374861842654,LOW
37.336590828680016,71.55912617063211,318.15647893372795,39.30605483589442,HIGH
22.778488187082377,46.41775319158004,43.09964267310066,11.484538410839132,LOW
27.3814966838551,51.7810659764755,143.03516295973378,18.24776034209584,MODERATE
24.62576621519322,38.70661256221292,41.70627077768245,10.061129516595305,LOW
21.698020182526058,51.68045605120303,58.350596064775736,6.279026459971613,LOW
36.245661631389126,53.8942933076373,247.0648169824234,78.33617018488889,HIGH
31.83503672696779,83.68313912728341,475.67626532430495,111.62781337036162,CRITICAL
23.083390760331284,46.70805639179039,36.38527689815916,15.31113952453245,LOW
30.292135450479186,67.84883593944646,333.36109192821965,92.37785173994764,HIGH
20.528924973282415,43.106677870034886,69.01238852669795,8.023130812392274,LOW
27.258750345605264,40.10441915244762,57.07679964169697,7.001783455241452,LOW
26.32370295199985,61.67980540322801,123.34606008798497,9.06600316035389,MODERATE
27.91509516187981,59.75446728802343,288.4228480276846,49.88288532259597,HIGH
22.14110516469578,38.30607599304131,50.01911260267838,7.610850416419738,LOW
31.04188245972151,71.78163034503206,390.02375260457774,121.17769952075135,CRITICAL
26.10139344679839,38.08577894397115,59.11140104817324,7.69643593188027,LOW
23.864977918029886,55.39756654941134,44.647641547329606,9.490180072648934,LOW
22.622316684287973,49.48923369459969,136.5005096511246,26.7553356725508,MODERATE
22.055002077889892,50.618376519451196,165.05275420211024,19.1340394168437,MODERATE
24.585687519876135,40.30639846785798,66.14743913089525,3.9154948824598756,LOW
24.731601466187392,45.333992421056806,80.24672447350514,8.68260376305354,LOW
26.745088568194493,56.044594813408764,47.51812128988027,9.54502705156874,LOW
26.765564994567683,59.16211956116589,173.41210792465148,25.50156339554765,MODERATE
23.987614610980128,37.698788439637426,42.18625236428879,7.390332302414525,LOW
33.88407448693998,70.99930334657294,299.8049816469528,70.77956830019015,HIGH
24.81519411084327,47.852175501985215,34.72040101690715,6.839011416223046,LOW
26.214290015308016,54.924600621501675,20.95713743258085,16.259258447486644,LOW
26.025439638317405,48.03880292750938,85.92711096479857,10.838969733429984,LOW
30.68297534868037,69.12524836885444,270.2817504309539,74.20824411013739,HIGH
22.80898136177026,38.48412970013075,52.9473231143998,10.81828659880131,LOW
22.439847178569952,33.01984773135361,48.89265262839528,14.789258937148894,LOW
33.10947923758399,87.79060101849856,345.40921590658076,66.86918732547697,HIGH
22.890951592689625,43.98609742612612,150.8609432723818,33.18888450774729,MODERATE
22.86247571719737,46.160372906169876,62.864008017953545,9.474423577694132,LOW
28.43588649208132,67.2376592670797,288.7772491087785,58.83983527661551,HIGH
30.083494765296887,59.74163407182824,118.72670039817827,30.79716613489593,MODERATE
24.193109492599667,39.554779817880515,82.98894007238614,13.133325876079368,LOW
39.20688836078199,72.56460259583702,396.5914641059916,139.83447657400308,CRITICAL
22.936258072584003,62.05226713566078,154.31327004791163,42.04755299183186,MODERATE
26.93999553795986,65.68284566142283,103.84600964889037,25.317101563175942,MODERATE
19.609840442853432,50.23905856809962,49.9664685483071,13.6214721665863,LOW
32.82142739988305,61.35680415327482,245.60883352067282,66.25665225307608,HIGH
23.899235989032515,40.788382064206246,38.41767435482954,10.816652061295308,LOW
26.784778237830782,53.32854852425938,136.66707075946363,32.3504284860761,MODERATE
36.89583683395235,71.06374171747609,351.7157048263363,53.53959480037569,HIGH
26.956709232839525,61.00619070904369,171.0348515447829,39.6910525786126,MODERATE
30.758930684652622,57.348238385007484,103.67959964624961,35.78823077383045,MODERATE
32.14368789573415,72.99287320252289,299.36239157938223,44.38044862142441,HIGH
20.764709658298216,48.89437128335335,85.16346434851272,5.034192149790697,LOW
24.352892036633495,51.82266309643164,162.37269474596604,26.45544702319073,MODERATE
30.196139310227924,62.71231482930494,116.45456713891056,41.087431555781784,MODERATE
41.210719724948675,73.57966662254074,378.64866396793474,85.3151761703983,CRITICAL
24.023380813329737,50.087111138942554,83.5180519377722,8.057771534550595,LOW
23.79162489319711,41.18831850080917,73.24349153569115,11.451392986492902,LOW
28.074916317587775,59.308158735702385,168.16311057391164,23.29208035102514,MODERATE
36.021464470722236,71.08845424517762,432.88263302953936,111.88954953450107,CRITICAL
23.861533114544457,64.27489047557935,150.69499068929483,25.95077399401121,MODERATE
23.995896724972262,42.8135958137028,170.3219964107761,45.84709120337571,MODERATE
28.148716252208924,71.01266551316266,277.946339109786,76.68186939185209,HIGH
25.258117502200868,53.419105225288085,78.53731733232111,20.85212523481228,MODERATE
26.38379968835769,53.436996330553896,67.9356482360646,0.97572450285492,LOW
40.29862270619453,89.60748814815199,494.94562586539837,100.27495070460401,CRITICAL
23.918736820083037,45.088842109381574,88.18016676164615,10.911165200488846,LOW
31.220485444430377,68.1988706381015,308.1898038727706,54.85647592374806,HIGH
31.111675564214096,43.512710938950214,199.13242377614318,14.714570421970402,MODERATE
25.943707941166895,45.00205133446964,36.303417532286865,11.705712616503984,LOW
23.567903423116043,41.256466255302556,59.377092008449196,7.6723135521905785,LOW
26.279948544549683,52.38370132326622,133.75091563536634,44.215606742705546,MODERATE
28.078297265698254,53.324970196865166,107.29799686073963,23.44738937709507,MODERATE
22.271213560687826,46.55738356932026,91.12475811635433,10.682402708869342,LOW
22.30640747630622,43.287565567528425,53.65976785809614,10.608055380463673,LOW
27.461055910237718,44.97768200947264,39.260499956233616,14.615224520994268,LOW
24.46488618801194,43.52163362874623,71.20583524588311,9.15568074528188,LOW
32.6904228489174,72.13801181579662,344.8489253670698,54.76938179866409,HIGH
27.74339867355895,55.5976779179267,153.44568114858646,30.29708812301573,MODERATE
37.96272413598141,85.98258772125884,378.4017168618499,101.55397290423635,CRITICAL
22.868655285599882,35.30381150816385,60.43600420535332,11.917281478181152,LOW
23.98208420720583,47.51062156745479,85.40015451294536,8.320941881907856,LOW
26.72867955901916,68.18492884358962,115.17298324714835,35.20108556464227,MODERATE
19.903397341817218,57.871557665259395,168.10231911219284,27.861318388961166,MODERATE
32.63735058990408,72.04288353711941,403.38471825717227,95.18445914486465,CRITICAL
34.572375471539885,55.28456976867892,201.2923709527784,81.89499150128042,HIGH
29.835303122552393,64.11026301013865,289.4174515350607,57.66328282034288,HIGH
22.075474852382207,43.18904293290488,20.135467404874454,14.688948539455101,LOW
29.010312275211476,58.33602208986375,166.49441341113965,29.937795771405227,MODERATE
22.077431174776112,37.972928662621605,58.18009319690541,7.280894478416937,LOW
24.75028885861422,40.70111165927676,55.11227210689955,10.532026327952398,LOW
31.815238098802794,65.54923635569847,217.42044631884642,34.88733605494525,HIGH
37.241970820393426,71.73867868892779,488.0110262372874,104.06226601402203,CRITICAL
26.30380687852861,51.3077211910468,38.33679058427399,10.068562671892806,LOW
36.089378899032155,79.9892391449907,343.66619821864083,143.37579861216133,CRITICAL
20.011149716499606,42.8932455730496,15.9452906726208,5.659499420835333,LOW
29.85987766749034,53.57770265616168,281.1384048954753,52.43074756955235,HIGH
22.220910441227918,46.62440226081095,39.35293733629574,20.396112579162214,LOW
26.563482607552597,52.949292245581006,133.39200050251907,23.91269216153986,MODERATE
36.034986551385856,60.57908833823009,184.17614920127107,48.67645190768148,HIGH
26.24302783022599,54.0614287990454,185.09443354257277,23.782667286621574,MODERATE
22.664233700424816,48.455259820514,52.95956548614615,9.033803300577238,LOW
33.2440744230475,63.67657611676332,258.7769348502347,87.38806618274316,HIGH
29.826574574026345,59.77532509368196,326.1203878123963,66.61560120474424,HIGH
27.34492552668778,57.36457812245894,148.29932557707684,39.62949493474395,MODERATE
28.595664357605397,64.62303293346939,150.25490304414666,35.52264804003692,MODERATE
26.03807656003322,50.49599488643006,71.36140549347033,17.828512462552343,LOW
26.534337637319368,53.49842666344906,138.95798565708571,14.08982365268051,MODERATE
21.947919081907443,46.018889452476586,34.40649880185204,12.482862922878954,LOW
27.592114227672827,66.55474771585365,248.4669438782817,56.96177265479078,HIGH
25.599978907268834,40.08959707276973,42.158535468153005,10.0939346667291,LOW
40.8510207674425,65.35803361535669,402.51180943012906,128.5157205015051,CRITICAL
28.020727002073738,59.0895046415468,297.1495042574437,56.91159600929678,HIGH
24.488941212737814,54.29651972243867,36.429318688211055,15.993336431118053,LOW
24.691583842516398,54.54510432661117,65.85582466143802,8.810035807203247,LOW
30.48050139300268,69.17080839675691,270.78935507299815,77.05614055784653,HIGH
21.97295675181265,36.546429450792324,58.984270274465885,3.8818471247609185,LOW
21.784982790862383,53.87805737723294,42.1677536608349,4.853817188306631,LOW
27.37364230912332,44.30359752452589,59.30305248341284,15.163029844313904,LOW
28.27624495383568,50.92361490119865,163.67873718859838,19.1137272371785,MODERATE
40.725850603821,86.71793416267009,444.06165846344567,66.41292557246683,CRITICAL
32.28211028554372,73.45470871795155,351.227386722172,100.07372552835537,CRITICAL
36.603343507434694,76.96943966064933,364.03445195398314,72.22030426574986,CRITICAL
28.28244340783596,75.67531736017358,441.1137192424047,85.69420094361307,CRITICAL
31.40698144869685,68.70388139643066,173.11231052247655,28.60127596833325,MODERATE
40.407239934711846,56.934946759884966,501.5137970788029,94.10826358813875,CRITICAL
33.58028810965633,77.8807572489818,358.8810160465679,99.30371930618097,CRITICAL
31.655713747821977,68.04651611489176,265.42140794284467,74.71193933447721,HIGH
29.989317936488135,57.99327162990195,178.16677826171036,36.968484672917846,MODERATE
26.436134140097415,44.467535180188314,43.58977282775635,8.955438980963557,LOW
32.534267703177605,59.397950038485604,333.64797271841815,45.546117917465864,HIGH
26.594651976223954,49.10208665563142,112.2529843804711,24.90344035996126,MODERATE
31.03040299370266,60.03623369348591,255.73895387874674,64.9318799449019,HIGH
31.412236396466373,56.034372937388454,156.7662935631156,28.534503861633272,MODERATE
36.560877442336555,86.93262914779571,316.1212453964514,100.31004512575585,CRITICAL
30.921148127373666,57.486615743231106,221.5284994341785,76.28851396440407,HIGH
21.735298525483195,60.996010020069285,163.76948701338196,29.073007220334116,MODERATE
23.773117113259012,52.29352560311523,30.93541285148161,3.744089533041624,LOW
23.94671262641359,42.02224861269732,71.57069835300635,14.355335777793389,LOW
25.12086468751221,46.63259731214203,60.17114563647573,4.82576520074122,LOW
21.298163046056146,44.1089712302335,64.1810045625787,4.202950460874494,LOW
28.374351015219375,56.44640525170513,251.8592762547681,49.31332902316935,HIGH
26.495986745853216,60.70649839891311,136.69510943681192,26.754511504930516,MODERATE
23.95381866261692,56.240295844880734,30.784911509753893,15.137924973678796,LOW
25.531634992523,43.01717718377385,85.68423729131536,8.712954560440004,LOW
25.835194967425007,51.008643826170236,121.60130625241254,38.880062672871716,MODERATE
26.91105903323588,44.89359677420837,150.92432045247574,20.752591646218086,MODERATE
34.56284835961567,84.51275038662841,444.2227528256888,115.18240772265519,CRITICAL
23.328719469698964,49.74684383096542,49.86281107822556,13.337736617790783,LOW
24.47583965107267,50.138881530567545,133.62913480756188,18.264298993972695,MODERATE
30.904349211658516,47.68097120365257,189.75588325961846,26.53244433637538,MODERATE
22.636373869369145,44.13610830106704,43.616704826536804,7.249196905656695,LOW
24.94907337027796,51.172906675064695,36.31939258217942,12.61931381263166,LOW
26.988044460901442,66.91012911082845,290.2842250035136,65.7468410081881,HIGH
29.62069895290103,65.28810537435591,114.28971005082494,42.0161299636018,MODERATE
33.53507993419186,59.98357485234141,343.90755978119853,95.76297238132577,CRITICAL
35.06832000081271,69.44534294923369,382.30287579034865,78.54555349988416,CRITICAL
23.815862510561832,57.59897705857459,71.30776913567611,13.31974526422908,LOW
23.726908985479536,48.88493313769574,108.92259168332754,37.283157758544725,MODERATE
25.90500107918413,45.815486413845385,54.72926959613197,5.3215886601258005,LOW
34.12546793421282,83.1196553515988,380.65241282684207,117.32215546994072,CRITICAL
31.817667743979158,71.28233162193504,305.7350610779911,91.57328078324531,HIGH
33.09987655520653,64.70979177187235,245.15251589427584,48.085540400463636,HIGH
21.98328125731492,49.47518699870059,67.48829934690771,13.671141379582927,LOW
22.41854017103358,47.270231028598545,54.73784988226476,5.075886653574887,LOW
22.41718366807491,39.03820372808991,55.6415561727712,15.011434276631656,LOW
26.339767229150898,39.53115899126218,64.76145432194858,7.295972153104798,LOW
31.373860259927053,59.33526759727011,266.45089051730395,66.25491904862362,HIGH
28.316287450563962,54.9901677462238,108.68512750173852,27.277858632786714,MODERATE
22.660234387242,49.03668767819026,60.57092639324058,9.129039372934042,LOW
28.047474222462874,68.92211191561816,487.7835790323327,141.6009832630707,CRITICAL
27.15106659101491,58.2052816573088,174.52283481707002,40.200602177266276,MODERATE
38.70459569378427,79.1379642040007,448.7223168049607,86.63261526199841,CRITICAL
22.95446160384436,37.86662727852887,30.271105964203525,8.305490005631405,LOW
31.315111228083527,69.44590272672113,288.465500962262,61.40324351457193,HIGH
29.631207292503653,54.28724447897419,136.9863061497927,28.508365740693847,MODERATE
25.40797822976668,51.06279180696868,141.37987745998595,35.24603965454472,MODERATE
31.640212221842354,63.48210364478406,208.69265319703726,34.473267837366635,MODERATE
33.05033688945146,82.43413407745949,383.9135688476301,75.59088951236843,CRITICAL
27.252455216101986,68.5108143167648,240.3850882224987,80.77334671908568,HIGH
25.058355614846374,52.478188256857194,60.132067364960214,18.9366987233042,LOW
24.29834532112892,55.487246961208974,145.42493921354796,27.996607532498714,MODERATE
36.54745817777384,62.52822318953503,281.1025995712689,98.11972717753392,CRITICAL
22.276925974728893,26.381424297806873,44.68482823284513,9.30543253930919,LOW
36.54937470501333,87.53394583628007,448.40020921403465,125.5278858820397,CRITICAL
30.92455693173315,78.95203223417576,474.7336544351006,96.28079043903041,CRITICAL
37.121625836865775,61.66534015391089,360.1597479313539,91.66487304833133,CRITICAL
24.437825043111328,51.19422527731279,43.406339021458464,6.098108114929967,LOW
22.40266619178593,41.37897650703347,26.578232893468524,11.16338400565435,LOW
23.912133251098858,62.15192528204079,148.21804257030146,15.876682892719751,MODERATE
22.087065334392456,43.10083328915624,67.55125719204068,17.395691348965727,LOW
25.545667809240037,48.72813402962502,111.96061615532108,30.763581492876526,MODERATE
20.372395305834264,45.10890316767279,38.3028721275995,10.047310876539903,LOW
32.389203883227815,66.42013675525672,256.2055409168476,65.93614711182684,HIGH
28.392499028425227,54.30546865330519,156.52128971816748,19.46750543966336,MODERATE
29.12267925763796,60.89423065961945,152.80795772518087,41.83172587492121,MODERATE
34.067489928547744,64.02222522263499,499.1303287515903,120.40634914309155,CRITICAL
43.667389822015664,63.417537238955155,349.3616440730048,47.736001748618655,CRITICAL
37.6259307499504,75.88001100113262,352.56267229261294,103.21932621750457,CRITICAL
25.56545133375834,46.63792148679172,71.94842330984099,9.503476520343806,LOW
32.89519023233033,55.504535434393404,342.5149165445309,82.15800131801191,HIGH
24.56143540997493,54.951669413269954,30.600368407102664,14.964898096238603,LOW
34.28553233923115,65.96300677735235,224.06832894662926,58.04872265950032,HIGH
34.15916847472051,69.40663126753705,385.4505368212739,117.84494844467581,CRITICAL
24.577349888091156,87.40547557874629,289.1685803039259,73.12313789418359,HIGH
23.992969750286345,46.155078072786644,41.116272137933365,6.777274246969882,LOW
20.89530630928156,47.64623461988124,53.33069563135468,6.157171402097698,LOW
28.136492316215687,55.95918400212423,271.58622834157586,54.24017912257058,HIGH
27.46619788995417,56.64260645944449,146.2832745826931,24.3827063752622,MODERATE
26.664921700487568,51.53067881561515,194.39981097292565,29.02950431686839,MODERATE
26.45367689421878,52.726037012554755,72.4408405459998,9.997466012496941,LOW
30.267639644550133,47.66483463989499,312.3463062586538,68.4225179293911,HIGH
30.648995345584108,70.3186012956282,218.012182171235,48.63028147033802,HIGH
34.46260321667349,68.0472697099926,370.3139968656269,111.69304755930615,CRITICAL
22.700726979589014,72.81336740926469,148.88968138535773,21.33469557651443,MODERATE
26.48057109297239,53.7732782641996,189.06492819137628,29.36456033894234,MODERATE
25.702731167963684,57.98505228181925,180.6594058298349,39.56121843769343,MODERATE
23.45597651823973,44.967064438350484,15.370393801853837,9.215959845597757,LOW
29.69050943956765,54.39459015292943,200.9741832878987,26.927957725241544,MODERATE
25.59551479432089,47.142744826147194,168.6718509511061,32.30785449286887,MODERATE
25.756886544206367,54.593489144625224,84.64743829773278,33.00980441048838,MODERATE
27.698417015519606,64.16273974330723,268.3967814068425,89.70036709010489,HIGH
24.662852357733403,38.45538988392984,49.958278006735135,11.10727581476892,LOW
26.98202743135933,57.32905475762379,135.18931286404327,37.073172278523515,MODERATE
26.707333615342286,57.52917892211499,156.81000603494505,35.15382339634282,MODERATE
24.93806132311235,43.04776491500915,40.76212023446063,4.289444388988559,LOW
27.52545343545855,31.723359534635247,81.48702298158784,6.716523954810107,LOW
19.5949199441691,43.5894365887003,86.17243925445483,12.852838253902327,LOW
27.228090793886075,63.09760330064161,496.40309031076583,98.0351759749255,CRITICAL
21.397050617425677,56.98474573291841,110.91483260737331,33.25832143872143,MODERATE
24.58740557115108,41.531694476777794,31.683910918899173,8.290509872751931,LOW
24.78812017815407,45.18558520400836,76.16637335418616,9.185623949823094,LOW
29.560699360918825,72.65294381402764,293.1187846474794,57.20258645757279,HIGH
30.31488382469498,49.79154464170752,152.1619305746864,48.82079746515657,MODERATE
35.83344876648097,60.69500149967081,328.1939378569093,65.37336590132648,HIGH
28.04168342607912,43.328125055101765,60.34658016617765,6.387141393968149,LOW
29.318119305140094,73.18168332655102,205.7539041214817,72.6809330056705,HIGH
37.92207055732084,74.87796744431195,390.55635968224396,97.2688076624801,CRITICAL
25.675575510641718,38.70817590344751,55.192584502809645,11.380958318809896,LOW
23.981402798216372,43.54493648076936,64.92542757208851,1.7061431373022824,LOW
23.249267002243098,40.72218509560408,31.185000793618578,13.43111460467034,LOW
31.420795741847524,59.44807079076501,283.5726834098649,72.20229243217483,HIGH
24.88914447848073,40.22363710904931,61.75473563381484,14.569993131704399,LOW
40.31035521979865,77.57011573889625,421.73876751717603,96.02422167681172,CRITICAL
21.310200607199015,43.991670168208444,58.05080791568825,15.648892115225967,LOW
24.940541575540244,60.72828000562313,135.6879340627827,35.46093074403041,MODERATE
30.726278436443213,51.55149651652112,180.4291106154277,15.017487711029824,MODERATE
34.89993310872593,74.96644801812872,307.94099218702513,97.22668225505238,CRITICAL
25.719894324891555,59.99423932682646,151.03665383142328,38.50135311679759,MODERATE
28.204565406705694,65.45160543879155,352.05476066655456,71.96703109250683,HIGH
28.511487638266615,51.955294215367324,74.70121047717228,11.269369860977498,LOW
25.52546414636568,31.903107926687174,67.10885183093008,9.356776562657366,LOW
23.609125439911523,35.66490787906679,27.51701819933077,14.986009669793988,LOW
19.760963618363164,50.965308210187814,176.41655200189592,27.75988501023495,MODERATE
34.149255397829904,54.14631032551429,273.5504155518026,58.72674805267815,HIGH
21.091451350289457,40.16387072254963,48.46334262877251,11.13291910897345,LOW
32.54093486743711,71.00297792224659,268.00219803383345,73.44200275258046,HIGH
29.675582850241653,80.176807591165,175.12858195536256,38.77373983769695,HIGH
30.20505295440265,53.504125198664624,232.5425071976304,52.058318843935055,HIGH
26.42482086212888,54.83737539138371,31.397798000231916,4.531505869953873,LOW
26.577714011540017,47.50334672651718,61.44358589645499,10.91851477538979,LOW
27.636573857780483,69.10538231827924,271.62376724558413,48.195498811289895,HIGH
25.722637091182236,56.59238440788964,146.25062516105925,37.131030177798465,MODERATE
24.348899475429583,57.25402256476973,160.64066173419187,34.09066379231098,MODERATE
22.768034429645652,49.00761400308319,28.953289718865513,9.520060738846775,LOW
35.34353566054084,63.749316568188114,307.35949501772245,40.3350992797842,HIGH
22.307280265132842,59.85306673977315,47.99765837181557,10.29311629064581,LOW
26.231565127190038,60.791716715655085,298.2144930692165,66.20011185337799,HIGH
22.8660171109908,51.12492996868136,70.58801269163283,14.872133407300815,LOW
26.561859070558114,44.73356371026491,88.66000501690091,10.013217736335093,LOW
25.698509142614288,42.33891793215214,53.22786699536729,4.1876142757209225,LOW
22.957797652394305,54.45021464947512,52.23762309132864,6.289019191402888,LOW
30.779995752999312,64.49142394115876,222.32683268725958,58.59327303425241,HIGH
23.10246001872344,51.22638614079728,137.38660687777627,30.53152643771198,MODERATE
26.10014060105105,50.16649536311206,232.39111896074013,26.53451717181256,MODERATE
23.284307261617936,43.33938539334223,61.3995875342873,13.683185910373098,LOW
30.231286690099264,62.30820072225203,156.25656316847628,33.0104957605102,MODERATE
23.66637021599255,72.48747841566811,134.6224460841718,27.19228062744819,MODERATE
21.635698384091203,50.84420441333842,100.86347899756053,7.731039556766609,LOW
24.440333191424326,51.00146737450055,99.93686036131317,16.083893671926344,LOW
32.5863029071289,70.02446274193781,279.0959215974571,49.65689413104577,HIGH
26.296305301858432,52.5078479749323,56.26378743289464,11.044221576240352,LOW
20.591462255933404,42.321885414966864,96.32168486668759,11.19723086481327,LOW
35.46912917429486,84.19292033041448,279.940688446928,108.52571634382186,CRITICAL
28.43200749425221,75.73734529617278,412.49358725317535,104.51819495604722,CRITICAL
21.95732489609172,36.271182998410524,47.56758107505676,13.437008456304259,LOW
23.86165334110682,38.761391105571064,53.2695312086242,12.948630233428851,LOW
25.568403390681855,36.720184939725385,129.75457109515256,26.138443859114897,MODERATE
23.17364843372059,49.89930076917131,59.328663846782746,13.958784191619767,LOW
23.389871884090113,33.36586733493,52.32160446293673,5.817370178809306,LOW
28.229136017530518,62.103806469151095,137.1195652418121,21.842255223066857,MODERATE
27.796317842312572,67.67113045935398,162.37146876061465,27.001858165699336,MODERATE
23.937399336496405,57.159855361068956,82.20495418502789,11.039836016601463,LOW
24.598706780739754,47.96565401569846,52.562436846439276,6.623684210493455,LOW
24.043965461143966,50.69236761488981,89.63085747797598,12.08245893639824,LOW
36.600728941551196,56.44914089795873,117.28359576460954,27.7501981426241,MODERATE
29.823330598879814,68.22786356262317,480.8534743282685,99.56758714973932,CRITICAL
34.22011846039189,59.26543059476831,213.91288968150724,45.5555964079245,HIGH
36.03652837532318,68.76690138048603,356.26646085560765,99.58853749702266,CRITICAL
22.328364092341488,41.023895868284626,38.57061178776518,8.530348443591315,LOW
33.345507471129274,56.52447058973956,148.38965684288942,36.903492847881054,MODERATE
22.844678371266635,58.81236044058046,59.56109965870885,10.945501281423182,LOW
28.03761710283886,65.67778368212213,132.30273782610092,36.26705799082164,MODERATE
25.965446390219046,43.71008730019033,53.69252358924383,12.928293949704049,LOW
24.539117093024196,64.4192860048998,171.9752812532538,29.40636647603157,MODERATE
24.72826179374717,48.9629113441607,31.306648668525067,11.502723690091328,LOW
23.942654200096687,66.56951726996232,311.25741104780104,73.13229639970365,HIGH
26.017300223945256,47.72065495727181,96.0076700470381,38.73778592454446,MODERATE
30.505466792485407,49.92401048809099,174.1150926787609,17.978552384345612,MODERATE
31.37793164952351,70.30566103861136,355.5555601553661,61.63910308442233,HIGH
22.16570224433714,40.87292432985424,99.97848233655215,13.027494324537834,LOW
34.044057651280426,74.98516185841129,458.4595478277188,94.8840248843812,CRITICAL
24.97588705120848,51.867551101700194,151.4693583750997,23.426318990688323,MODERATE
31.85374523665335,63.56601085715054,242.76430649964607,66.46948268532606,HIGH
27.139782501318102,62.68689227182404,112.41179648687901,47.387890695147,MODERATE
28.23551782171776,49.73074936830716,184.26634648624943,28.99498824439464,MODERATE
25.27345493617328,53.12055581947563,162.55041968858725,31.382485525044604,MODERATE
22.57715716410036,40.384959156450144,51.70426291356485,11.841102848642857,LOW
29.391132590694056,54.98973174522834,161.50685822753474,28.652394360936707,MODERATE
23.568146420921202,42.74804024785349,41.29718632027707,7.730423296988783,LOW
27.60025964294477,59.31371622867353,349.65559069987233,42.56211143767571,HIGH
21.66738126847183,40.49017921304334,56.440729866873944,6.049695509484924,LOW
31.05345185931724,60.89174695271912,180.73839353162603,18.962114567769486,MODERATE
28.402263202060297,61.098336398801756,202.60058977829476,38.55231673303156,MODERATE
29.26719116107872,45.57785448964378,54.79694811165176,10.709431614641796,LOW
27.20290135730342,42.912034643557625,134.11442890296584,29.07732894347527,MODERATE
26.22218108877272,39.21829761149351,97.36860181134466,10.593493913758008,LOW
26.14691954503502,60.03954087903954,327.2420715189615,67.37689847798339,HIGH
24.45434434115096,36.34077416948371,58.26104603877321,15.633321421190487,LOW
26.624401673653203,65.94568072053089,112.22704479694818,22.22641868114992,MODERATE
25.155946236617048,43.26667594738611,59.00426581136555,6.773475547491264,LOW
24.394776892622943,45.119308259176144,39.12438812620027,11.059024444275643,LOW
24.042068218532435,63.86719744076153,215.09164073505778,45.540961030557085,MODERATE
33.937659683683236,74.36679975655841,442.3081244904251,96.59504495077621,CRITICAL
19.928545011342923,43.2256466760754,74.41928685721176,6.619361410880717,LOW
32.780930248729604,77.14615285630236,221.772777302519,45.84695717143196,HIGH
22.38739244847552,44.735350812119705,120.82016406915898,39.867948385967935,MODERATE
35.12550042462642,66.40082168921239,454.844539128552,142.51528055665545,CRITICAL
36.1742451132242,67.91539506534276,280.758857467992,70.60173365255338,HIGH
27.71420883812649,48.12132439093035,69.73992908053748,8.314000720149822,LOW
24.129459079131042,55.76302792705716,236.49850667342486,9.96648064282967,MODERATE
24.543245841757795,43.63146574507678,56.318653300786245,10.365639092645933,LOW
35.88791891528402,70.61150364764791,531.2316050310893,99.95972513405297,CRITICAL
22.661927800313567,50.59885818240688,73.20242017232403,11.677040946128681,LOW
22.495193918872957,55.11703791447708,46.257473261207764,12.563608680850018,LOW
30.02514970680531,50.195218497518304,121.1043633738,24.301260186424788,MODERATE
28.214020064772658,55.48568594296448,117.14531760261508,29.77642388960944,MODERATE
25.28711473000196,49.96141739323444,59.56894790611149,11.086613611971046,LOW
34.36958803043152,66.501678449542,451.85573797657844,82.34692468469311,CRITICAL
25.20302986174945,50.08726116753791,142.49737213066467,37.19913060971266,MODERATE
29.77861758927201,57.3544786238989,142.26850315837032,11.13740003680034,MODERATE
20.162004825723336,41.53642906468891,145.14997032639158,32.11661795704398,MODERATE
35.606593445781904,68.69681326014805,268.7766441942134,84.40833923254513,HIGH
32.537676080424006,58.79793872194003,255.23783060402207,44.74565801809328,HIGH
27.849875675666404,62.36740184642785,291.72701363748223,37.22807901194486,HIGH
25.479455835494022,54.63230841893779,135.18327600785676,27.835856548908982,MODERATE
29.202400632765496,70.18724300347472,408.27573112883323,98.79219792787504,CRITICAL
28.25668371142559,59.772083588276686,130.99347493465828,17.39362556864172,MODERATE
24.770891831222176,39.27202589295637,64.99869101686359,14.271978933072496,LOW
36.002441104630925,84.53703573614875,353.47188602269017,104.28194496806647,CRITICAL
24.68513970340842,54.66716361261733,64.49800909702665,6.249237042932493,LOW
41.58312025101576,79.62414071146709,444.6444740836281,98.1253722288366,CRITICAL
24.03912028161957,57.71038848992556,114.75389590277916,27.125692439777925,MODERATE
21.227897072000275,62.22585098773275,239.5510108991682,62.054541625529026,HIGH
27.535863885963167,46.82825398294505,66.01402739370369,11.98245534087698,LOW
24.908558907709036,46.69027814654471,72.80244453413658,0.2934623166755834,LOW
35.769189534140196,66.73708601487432,216.4147097316055,81.94490605490122,HIGH
25.06768203314987,37.3025663892872,100.07532418151621,4.231132951565519,LOW
20.633438356465522,54.71144283462574,137.24144384585173,39.09746715124773,MODERATE
30.41587074853899,47.831156026879306,141.5411519086577,27.90470321663595,MODERATE
32.10512327922117,70.77780123938689,292.00737714803824,74.25840757258362,HIGH
24.77759733376247,54.649235564674086,29.76013018702325,11.956031819875712,LOW
40.844745509886735,81.53442239961188,425.51737681872896,113.60146391020078,CRITICAL
33.44812771056902,62.97867444268205,501.7866232889323,114.00314637901693,CRITICAL
36.08542785065034,85.43412938994899,474.60357789999114,86.44722773667198,CRITICAL
34.048579831600804,68.16308867917104,240.0908665672795,73.712585083727,HIGH
39.45453244465353,90.70266437380678,487.9996304942517,139.99097657568043,CRITICAL
35.3986527220665,64.67305488561782,221.98031059454303,99.75178356275377,HIGH
30.686124191922705,51.148076182830444,178.9176732763692,10.440293399680275,MODERATE
30.704766749823136,68.70087014644149,328.24111044704983,49.681999097175584,HIGH
34.68000092991022,83.76729266203407,311.79825927268905,58.56691625926289,HIGH
32.48760689359569,60.161393549150596,149.34073105259282,17.041453646225456,MODERATE
25.262640577547874,47.1229981447554,24.966031938603834,12.530450226007314,LOW
35.06202720580678,66.66844731923966,259.1460348062815,78.86216074754942,HIGH
40.29971043402007,75.7242805205061,427.63506515231427,99.29499134804182,CRITICAL
27.395901759578507,41.983414979633736,71.66319268795144,6.478225667968196,LOW
24.41491748074022,47.22243254081654,58.01907715003529,4.0160601169110555,LOW
27.798940902418337,48.778535582351985,109.3952528558094,27.98089657835226,MODERATE
24.83330946358398,39.71497801299553,62.46465153039613,13.548505621902269,LOW
24.12631073608639,53.037845881025234,37.05122120470983,14.622105164198036,LOW
26.33338342448734,52.59893966688603,180.99283257058678,28.51095699976385,MODERATE
30.703616215931262,68.7632317455565,313.30377341121107,52.671191693473084,HIGH
33.9307217924569,64.5200110286933,211.2067902717589,82.32693213468526,HIGH
30.27365633154414,45.23180312893415,146.37039757232745,34.07788818941788,MODERATE
21.633987595358015,30.679180158938912,87.41877233106048,10.9921528076053,LOW
33.786007298081344,69.77477460895663,265.53981901838193,71.8567369589478,HIGH
31.24903278482127,80.21360835519351,212.5260151089915,42.50327944232575,HIGH
24.543771190437365,69.30335844300146,190.1202411369883,42.70057205406433,MODERATE
24.235249128989118,43.38460879905366,194.85884007567066,18.003454351903542,MODERATE
33.008844280688066,64.38997876943918,299.892145795089,71.51407309628739,HIGH
30.609601671349875,76.40549787935451,342.613038726979,67.17923022549317,HIGH
22.522671108120246,41.40003367979817,83.50717279927724,1.9097584794447222,LOW
25.479150216417843,40.02988899133193,77.52813877387764,9.894456554733493,LOW
38.85289335865469,65.22884014172026,467.80563351101335,65.3530757236149,CRITICAL
27.131531868640483,51.22212963193968,161.68874603667032,29.363438965057696,MODERATE
37.24060395521374,79.07424809586918,436.05236619581126,95.55667086905916,CRITICAL
24.496431680441777,43.959843077357185,80.00615094779393,10.373800758175012,LOW
29.389264264417754,83.4890724485434,388.03545234791113,84.14692835406572,CRITICAL
33.092864567297774,72.8167657511342,300.45232823082927,63.695888857348045,HIGH
33.33733055637001,74.06015233790635,276.93173134333693,94.01560010581122,HIGH
21.211983110220054,34.67086355403614,29.620043378172117,8.344752829710021,LOW
29.047798913039674,54.7997437532236,175.30113103902553,30.359142660982616,MODERATE
22.844970251983106,53.53553076238688,32.433282661596095,11.205241162855527,LOW
33.3452637925135,64.83336479075321,280.3889667527154,61.26704528766404,HIGH
27.00721765518087,68.78755848129431,158.16741244882607,30.174078726378617,MODERATE
25.128493799370357,41.46963976255677,62.62336318270266,10.032548056431274,LOW
24.70006065252351,47.41196928110348,61.70828543111926,16.275773969397495,LOW
34.81795886507798,55.348959859961106,178.76739877365523,24.191606333002554,MODERATE
22.59143212645106,47.73526810773657,55.24031037184573,11.808031188467531,LOW
22.42149421215757,43.370446261213296,87.74844223454963,11.86910507402059,LOW
34.28614810372018,57.867886557381766,313.45116796261686,72.74431206634269,HIGH
36.55956749850454,58.370872600783876,307.4857649149073,82.63424057405341,HIGH
32.01698567794002,72.41531215104808,437.8603169702137,76.79047452078096,CRITICAL
22.774839774762818,64.05331578065213,165.41300484270369,45.30511897708483,MODERATE
26.085718646637023,49.40926005347635,157.16673174233586,29.757995292177,MODERATE
28.214143550935454,81.16721600368783,337.3649623771747,62.15066917639998,HIGH
24.65061571482818,56.439128529406595,111.70586845291038,44.77255405041128,MODERATE
21.119116607475686,41.19172135763278,83.8018261441709,13.819379544315542,LOW
26.03785242233459,44.30751765173311,67.60371802682393,16.606904302624464,LOW
28.700882137684882,68.76297371461592,313.3123438371198,66.5462683200339,HIGH
23.597481727532976,45.765276057500955,66.74234788614497,11.149444152149778,LOW
28.108668750000998,52.87268505555054,165.83945104473034,38.07080672216101,MODERATE
25.437615142325956,36.01169913891579,15.13477289687411,15.101058154482494,LOW
23.95684516676946,49.165878166680926,94.69157884198644,15.654124663385641,LOW
28.33982310150207,58.94567357624099,172.6117893384532,73.86918863438888,HIGH
30.570534138574537,59.72801329893743,145.3779942531806,25.48578030471885,MODERATE
23.6731503016696,39.133042476621306,91.60717317015457,4.790513787737597,LOW
21.191344759707377,57.07588402908645,149.9284887072861,27.145677170883683,MODERATE
24.004923671175234,41.73323465991457,57.53637799139995,17.82972000767197,LOW
32.5986016239221,61.28428179455604,244.7004020646357,64.67859201171893,HIGH
26.13771691531812,57.530064623553756,125.1480445472838,7.957823692785997,MODERATE
34.14212858206128,59.16773206307336,199.22772603160354,27.218222120544194,MODERATE
23.673872989612665,57.77917332730918,157.12841582809352,29.916609627374168,MODERATE
29.819147060409733,51.49057328199327,159.234506104881,31.56262532026083,MODERATE
22.237407897920875,42.436019479662235,93.72519208855945,14.449791453064712,LOW
24.640608879675554,44.936175089231774,182.8948264727586,37.23813808359955,MODERATE
25.888380337249618,44.75238742035478,176.02201333135508,39.48908091972728,MODERATE
28.71220119778113,74.92849540007043,251.1160991697933,89.90684290998935,HIGH
23.2268765862667,45.27064800728038,53.040628781447644,14.504849545390726,LOW
30.264318878252496,56.29163818485844,136.3093650507491,29.927487940578136,MODERATE
31.399789539548877,62.01591606659021,147.2543079942837,22.588200345829833,MODERATE
24.2733682710886,44.218995238819595,87.89374895494124,7.960204746487729,LOW
26.307723154872708,45.78401579850711,159.47206096277844,23.90124204257239,MODERATE
22.591129041196673,41.47757878017634,44.89953964771534,10.988856710479887,LOW
24.096016276416233,59.12272845877388,57.199898740214444,12.419790488945466,LOW
23.874286751271452,46.642794789270226,60.37256742472366,10.810233582845914,LOW
23.011577380840354,45.10153351969846,24.505734410682116,15.984291159061298,LOW
24.340700519849428,48.99281506350603,79.45903806090894,4.701321041686924,LOW
25.720680616697326,71.0350696087179,144.35221290003915,37.26545778537328,MODERATE
28.393385512660892,41.92589869776657,80.971598171893,12.506711529807784,LOW
27.68702220313432,50.33091237612196,72.41831068697768,38.595136867692915,MODERATE
26.339200287364058,47.110186607493986,81.60462205836217,13.207570080437895,LOW
25.229791232495995,42.937947086313095,80.97020137082717,12.3648299805472,LOW
33.911028817167,66.78654427102988,396.1912172566211,69.00215476938104,CRITICAL
21.071681800921134,36.373555177453134,62.09661925007177,12.136195758015843,LOW
23.002419005323198,39.315551026566446,54.29052613743521,6.711107835089017,LOW
20.95693645184219,49.20790546923437,49.79343980263754,11.505027601129353,LOW
24.655741763862,49.7947607375885,22.800493268626717,8.028573345184455,LOW
32.527688614948666,79.7877061244117,356.69712159851576,69.19428988230891,HIGH
28.12468386079903,61.19353147571802,261.62888911797853,56.694511306656,HIGH
24.80315317504409,55.17983806885341,76.79862182814466,8.710319766918706,LOW
36.38660346735553,74.63366084156841,414.3282500893928,101.00119724023472,CRITICAL
24.279340164552842,40.62946321453806,46.016662036193665,11.223615925126673,LOW
23.37373471136643,38.207966263522536,82.51737210753238,14.154418438108403,LOW
35.018748769940586,63.32819362133589,288.5494186012214,80.93512284073678,HIGH
26.00573057009106,46.44618299370335,35.23846764654603,1.8950727040610467,LOW
26.684060691488952,40.11213083497171,55.143960634702864,7.7709364464581805,LOW
30.224883551675894,56.5286119292755,143.12465065812992,51.260160164082976,MODERATE
25.09582216299157,38.70613028896683,57.16613630410365,10.594553537850693,LOW
33.95527241935591,71.69746711982842,404.65031962025705,83.40094627397649,CRITICAL
27.844003112345725,58.04618069920535,147.91370992400758,28.456976320879253,MODERATE
39.087145880628064,87.73320527565949,440.4926893322729,132.0532818931084,CRITICAL
26.397444641576005,63.36570527577373,175.30264614780717,27.67639674468083,MODERATE
30.388107379022582,59.52105246978372,357.60265671199033,75.6405690092765,HIGH
27.865027118004964,58.773493809723554,254.85286426901496,62.66619448683928,HIGH
24.10044932594099,71.02676071392585,121.70099289514036,18.727618151243206,MODERATE
26.642511199673912,43.905907213462285,66.86398167224148,11.626276476408055,LOW
21.407040923059053,30.108196904002487,44.7949287181785,17.26461764548379,LOW
26.214489106523075,48.2942504423343,158.34363659188142,33.511849563736206,MODERATE
24.89188526864961,103.41980565442645,482.2861067423998,101.04272592520667,CRITICAL
25.97461138815921,47.97236769020725,61.658654784621206,11.833338534563246,LOW
28.205586797151906,60.084539956674526,160.29950622246082,32.32737518657535,MODERATE
22.208678641744633,49.414824050090985,150.7968205794307,24.161059336566073,MODERATE
34.863225348670134,63.8082322083382,197.68550375287117,59.073215789320095,HIGH
27.11906859736898,58.892262089424904,164.2316572426642,28.889391211792113,MODERATE
23.117721496724876,41.26334066026921,54.868131551647394,12.764674141031549,LOW
38.29602285496674,71.54325116757485,502.9598422556603,118.4567702519344,CRITICAL
25.20669316875594,40.945437512213815,22.042424112712418,7.573214523720887,LOW
24.160432079377927,44.17899316393276,44.7388787260009,2.176696696333857,LOW
23.584210516376785,42.422772108616854,47.9103671923463,15.018089910506516,LOW
28.098281607367138,74.31634372034827,273.471831148543,56.45240936817882,HIGH
24.65010824845531,45.75386028075847,173.28392896525767,28.234361127748258,MODERATE
27.86163999338864,58.83978777947268,88.62039583778738,23.065918005143864,MODERATE
33.01802851836743,80.12428279861663,349.8843118225218,112.46130167624463,CRITICAL
31.04933195048408,77.87992315148846,314.8570051899231,39.08962673582972,HIGH
32.46671468018875,74.57911207113217,164.25227212406068,19.084640608917162,MODERATE
31.788100795024395,53.690382741747875,181.29326768647675,23.283176008978497,MODERATE
23.531261454489616,57.39731694530626,279.72457087231646,59.9130057719299,HIGH
25.50103140574513,57.307585339275974,147.41317238669345,30.48750055896695,MODERATE
29.97051189780026,75.87342306441532,235.48280202543643,91.99203574283327,HIGH
23.288004438975555,43.264087774613515,63.72124064901125,12.394683719487908,LOW
21.318817503969832,47.62465573236748,21.90274345567113,9.290798056658067,LOW
21.164781935563003,35.404573283810024,63.97431179186356,15.549716656690407,LOW
21.286146309355345,43.21810110867608,152.9323929878826,20.56606064563386,MODERATE
24.391990226533878,42.061454936053735,92.66557729107863,12.361868819737168,LOW
25.841163516543244,44.09955862830079,56.49994947589173,8.809519852684918,LOW
22.699269645256273,55.350197652207406,46.57435253389693,10.857900289188114,LOW
33.196826742453894,94.55112167217251,395.8520112223145,98.90557638015147,CRITICAL
27.12312184706677,54.29085542860114,116.42240607887086,26.60504108521875,MODERATE
34.080960548265864,65.19200490372384,282.6547655793944,59.946068995286126,HIGH
31.32170788047079,60.99015491184944,381.36543292414046,123.08105734681027,CRITICAL
23.307962632611915,42.80708880171212,82.40473798498921,6.28646971787465,LOW
30.794601599289507,65.54341460075815,290.99576832024024,65.80030916375298,HIGH
34.88297068814828,90.69938754083128,422.4463966431765,70.9306623479946,CRITICAL
28.176290415779345,55.22781522233347,142.21286053136566,13.083047468321713,MODERATE
27.29503844099496,41.48698438140368,77.38116769593975,3.587866907038153,LOW
37.71456378752686,74.07749067871231,449.5716944594158,104.72734868140384,CRITICAL
24.95986851547533,46.64198140849,192.08103869197495,42.53847284903905,MODERATE
23.687762693979156,52.565588003045356,160.21305044589457,28.545454336346644,MODERATE
26.852253157165904,54.19758200985537,222.39236210309605,25.798373987237547,MODERATE
35.34058920304259,69.03274805267719,193.32406735977133,65.43480486508146,HIGH
35.0803627657619,65.43329886850906,461.5941871977529,124.69970054222131,CRITICAL
23.235642567230933,38.64344938771936,66.33026549647413,17.024297288594965,LOW
28.3568912583363,53.35553587882602,134.8958938231271,35.26620750883599,MODERATE
32.21056873458799,69.06005485821622,295.6382577612509,72.80997447142836,HIGH
28.257911930959505,64.65902714714196,279.16474058824383,57.6874804259252,HIGH
33.72465229250212,74.50009499322789,343.55178426912204,46.59277671719941,HIGH
26.131063819675063,55.56200578705163,142.84745988429034,25.578885358539605,MODERATE
24.966627644865007,37.02226531924781,102.18042910656784,10.083974173537197,LOW
22.839990210070987,48.44609755514861,61.80163931091436,13.427233575553172,LOW
31.654690701269033,44.555609067590694,178.4812149059407,30.949758044264385,MODERATE
36.85619761014133,79.78958181254063,186.67581648294453,67.47498142284155,HIGH
36.766819233271264,88.6397664745059,491.9197989133038,110.30374712634364,CRITICAL
33.81053956812273,62.18868403857662,255.1443582327242,82.40678104163051,HIGH
33.36104688216609,72.84385297690636,439.5609366301883,101.13083274076837,CRITICAL
34.48623921397229,61.76481080971908,370.8970870959771,69.25586010163775,HIGH
28.892584542542377,64.20539390019638,167.11016988793295,31.881350671934452,MODERATE
44.94388845836821,72.57182755255613,463.72098432487576,104.89510154979703,CRITICAL
27.1264756727296,39.89579980002718,143.9943984678547,37.996440582468274,MODERATE
38.68378577228617,76.65248247951311,409.4680208030185,123.11630770566735,CRITICAL
24.84109414239607,51.09540121668248,63.65576975259445,3.4213358680439043,LOW
20.39119515444027,48.944188957251804,76.13159710727342,13.766808968532168,LOW
33.903775388167894,52.387173293860315,275.1594885192571,45.19117615668499,HIGH
27.232503471865513,51.559423094128164,71.92113731653959,9.273519085597428,LOW
35.748110735137715,84.99608248640075,442.5429319092579,73.28618421630875,CRITICAL
20.173343615867303,49.82510299863605,47.52586053479913,5.107514400588268,LOW
25.11875567436797,46.394393774485266,99.45074304871892,12.539999345023823,LOW
28.557611602454823,52.9974585962249,188.00276465691007,32.24781765464343,MODERATE
22.672894769414118,55.42946133652067,148.31202437204223,21.80629235831559,MODERATE
24.871504887168157,44.973902403935924,34.58220555148739,8.907132667212228,LOW
31.58054056909355,65.68426049515539,261.47741220496687,58.69071179207308,HIGH
25.925953509973127,46.671843136249116,85.61524785523285,14.532763915367562,LOW
31.105882955409168,65.94064661718505,115.40571568586299,35.179410223283746,MODERATE
26.798054643713236,40.375687121916286,71.83284944876588,10.300812259801676,LOW
21.2254167512111,40.38426251146281,27.408591150677786,10.578465148132329,LOW
23.911316762933417,45.606199935145526,69.90429787121768,9.534838059970836,LOW
36.56884667731126,67.38999013115826,414.82743086476825,119.83865852980492,CRITICAL
26.59700331238855,47.012616400696764,66.40414280239993,13.0007394608585,LOW
25.092662844032514,54.12641499641921,111.7494690133769,33.25520617359927,MODERATE
22.579912710323292,47.61089513931162,48.67564108304412,5.933697992020296,LOW
27.993300591948273,54.76544545529724,289.66219286748907,68.75930069845073,HIGH
28.002456107019814,40.33722110883222,49.58813691646979,16.43522198922743,LOW
38.20032535104693,69.69118174043413,481.92385212267385,121.06365640362071,CRITICAL
29.245216569299522,65.85356443510756,354.18190998174725,49.68445146354847,HIGH
29.116592694788004,61.71343075192204,279.2918491065538,78.41999439482669,HIGH
35.243364202013716,77.49294127572311,454.31950281997484,71.36588107540811,CRITICAL
28.520761171340794,61.4519170305801,295.3195894766614,63.944318407945154,HIGH
31.425483755369218,62.68534170350703,348.7941176219327,74.91291744814188,HIGH
29.0775595225781,50.06269355104753,215.24315225450053,21.29890239133489,MODERATE
23.427147442764518,43.05351374743771,51.823378386334326,6.913159996005994,LOW
27.38589161625135,72.86851118947055,309.1841980624442,59.66752415648915,HIGH
23.68420196460685,38.39396196894389,40.372194215923685,12.621766065878763,LOW
24.484022828638437,42.65090076395696,56.57223239464162,8.697787371343894,LOW
24.122506500512557,48.13472916725701,61.2169583780077,17.07659668807681,LOW
25.01668884931884,55.93113296978569,157.31300430577295,14.790330999789822,MODERATE
31.744950518666798,48.04485644933527,274.74808290017853,53.68041869285865,HIGH
21.323798430644274,47.49713207204143,91.71197485026407,11.06009429668113,LOW
27.856788111998398,53.63752845460675,116.96962395737691,32.828990651128215,MODERATE
24.994519554320586,43.49387032431676,89.64983281371391,24.674519251317424,MODERATE
29.451983309087563,59.533743258700945,305.555478720767,71.47956464604295,HIGH
25.632975568688213,41.06215588322809,40.297933768945775,7.9106653030905125,LOW
19.897421087905947,41.72658816271817,79.88730999328006,13.20341372247145,LOW
27.394854129710936,65.14228968299422,118.19496315396117,22.281383024297067,MODERATE
31.082814690516127,59.63057354364657,304.83660820404117,58.86146253636821,HIGH
22.26929637426582,46.9292961661561,63.70467893935192,16.066987066623803,LOW
23.385701102404177,53.6378011831615,77.74164227899664,10.579593215050956,LOW
22.376290435433535,38.67543121567358,60.65613198418865,7.966635541833823,LOW
22.285688358677973,46.87062198161101,157.33886354639554,34.17148839811336,MODERATE
21.79376952250427,53.1547741480157,190.68130894454902,45.10208708173576,MODERATE
34.317412090318335,67.46820818443821,454.8263519937367,135.57059168987863,CRITICAL
30.91299816203375,58.2917463589182,280.36886519394193,84.33101386207008,HIGH
25.55371291195674,62.119925973460255,267.44384109302473,39.501825742227034,HIGH
25.012009326510796,56.15935568890986,36.01721477682398,12.922085725155055,LOW
28.55886279280593,47.95238857009113,118.05219957772465,30.77757401827052,MODERATE
29.32169852611388,75.33309610826605,261.9661787878573,38.48818958233349,HIGH
28.440820044737116,57.39372806442732,160.02667761419838,41.95191211485342,MODERATE
23.152583303298652,54.27032422806242,24.587702034642888,9.785222211188923,LOW
30.64204875280218,59.62081460992447,170.5631790528508,21.671815015558916,MODERATE
21.59987657742841,38.15752188375975,66.98173436094743,8.027942017131203,LOW
24.861534158560453,55.668658436253295,67.80704254019537,7.525862783366165,LOW
24.504737399753665,61.39208867063229,151.93883758707767,33.204350529255585,MODERATE
19.498508809637023,35.99145460551941,91.4238754025724,5.407380708611638,LOW
22.71618440217859,43.55981940468456,59.19503540875333,16.575113711245983,LOW
28.155099420961054,64.07688902477838,131.00409408715254,38.546743815611464,MODERATE
38.55959745297413,73.60484967379644,395.94768073224145,87.60352709661169,CRITICAL
24.248960546824524,57.56793433278253,143.14991060189783,33.45120158144015,MODERATE
21.880487891423336,38.461388807344626,55.88411310288038,6.899517105544875,LOW
27.39137401814974,35.79987136873552,96.41515969100419,11.155505533436354,LOW
38.47333126932092,80.55263259539433,511.40074895287523,83.35166623046436,CRITICAL
31.58861234999701,59.73528422070856,383.6317384792977,142.45095556447643,CRITICAL
27.96703142666712,57.51496298065922,113.91234654652948,17.621972076393224,LOW
27.975502623167174,56.598297635806716,158.84518083646051,30.000497636882912,MODERATE
25.504365130306837,42.20509286822077,35.20276371944321,11.454475190290106,LOW
22.82145300505732,44.14348061811497,53.30142204839025,14.44016997006677,LOW
39.64179855150687,76.85414624047938,415.1309048935381,108.16440972573588,CRITICAL
28.014231568412086,60.94432507420473,179.72551280538676,19.182607316977055,MODERATE
22.926362949838328,53.30797414795727,63.97755708444443,6.901219041007191,LOW
22.632021391092767,40.49069322892153,76.84111893561462,14.050176997548178,LOW
29.2594981847448,59.555298290728,114.60957555711204,29.329450409376786,MODERATE
35.65294167486944,59.60513030872299,427.215034998414,117.72529782863353,CRITICAL
28.993626399558554,60.63637474776886,270.6009955357325,69.07702289843645,HIGH
25.20861597593418,38.24888074670915,67.14336640733788,7.031138479097384,LOW
27.41602725451241,36.610543147403945,54.969585568091325,4.901416910757501,LOW
34.14469874617005,66.35724095075416,274.74778659989516,83.59763260672872,HIGH
38.27826422524724,81.43731648160622,261.80677777137817,103.46662388758104,CRITICAL
22.341366211686278,53.847516643951764,53.25350018419334,17.57027278322403,LOW
27.748987659167895,71.09880528761576,264.6382816108671,69.30258271241469,HIGH
30.572271286101977,62.56611145014339,288.07720121834814,73.98293602539064,HIGH
23.594974929314365,42.63817022618475,50.59569198373562,15.879135420129995,LOW
25.302899720685488,49.45503437762895,242.64739542258616,68.22203621676124,HIGH
32.54433565553104,63.59645246253376,342.8838447120524,75.80955930283622,HIGH
30.436018291602316,43.45765642979345,147.4477586200433,31.100098449023882,MODERATE
25.854501991514137,62.916744745004145,298.02073583579835,71.6802697695627,HIGH
25.52301066481349,44.634923703767754,72.14952748107758,9.19454545778147,LOW
25.589604700294725,44.72819524087174,66.51581423157307,13.84523507726805,LOW
39.933887423525476,95.9560346815762,458.6610275346319,95.7741489719049,CRITICAL
24.937636832980836,48.68106416106229,86.91029245027269,3.2635539640639744,LOW
36.55125060417434,69.54456530616172,306.646078655041,61.616972698367015,HIGH
25.395904318296303,48.801314356621944,72.97277514006097,12.506674286413134,LOW
25.573297339971294,38.85390800843921,74.98082478314184,17.43434646566491,LOW
31.49843984394743,48.57893290061886,149.10712141168693,24.870734785521133,MODERATE
35.921429663226554,64.2064310392995,332.69776851978327,88.10877279064667,HIGH
27.38925483539095,60.13530758738889,124.72386055439146,30.880780761716487,MODERATE
25.49995943924911,60.9767836849456,165.71413338411037,28.689872730376383,MODERATE
32.257859773618286,58.875180026055105,171.29455869783789,42.80689837001405,MODERATE
27.859255270486464,79.14677913272223,286.1434802178294,77.51041190208619,HIGH
24.77705261049233,38.418403290828856,61.147317115105665,7.4083072592868815,LOW
23.393754661268154,31.23965614219076,39.121756120004406,13.129656625041314,LOW
21.851626106074786,48.287241416790394,44.192164701266066,12.887855481653673,LOW
23.349753699215345,44.45361825763527,106.07151221998275,6.964793921910598,LOW
33.344106128477115,57.30069720728852,208.25839731673307,56.58462599852958,HIGH
25.973989644815152,53.38225848047283,177.3230895387624,23.549255364041123,MODERATE
20.97231791736636,46.92431436435477,64.13112734223138,13.18214519266887,LOW
30.42433725768275,54.77223711633451,268.92519912298906,85.74503305617715,HIGH
22.902240527265292,50.24084514517629,101.67144499748366,19.633816969542245,MODERATE
26.66115028791369,67.49862872283902,281.1584204147158,57.55860451269332,HIGH
28.187015471958233,71.72675520661637,248.5746865642451,59.59086355950358,HIGH
25.378947128815533,48.2666634810534,12.809379013371597,11.016971745112716,LOW
23.317356575621673,44.3509558695198,53.66295186842693,12.003276888395666,LOW
28.679602621542127,58.52162398002143,278.3813700856367,43.387750872073816,HIGH
35.04423350016207,52.94959547831428,264.69471883089665,56.70778861897837,HIGH
22.924277586660693,42.12113468784902,41.44623129956885,10.037287214269003,LOW
22.228360304760812,50.93233680433179,64.87914451719315,13.407597075060727,LOW
27.729552992674,53.50832453588143,193.7304464847345,30.930113098968498,MODERATE
25.625274002937257,51.388254586694856,157.13166224471482,36.556699674981715,MODERATE
27.379737831528384,56.28918643713381,160.7509054912683,16.34002878511425,MODERATE
21.2683109597562,45.19730655991047,43.7824793419744,8.015035526293008,LOW
23.193526925664393,38.25537839268739,73.6423519565931,11.916911879182312,LOW
23.396116140638863,32.77387940218365,51.752280741092775,6.954173825250503,LOW
28.859121506413114,57.272428637451604,187.89114927379765,25.45348612491928,MODERATE
30.11363468670773,56.16351476176694,142.59003778373352,44.77216915915826,MODERATE
26.42836747819775,50.1983863044689,189.79538014751606,31.655976167117352,MODERATE
29.02882928236527,61.16061499797782,166.4960995347269,37.071804605055554,MODERATE
32.66467175029068,59.14689716125252,361.46592467279015,47.72852677413016,HIGH
26.989698825464178,64.21497008931236,254.29178629593616,66.90058219881577,HIGH
31.17466518802163,74.73526990543581,496.6520822350955,78.75469804997078,CRITICAL
25.72150929583067,45.46532887947852,62.72078873684216,14.08920939476931,LOW
32.922659079609616,69.21622320179846,400.848832396544,131.79044169895357,CRITICAL
21.611562378179855,36.80590159624093,85.23049111234742,7.542400261200947,LOW
20.770731644158126,43.42568378300449,75.5973909751554,11.011828193091853,LOW
20.870228949096518,43.03228747615217,62.64446575066587,6.032700571866782,LOW
25.77013709329014,41.828107748075425,73.06497948789068,9.561041610063867,LOW
33.102451980174244,47.34434162646727,173.0845321064,40.43971652930182,MODERATE
25.27463799534402,50.895360312395574,146.01656284391635,27.149075950235027,MODERATE
25.675976656556337,33.62512966868306,42.469918410455236,12.679712304839466,LOW
21.882915611933218,48.358211701822015,83.88360522275596,9.803893942137961,LOW
38.49981702525699,90.50740887873786,371.26228331082393,105.78504147900067,CRITICAL
35.461434859852744,59.274333002927236,444.38797453321894,85.42382727354202,CRITICAL
28.089008036056818,85.71366563849112,374.09087745404156,111.66672360495744,CRITICAL
24.3236379796304,46.77942467984383,66.85886557319094,10.552390746581574,LOW
28.45198851354523,64.16014764659259,274.32261783779427,71.01047625397204,HIGH
24.68781072113898,40.134697685297034,20.739195334848908,6.924251176482705,LOW
24.808883392917604,56.69593892205648,152.53171523516028,44.86542093550568,MODERATE
32.727501849944105,60.00597582792949,182.57120229915103,27.128781827032334,MODERATE
25.65312032759736,54.91691328525401,131.15523347984936,21.99086060423319,MODERATE
23.983808501408244,44.26555636317029,116.33741658307213,28.125156093894013,MODERATE
23.54382019336298,48.60266583167526,70.33997484354032,7.356696363642756,LOW
22.848753069701587,48.9338688587013,76.00553212280222,11.411559684133412,LOW
41.91680847847749,70.65094864683425,501.76097896925694,99.78900958416513,CRITICAL
33.12571740601829,49.18353264597901,236.51977892829444,47.90196917165498,HIGH
25.75862996679131,57.4126311307204,55.36189491541704,13.416626661465518,LOW
31.62499510054828,64.79749548067969,268.9440432516059,72.52582435086963,HIGH
24.92360981207836,47.5647784549012,59.07834777825681,3.6281818997088937,LOW
23.146124641155456,59.33569949460075,172.67209949978863,20.87654316407419,MODERATE
33.36442365416924,54.44362433491433,113.39358973696443,36.407033917704325,MODERATE
25.238427932637713,69.15815638437174,238.7521982897592,69.49663679111413,HIGH
25.41440838853937,46.10098994763561,13.394245398738342,11.528050162818353,LOW
31.250152926572415,57.76645494311096,172.68473531259045,24.3156735918326,MODERATE
30.923052006818306,62.115070985649204,340.2104073494537,62.853533177873416,HIGH
28.517257258934016,72.72040867691203,272.47341950816826,61.910035248703345,HIGH
22.170473622268915,31.588942209436016,44.64840036558044,10.968356354185365,LOW
20.879140759831134,51.09635718810931,62.942945029520075,11.556058778853968,LOW
29.805903016600418,77.72591024786541,469.90995807611034,127.8062046074131,CRITICAL
25.02625931718405,34.57547241137752,59.73117625000553,6.173702602254215,LOW
34.39113847713115,57.39576951423845,277.9309817332293,68.4791322090995,HIGH
21.97314525039764,39.53264380313657,151.14445532522464,9.748665420996556,MODERATE
25.184415547165486,52.41647944996664,48.79377147739213,10.644726584540624,LOW
27.472839974756926,72.32278238201279,292.3454046352442,56.52375137011866,HIGH
30.581996544460782,71.24059160198291,263.77929594338804,68.17926690730403,HIGH
28.1864714839248,66.37226233527879,239.64545498416436,76.20812408028353,HIGH
22.469771087312225,46.282682591239094,46.1454017939877,3.582748776793296,LOW
34.79873268290916,79.6926785242218,428.2213961758686,123.15349230056458,CRITICAL
25.869904836263522,66.51056691236428,92.06759841147526,26.384365552592044,MODERATE
23.609203191491844,42.3933150753833,70.83879788562149,11.02208263763802,LOW
25.23551378046274,54.999180656120195,172.1814265211704,49.46365027743941,MODERATE
21.97500015890103,44.43692846760482,63.257571510608564,7.922436518625915,LOW
20.18586873479854,58.872047349296,135.70837732708583,29.1223581464358,MODERATE
23.215448473173232,56.90903495022681,173.8176473701934,31.362691666290406,MODERATE
40.40158650920531,73.09781354634279,390.98525324570846,98.79034235614161,CRITICAL
30.239281309000894,76.48455527469586,387.15218456472996,118.4177654429966,CRITICAL
31.87700823529143,53.51856799639123,125.9025074686555,18.242061318778283,MODERATE
28.9863239895484,50.15306055174146,200.79465267801407,40.849299071088254,MODERATE
24.739575374748085,54.07372608387741,117.89744711994113,29.227364296713166,MODERATE
21.253478283355413,46.75800328784362,81.03296355778869,11.600880957082088,LOW
28.99569472127123,71.6467349767948,227.0385949578384,68.39908535533172,HIGH
26.25122205241942,41.50350743358666,51.04075538592389,5.032540517474307,LOW
25.728552470903253,48.96548215911104,126.99551199968154,34.29684397170327,MODERATE
21.971668070040636,50.3781685531043,57.0098296350695,13.821780343937228,LOW
26.996622301810103,56.09409490355352,191.6185880144047,40.44698260968216,MODERATE
22.742362260129216,39.07902258370069,73.69424633509632,15.507038809203268,LOW
35.05219702933368,81.55027690386734,460.9963209196821,107.97885582758809,CRITICAL
31.294586010408413,58.69522773376878,249.12764030998213,55.17913493886506,HIGH
35.57143970939364,74.63483964446196,461.9080274626036,130.21434565958225,CRITICAL
26.836930916619504,40.45751383626595,34.224732996231054,13.72297431226173,LOW
27.11198489442085,47.90997725815426,24.059328943134716,11.46243785373437,LOW
26.50415004251718,53.577772163899404,76.37340126093602,7.650884406816579,LOW
32.60188345544892,58.660679116595475,346.38116980790664,41.1361748770731,HIGH
24.639069949484977,43.75939999481302,43.34790706251465,1.7528947902277494,LOW
25.45835045629804,62.78215661193919,126.51433085159623,33.622164908510335,MODERATE
32.440744582250765,47.09839718252266,374.2883280068813,63.02505462483007,HIGH
24.846751573320372,48.87036436839894,130.32545604401096,27.082868833609258,MODERATE
24.550763768795363,46.8892193360081,174.6536827179926,39.60908492188997,MODERATE
23.96472669993545,38.24201483884453,61.27837257005565,10.919855048615279,LOW
24.792149955538896,46.85225269230615,41.02549099636957,14.772190054915828,LOW
32.026714805750956,57.94294412593458,209.127993911155,39.40215335445157,MODERATE
22.553786266760753,40.79059515138303,69.59461712968539,10.572504335163671,LOW
33.499179842830124,65.31017064284826,317.7554416885327,51.34341906617819,HIGH
25.00199113869456,52.18541798677142,77.5937490128941,9.660186397168347,LOW
32.34909297777283,52.96602071432629,172.45301096513532,26.948904062482065,MODERATE
21.545321804388095,47.4355253091719,72.62037059289187,11.636853636880643,LOW
21.69394413512667,51.875697008361016,67.04268279421431,6.899061174663661,LOW
31.50882388278989,60.395535960403684,301.26336856600875,66.11118232424424,HIGH
23.64426845287404,53.48140281325284,84.85598068925364,10.752576557082165,LOW
26.700862038208477,78.75492090693027,326.6353849315585,75.52732198986058,HIGH
27.12276795196739,54.11009904176639,170.48446314901796,26.39175349163363,MODERATE
28.85823881686411,49.58495143037925,132.7787194977204,31.54661311808769,MODERATE
33.42540921167004,73.60323255145998,282.84925627968806,85.93109233296165,HIGH
37.066717655204044,82.21407180144028,300.5477357291601,76.65167692409717,HIGH
26.37129491077999,50.72390737244964,148.5296395120673,34.44746780484563,MODERATE
27.973206143382477,45.60164727481531,33.20108589578945,16.577242484893667,LOW
28.301835325635977,51.08426352146203,158.15229424052708,33.3374006581058,MODERATE
32.01411105450552,61.672957848547185,454.19421848274084,128.66759769405772,CRITICAL
29.986979859143595,61.515451210272644,130.2278763026549,14.139367713057386,MODERATE
29.214227239273622,77.33336677447355,274.67638412427004,50.904408336135745,HIGH
27.113956987403252,69.1147204016508,236.00511733277062,53.34466763733194,HIGH
32.25070104840666,70.38451292165128,118.80403482661373,25.227149386277446,MODERATE
34.50636804492611,47.68733048329821,283.9301568507835,58.17999832810546,HIGH
26.98849666002289,60.45780432287243,282.6466758992105,79.11344004369802,HIGH
25.895078874335304,45.160346015083576,47.310972955134034,9.265000184517705,LOW
39.13024867730714,73.66912784000537,368.8986605689329,111.71316318974472,CRITICAL
26.465438172106236,40.92742276224237,47.97964942321764,13.024640790158301,LOW
25.650947451962686,63.77897909098171,108.86983181156482,46.44962511820409,MODERATE
25.733456805601424,44.347202028447754,64.88452112769845,8.94885400095295,LOW
25.9580283779413,50.989374697084294,204.40025477609976,30.235061576109533,MODERATE
21.019426820176204,56.19346818621588,50.06534322380547,18.24735295400459,LOW
24.285770400604903,46.01906287396798,99.88711690698051,1.2311257223165537,LOW
23.469592784939884,43.72143968950162,62.687613338554264,8.934983402015494,LOW
23.952845075689893,37.1186509308921,66.86458868059583,12.864217806798322,LOW
42.47158431289628,87.02014571097685,466.4173764544144,121.63641488056028,CRITICAL
30.42411631420326,65.99528228443471,174.24072038435844,25.437733265501077,MODERATE
28.721010098928268,60.86421432832301,147.67568356369347,25.465531623143427,MODERATE
23.783040856443126,48.41067771056957,110.18616571495758,22.451593443005407,MODERATE
26.561665513026405,44.55572679320898,68.93365912002204,9.957981689504336,LOW
28.436214015348867,53.248439790419866,66.37954929593475,6.576440310430921,LOW
24.922723345740092,55.683075686499286,159.29769523798046,27.2709960495171,MODERATE
37.39617695714765,66.90021397465081,300.54664000874925,59.0862685949502,HIGH
30.75009840730649,62.414223928104796,311.92904713238096,77.68508602726638,HIGH
33.96481700775145,79.42932645981278,297.5433282791,80.38902149133769,HIGH
20.199929200044167,44.07287830387374,44.3811928757319,10.925733322817443,LOW
32.81704267009101,72.84822478511676,334.16065207090713,87.66966186133975,HIGH
21.601999930106363,62.56689111739871,78.1714269574718,10.897791884188047,LOW
30.82941955871524,49.53002753971664,245.24519029194283,63.43413367693478,HIGH
25.244592028351754,72.91111995386433,142.45040875300796,32.224960066133846,MODERATE
28.76837849586925,51.65902063890928,187.40943744116046,33.54849754885389,MODERATE
30.677488002311115,63.62281343462568,270.182554510122,72.13015523112318,HIGH
25.033306165627973,47.03349214846538,61.541478737811154,1.395171983550771,LOW
28.46506228531943,48.10667106330131,158.41746835189923,35.18350784864179,MODERATE
32.53090432952166,67.57281445453094,322.6047542875334,60.708439717282374,HIGH
25.13666041738853,62.77207695334913,101.70866657229983,36.533897393202594,MODERATE
29.89616199217888,49.53618940726091,152.69950736448888,30.485040717850225,MODERATE
23.85731414805606,59.453505616590476,94.62317615782929,24.65726354306109,MODERATE
33.48465819905688,68.20104622007229,300.52173911044315,85.62465154747983,HIGH
25.21917136282532,45.396134083058854,58.447778015965056,15.226503328315584,LOW
23.13706667427317,50.0023175491193,65.7441044276426,11.324449689801767,LOW
30.000766025616525,36.320155512626386,349.06641960693196,55.273743772586414,HIGH
23.559414199963825,40.29717964047973,64.3243225559212,9.822750258311661,LOW
27.447906049954064,54.768673149291445,177.83515713864307,19.27693769854614,MODERATE
33.17589283251221,59.88205645241422,239.34689818547125,56.735926825879446,HIGH
30.708463191798874,63.320332511181334,233.71456831981075,75.82422498154945,HIGH
20.17914262722654,35.67875629545884,78.05142554594977,16.279185362502957,LOW
38.261746005115334,89.74091897803902,372.5673253791954,136.59335653786422,CRITICAL
24.62927418114624,40.68460011271747,78.01851346838501,13.337808470461868,LOW
35.321822107330675,64.92679964626211,419.87703768318534,83.9110970786318,HIGH
28.008536807039164,52.75973816617892,214.97374643155027,51.928683183056364,HIGH
32.46126674001257,60.09301453305233,273.88589450964815,61.39155035900959,HIGH
24.36360671269251,57.4478047028137,159.002573278401,23.209055918776706,MODERATE
26.113286380430615,48.05074912810635,175.5863993856058,30.43596461723714,MODERATE
30.26128079923384,82.31174626477775,539.4835600488504,79.74332540431074,CRITICAL
24.644070913949964,73.82724241718225,187.1889743445075,32.256858744239764,MODERATE
22.027887850447485,49.47764703409074,35.475140441085166,4.675544621031728,LOW
24.26683333908715,47.28018844316576,52.08854463929195,13.68058618452434,LOW
25.253288707112883,46.28472407200875,70.81168354131358,14.727992207702155,LOW
29.016767404541714,51.49284995078733,189.14490568347236,62.53636178702731,HIGH
21.827833752112348,39.77340180078935,87.42216943132672,13.503359121211252,LOW
29.672955846643283,68.24802153325123,251.80970390377564,53.678265584323945,HIGH
26.181321770664947,52.08840781511243,46.761957279739136,11.842204378537245,LOW
27.975293522541847,62.62340389399965,223.10946154010622,81.28277332014335,HIGH
29.76828075527773,59.80736549964549,327.4567496941859,82.02608517372025,HIGH
23.7039106624947,44.64636967277259,46.12602707421146,11.543926776349792,LOW
22.91947850928725,44.39194362098976,33.19687891994354,1.7741869200934293,LOW
24.77903073266446,69.94404858117528,209.1551377525098,25.948171026247557,MODERATE
33.812723588162726,59.83748957645539,163.81721170844764,74.63417192640458,HIGH
28.294084757231097,53.398146764468855,115.68429208203406,26.58378668463061,MODERATE
23.29124926525158,42.837492855944355,32.65103241496237,10.3648019271131,LOW
25.837052399396224,40.59539459861891,54.677326371076376,18.65593426297749,LOW
23.11885036773385,48.513731915393585,27.865287559938245,15.003237287114104,LOW
25.04890348974945,24.737415039142142,55.33058942743602,4.908535095978668,LOW
39.210244349024045,78.49208900847697,353.8288841572993,134.8858842104986,CRITICAL
42.221484267602264,77.38848360176384,447.87444104041566,95.7939123087494,CRITICAL
28.825301652880825,65.10024184760235,155.32623595641118,29.623690725953605,MODERATE
31.327621527273624,62.1171401506742,154.1467142146282,15.1422519389768,MODERATE
26.683885607638025,65.28004604921871,274.7905215683241,45.151241237081415,HIGH
43.61727096082911,72.18655021938072,462.1233814327221,152.11379677484217,CRITICAL
25.065470077026816,56.65910357285924,164.42340549327946,41.47050506619169,MODERATE
22.690349144546296,58.150363582430586,276.8487974823879,50.785981124472265,HIGH
23.46122791554412,42.160045143522055,46.93886722048781,9.985557570049354,LOW
22.00611348984732,45.24878774870897,66.17558715453835,8.125611544138113,LOW
27.17314324763843,48.89940431255584,116.26388032950497,28.296241573930708,MODERATE
22.35262258171373,48.57527690398021,61.70202438025763,17.972931878018706,LOW
24.905321281722422,60.154586701352805,173.10065972687912,26.823911901633483,MODERATE
32.608105573679715,65.50812141412001,211.75524587181008,68.56329398586858,HIGH
20.968795916275038,42.88730193967019,83.09253721572354,14.832246000352228,LOW
27.80769867027637,59.170580423485696,152.95933744434004,21.15959339028425,MODERATE
22.78563814888459,53.40815445981798,79.380433160168,5.6804897466926985,LOW
23.194785714494543,44.0693967641959,50.35122925885992,15.62276649122511,LOW
27.64847041380382,56.56980744293326,119.1668947511694,30.868429582724218,MODERATE
26.94538197096141,38.11311019368334,32.665177727002884,10.248538320166087,LOW
24.719192908567376,49.081776456478835,35.5155176236826,7.712050062920023,LOW
23.715023901508083,32.014683354940374,83.98791063312859,16.21928587163574,LOW
20.97485378464414,47.25427592347906,93.46438605229696,11.902941998747709,LOW
25.54450406491134,48.901529665166315,147.87413972512053,14.586357160474162,MODERATE
27.418950139441478,61.067410680569054,136.1547441481138,17.655309041133698,MODERATE
23.627699156170102,57.44187134498469,163.29254433958357,30.591610429431068,MODERATE
26.551103288921308,48.349644217703336,174.27533077676813,34.57237541998571,MODERATE
22.863297056609937,57.6439073986921,36.56284824923995,3.821547612556631,LOW
26.22585802028728,62.68307718328067,169.38349364840016,30.23620469585632,MODERATE
24.964331496499316,57.62134032109171,64.56054102891783,7.275691469282023,LOW
19.143961760189278,54.771467210057466,182.78947413317965,34.81747295096337,MODERATE
32.94771746671148,73.82605235902173,344.13550332841845,71.26438260405241,HIGH
24.059434028320673,72.82538741606183,303.1841131121756,67.1372328252212,HIGH
25.930304006681112,43.456581445031205,59.380402001172286,9.776045643327027,LOW
21.702735977939742,48.375311171444075,47.02400957745551,7.256785172403378,LOW
28.014914616713288,72.06753920808373,284.5615026119007,41.924125515818986,HIGH
24.62050745452699,47.36475519533922,78.13036159052567,15.996882978245193,LOW
25.234574644992136,47.22711558370456,53.828381279369765,3.6662547884194225,LOW
26.757875661289113,48.49999778014594,40.78638256242405,14.390086022579622,LOW
20.723922382514985,62.12532670627765,121.63858127720661,44.24582698494328,MODERATE
30.31660217901052,68.6748787660357,389.07633545447965,79.00009852971779,HIGH
29.77830798841254,45.70548606573893,70.47266673981906,6.255147243762963,LOW
23.42439541610329,45.23044850621111,65.92674451937745,4.320915812903011,LOW
31.678457903825294,80.47860923454974,471.42095655640077,97.08981819894741,CRITICAL
31.630947952150883,61.11038466009437,154.55929001542222,41.74742210943882,MODERATE
25.138478369416045,47.98808554939068,146.76602593939072,36.173763823852745,MODERATE
27.070530648103425,63.491874495549744,143.57191705493906,23.747215850753165,MODERATE
32.97504015063254,63.5820831529531,530.523139715461,113.78592852618691,CRITICAL
32.166005287036725,45.88412841719946,145.8857149231277,45.99739033681489,MODERATE
28.893627556809054,49.71362903664923,83.50666635538019,15.339579293819483,LOW
29.53536500621327,64.0764774409567,235.5880373508868,64.07651963478288,HIGH
36.06770498595761,69.74620568581982,386.31779010040924,34.76638263298472,HIGH
23.289309344669267,53.95496678408523,58.02761039489975,4.1286926573949945,LOW
27.407205226735257,53.85099385480156,369.9472517944255,60.07747586647088,HIGH
26.721130958495742,53.23953062774086,124.78016903137099,27.514923166626822,MODERATE
26.837270624127907,50.68461381932445,38.0567958458085,13.95412967294642,LOW
25.125836998159514,56.27467967330598,167.16861550949696,30.376423582583005,MODERATE
28.4111469492286,80.9426563539721,193.18218719597985,73.08991712659397,HIGH
28.928830180355142,50.04140753846217,185.0759108499917,29.1361545465735,MODERATE
30.620758446896176,76.1223456195383,332.191316209618,141.01011966884843,CRITICAL
27.653688641701994,55.328540934653404,53.665683633571334,6.5226821493992935,LOW
23.18753175021407,55.593917135015715,45.09868816505032,9.160316020544977,LOW
36.49998061443086,86.5747621579288,335.34341603670157,78.04448036738815,CRITICAL
33.19920062335543,62.92495550921233,356.81872428668845,45.88959559054133,HIGH
26.795285673408003,59.24580685209025,78.38543663624179,27.914373120845205,MODERATE
23.873339563210344,52.53178663680511,81.99249012853416,6.165745499117632,LOW
22.01467468554352,45.32409264692854,71.81030848753717,6.658868274957673,LOW
22.989288507696195,41.51581483552591,72.71971770371488,6.656108225266325,LOW
26.082312080060163,45.651342911549605,33.82584908454069,13.422565513552843,LOW
22.790959981315602,37.448794921868526,177.10242891097226,23.120655471107433,MODERATE
25.278805660771983,49.834749577853124,45.83214602529667,13.650562638423912,LOW
40.38665308388439,85.71951385677261,437.27710171728916,96.12563588942156,CRITICAL
24.881483207325523,37.4549282480706,46.151125663083725,4.288999428069662,LOW
35.33221568958215,69.12562201078248,465.12745629588574,84.10799268143383,CRITICAL
25.561052969825013,50.572894680756825,45.67692835124082,10.928170418972961,LOW
26.40798139926809,56.006861759060946,166.81098596447802,32.54047210794488,MODERATE
23.764504988678983,57.717936475152484,166.53196053588897,35.51147624069706,MODERATE
29.746756849750824,45.779355967562225,137.07545537867853,27.795847341646688,MODERATE
30.127866965485588,66.7718473147584,197.8402518174999,59.474362627208166,HIGH
28.08307756863389,46.2749473016039,62.26492710895814,10.928293646636563,LOW
33.93446454950359,52.491568569482695,338.9579918842041,82.44155411624156,HIGH
26.6438139279504,33.28067442363149,112.68026513395233,34.15079421010526,MODERATE
33.186510766350395,64.39427947377368,366.66427152558003,79.07245778913995,HIGH
28.364221303906827,38.422996591760395,33.506876030325785,8.315578451504308,LOW
25.905205156539303,60.58663487480781,148.98061285185963,29.93362585904172,MODERATE
19.37534901405043,35.9084369524916,53.06439722227041,6.6282847946090495,LOW
26.80825675921618,44.553303015640815,36.20097208098626,6.827600850941305,LOW
27.06498794291803,48.575264613893296,31.875304727484057,11.227219740416599,LOW
24.05108041678048,41.57993366634384,53.472641210344605,7.441140371251711,LOW
26.73197567093649,50.29388277017817,54.871270033500416,11.408713233471078,LOW
34.02865067422819,61.10798076640993,175.04308856184315,30.303848104554675,MODERATE
26.76542050532323,48.913632705397106,45.06824482702081,11.815466217359353,LOW
19.808338087414278,39.465679244491994,66.52976686871831,2.3021547846849764,LOW
23.45907651921148,47.949265554569656,69.68010672422012,16.329598210765845,LOW
25.882041439618433,45.84848289691326,138.46117150718894,35.66023446397382,MODERATE
36.05847602691397,79.92403441765245,490.20109574910254,106.50543686239916,CRITICAL
28.82005948210196,64.41367164367607,258.3625046562811,76.09787184434612,HIGH
30.034703573489526,50.12258807341877,306.7469238506438,82.45506386015677,HIGH
38.25051045387911,82.55460356381954,458.4831605640078,117.28791245012158,CRITICAL
25.032953610277325,53.598645895361074,152.10729782125537,27.31435889040389,MODERATE
21.529982026212124,46.37985669014084,76.30396635699452,10.037367636638827,LOW
22.631660770248224,39.48142541906838,68.00895855718257,15.164810442597766,LOW
25.310133723549235,51.42152384305266,60.9970982578386,16.651526979282202,LOW
22.295544798578906,46.92940762580632,32.148660668516655,16.08715589294284,LOW
31.046318532201038,54.23449746662519,94.31197503704067,51.09894032855993,MODERATE
21.9995827531964,51.87457373034533,96.64543106239732,9.190247302171946,LOW
24.476092469423158,38.3341762106874,47.567985907535345,17.127703457460086,LOW
24.48732906592437,51.83570672545708,182.18471061990402,14.192824919000488,MODERATE
28.924437490084923,57.186375763734176,70.3176500547361,15.265770440175922,LOW
23.748295993021802,50.54876282018584,92.19449433817243,4.944951027503476,LOW
24.722950896177103,45.61898690984527,60.26339950197685,10.926679890121715,LOW
26.23723058572636,47.85908797936308,56.79822129582531,6.640314170035883,LOW
36.04466441151612,68.64536335905906,472.0232398793042,113.6011028134571,CRITICAL
25.083542337098923,49.18252634746226,184.08171678802995,31.039631653340432,MODERATE
30.55026857162,63.37986296878488,311.4397223043578,74.26028934104018,HIGH
26.76929024617218,42.537558339507754,90.60032485935429,4.665805545745349,LOW
26.44313639718457,41.173357264960714,169.74623934154988,14.608503786039952,MODERATE
30.31282643314856,51.28974815893473,122.88797545453441,36.40285176449608,MODERATE
23.189880610620357,52.649954863015935,38.98898276721761,8.161570978118313,LOW
30.07221057796193,90.97812443762574,408.0733883213275,122.4905476282473,CRITICAL
26.54313622811272,51.64691521707409,148.71106314137413,35.701473979923,MODERATE
30.186965645075585,88.35782449578261,379.5829711261907,112.08167764056806,CRITICAL
30.526403166329764,76.44311777110116,276.16738655091143,60.00443420494972,HIGH
29.489624742767482,59.63927445899965,257.5248911687854,88.28494158044062,HIGH
29.964410353420984,72.85324507695059,208.57627893756833,84.25949692401937,HIGH
33.70900204207092,62.080860073550596,163.11703631595518,40.32912307894519,MODERATE
23.2091670165957,44.61453108927937,84.63986755620707,6.576486588871065,LOW
24.473076156414034,49.30518298245519,47.34454963307863,12.681671811087732,LOW
39.8018467739341,78.17963491675418,415.0171238111062,139.71247271294828,CRITICAL
33.82106385884561,80.66625183348461,317.587063583347,51.04072273930182,HIGH
23.404741159873797,49.25699474074935,68.00614560319224,18.828328261854693,LOW
23.345117566498732,38.19994738134066,81.2478728021522,9.975755083166996,LOW
31.06678180874581,57.03409511098394,260.8463120342583,65.08668767019734,HIGH
23.024751662087287,40.535280995320086,47.08879446623576,5.967917931473759,LOW
24.31590467467814,59.106088811830915,156.02400160590872,39.557721799926306,MODERATE
33.03197504176531,68.59669619706646,313.31517725327024,71.53224343803022,HIGH
26.912022580957803,47.84831025156578,175.16758662914518,29.74964152113336,MODERATE
25.830271807170632,41.24429026634414,82.44043884417759,0.0,LOW
29.64621888900134,79.45600961253783,443.507889138114,127.474337236835,CRITICAL
26.417926112551775,72.054408797575,407.94607336251886,64.01615966765392,CRITICAL
21.84829702267091,48.89451061856072,55.570564755122746,17.844379542078933,LOW
28.291173799023586,53.508499454783475,101.30195434618776,28.362295958900035,MODERATE
28.805969416994888,52.94712583520493,106.29731649252105,35.15566870186629,MODERATE
33.530232561557796,62.80710243812302,204.20313432356988,72.47264256307373,HIGH
26.783367546800225,45.17239819467851,59.18159599458897,11.669017887463923,LOW
25.06459283662929,54.314733135634405,122.38781075190083,28.167236276272277,MODERATE
26.085267453452733,46.8482276483979,87.93019069718852,6.700415607973417,LOW
23.078994964880547,57.022835373055074,95.98925486003368,2.9870807728111783,LOW
23.432181719094647,41.59218925609158,69.44348616296975,5.968338700980967,LOW
22.11841103540487,46.06247567557091,84.03652642362266,11.546071741729813,LOW
25.08282222167584,36.5611185479706,44.900505884471386,8.27891975797194,LOW
36.62319501528572,79.81649809051207,418.49395980992614,89.2380070799487,CRITICAL
24.90661963659702,57.93327264794074,146.6368604053875,34.50394533627725,MODERATE
30.15803148266115,64.64794541085156,179.73969247489111,31.261002607789184,MODERATE
39.46633535157868,57.06700364190425,319.655329827406,69.65898843307274,HIGH
24.37032587946803,41.93870817983219,67.68699977841446,11.267297943840271,LOW
30.212466645251283,58.61117940488485,167.2667679992888,44.71630124396596,MODERATE
26.451801768714688,41.650028206248905,166.76321526485705,36.7853900043544,MODERATE
31.305240054002113,49.967840051626496,139.7259567295031,30.95652732496026,MODERATE
22.283604363838204,46.747482752194095,73.94707958626361,12.273880654717942,LOW
38.046000888695765,70.0074954785539,512.8278882756679,102.77701203655147,CRITICAL
35.04287650394126,59.95546506498424,294.41251858145597,54.88031526406668,HIGH
37.92596355018036,64.11807214850764,303.393572807524,65.07279727066333,HIGH
31.358894497317596,64.67518851822032,211.5699666655616,68.68232650191827,HIGH
24.624400913267074,44.53489333341311,53.51389145738618,13.499640241102794,LOW
31.188141899807064,58.46310835130632,144.07180344554598,34.93414820947549,MODERATE
37.31103966619236,67.19504115022053,378.3005152356589,52.829169164471146,HIGH
24.73166658532863,47.175208456599954,66.088405939865,10.743304813001922,LOW
26.543932617764437,67.26520445320548,222.28335998657286,45.72191183165782,HIGH
28.29197695598515,68.91431466079405,179.3777790976138,41.46574069703264,MODERATE
36.46741487577493,97.55211283370483,347.2429412359184,96.73539367211511,CRITICAL
38.57422808543328,66.1910091808252,461.988628416713,116.59299663538805,CRITICAL
28.67981461540694,60.69343204462758,173.85669140535293,42.30655709306077,MODERATE
25.060315818983124,40.58070428662255,42.633689815183786,17.05931513841441,LOW
28.923936230858665,58.71729959655238,185.24942683011815,16.734394811207373,MODERATE
34.767871974339215,69.60081793383837,406.2050368531785,125.73541574082007,CRITICAL
23.744153083988998,38.16535521558432,40.766197255590484,13.012120639698647,LOW
34.52738204702277,99.12964914641913,445.27584611035525,119.84498407990009,CRITICAL
27.318095031482667,71.3665762963044,267.2941604997314,81.43070074189143,HIGH
31.112725571100263,42.16608110811991,67.00436752540972,6.823417349650121,LOW
37.16204957549714,67.24929131927105,408.04933082376147,134.43669547001053,CRITICAL
21.371208721468708,42.804182137606766,94.58514161334541,9.73128879722111,LOW
26.253863833320153,37.607029762209464,44.88544504627083,9.105203667133438,LOW
26.239530696504595,49.918598203122585,59.295120923926156,14.918278950718776,LOW
29.033904037117225,62.084272827762234,203.90460202531938,30.349403323345385,MODERATE
35.1852260883651,76.7748206294601,260.0481478424358,50.92952775390029,HIGH
22.37481787921388,43.850390000208435,144.95114655573872,30.819517725833236,MODERATE
27.665593015131538,56.86529062045536,135.58836317837162,46.267713433342855,MODERATE
30.385467109565354,44.80650907931474,106.05474562648362,33.680500885191414,MODERATE
30.960256884110475,76.29038981851154,352.06970654170254,90.62754801570694,CRITICAL
25.522166359911715,45.86133267781227,110.16246928156244,14.911935204286085,MODERATE
32.79274307629341,69.74042749237908,239.08708909606412,79.08331806803855,HIGH
24.014588813289997,44.059027540444504,48.315921557352546,10.768647335714897,LOW
26.275713231233027,43.46273745822553,69.69518631193847,5.594279801912968,LOW
22.338285714669276,49.14153336766604,113.44329942853923,7.719950270691482,LOW
36.96254195113191,68.25336930064245,376.2499108296072,152.29911215696782,CRITICAL
29.301541431502486,63.37231511165677,299.3849099969029,64.87791054701755,HIGH
42.0944435866171,64.84826401893591,455.4546680270151,103.54204790635738,CRITICAL
26.144348335579885,36.23144619189174,17.404199553331196,10.898132059048601,LOW
21.294305499040085,34.7366850228898,94.75140079803849,11.852059391838718,LOW
37.58573472687832,73.17649994452454,359.6174546743093,48.480645006368704,HIGH
28.85122570534805,57.90149452667052,187.48986106979623,16.953688997498723,MODERATE
33.967805900260885,72.4893765344911,261.6987528456615,72.26061240234507,HIGH
33.82821567261148,65.6135729463186,378.2733848863686,100.1807534324176,CRITICAL
24.72362567083308,45.90282063475246,208.83287365377032,25.995496454205927,MODERATE
25.723084131266944,75.86119306327534,287.5222292719081,58.78575639904822,HIGH
25.73881971553211,27.281427427531263,45.164519903236624,9.523664649595231,LOW
34.51593589103524,52.63684570686308,179.70680976184963,44.49325749228761,MODERATE
24.978551786155986,46.00858689809138,172.36260848142615,43.160201789251595,MODERATE
39.9337926157446,98.32752342964278,466.0555856414841,82.98734268412164,CRITICAL
26.740430387042302,43.507321254311925,87.10270070663326,9.732252408046435,LOW
25.94777687896845,56.11675438224752,156.37342283308624,17.13166458866626,MODERATE
21.53358382629312,42.557348355669845,45.68705214602641,14.047284704942303,LOW
37.241176617333906,63.59115691906649,414.60258725325514,78.0561537643975,CRITICAL
25.29484233445854,50.95262593749063,68.51120603746278,15.033886256056164,LOW
23.532879455979405,50.24196305819647,76.31656980318013,7.903313206705144,LOW
33.82274650265349,56.92264678019636,444.20585706623257,79.10955636418969,CRITICAL
22.39408109351638,49.962330460854815,136.9920359479295,39.61379816249077,MODERATE
23.775087139173877,57.550415573955156,143.49079233798437,36.32448448519471,MODERATE
27.632561646419337,72.28696757709031,142.8216312289697,31.493843277605023,MODERATE
24.44106213602354,58.21804491429939,140.10306772493342,34.915463684806234,MODERATE
23.04591169236672,62.10714397837372,112.719451697328,23.880624753540584,MODERATE
27.13404601601316,38.97674188723506,62.65832016155194,10.624081875321364,LOW
30.552091649037266,52.17147315198642,180.3554772378885,40.642573750611035,MODERATE
37.00769319888648,76.41693219317371,393.8978539511822,75.82026535700786,CRITICAL
24.224675472453015,44.34304618540256,70.7589238706669,4.183306902373893,LOW
27.989539018260622,50.97359255701334,71.09142232582897,11.56272950008996,LOW
21.73778924472986,58.199900132884,76.54715051130995,27.39555309909779,MODERATE
23.10561912918597,58.028298360811384,92.8381701318011,14.131246934707056,LOW
27.84283065393091,48.713814832942205,43.0443661244458,10.130867645184969,LOW
29.203363478073076,66.12426043738233,294.24143697310717,49.58804117844001,HIGH
27.923612274870433,71.94934412565375,239.13750584902533,69.08525185783945,HIGH
30.46625246743476,64.36306911746387,404.0733665365956,108.60763239940923,CRITICAL
20.45552973657941,43.988163695821996,46.489702025218165,12.136713971081033,LOW
30.75750698314454,59.04040849197552,357.60914693157247,47.029888074735176,HIGH
24.215196906545938,43.49183722670862,46.249152311276305,2.753265854354371,LOW
31.16246063399521,90.11302133441731,544.5582760728929,103.98416644008795,CRITICAL
37.95217642284949,66.17031157813892,389.7955920522934,92.42300877633421,CRITICAL
23.2905594970185,37.11898830402441,47.36375409012432,14.079776991453741,LOW
31.375941524466313,47.14201495718963,322.65026463357293,55.40272153771634,HIGH
27.46282441259309,51.065625996682726,99.66631213346459,47.39876765942461,MODERATE
38.45229759875602,91.36944934907363,432.3247856725874,132.04800102763505,CRITICAL
25.475157065666416,41.21941975545177,50.930541681282364,10.388002301817105,LOW
36.31769688949872,72.19237611113158,310.68416519667755,95.84676228482154,CRITICAL
29.558509394514726,56.996385667456444,193.4241710106944,34.16087676499861,MODERATE
23.88328127904694,42.911711778530744,68.78351141003705,10.23928858985291,LOW
27.025801413187544,58.22826465888331,119.80735385094664,32.53607009315764,MODERATE
26.211142686283218,48.16308486463184,89.32709464119237,5.533614240898297,LOW
23.471369671881614,50.61468038140878,56.71982315025798,8.493426587780373,LOW
29.616761209110027,68.23889112474274,350.9323396678374,136.91444967181235,CRITICAL
27.446686434318284,58.04993588819573,160.72497695843856,33.56230888319184,MODERATE
26.537790786134792,50.67840190469805,51.973401076139936,10.350202582760849,LOW
30.907576773750545,69.69906146432413,114.18198719515874,13.751193259165404,MODERATE
30.21111865270713,68.69884119273918,172.13671053649966,41.16624766949765,MODERATE
31.3943333148926,61.16812357114204,111.53371311169434,29.933105153293145,MODERATE
23.80038073361276,44.771364252907134,88.21010514638228,6.972673265246545,LOW
24.63288324975846,39.85480566457002,40.62117303143558,3.194739706079342,LOW
26.810265559796886,49.21955799016258,93.71684626691834,33.46168721479113,MODERATE
22.57261305629864,39.21576045209503,55.70564705838122,11.879985942957036,LOW
23.434421018110573,54.59312531475158,181.3664240175785,30.322140729953688,MODERATE
26.022993129665476,48.77235332604777,122.31307750938853,16.70516746598468,MODERATE
24.9249083520957,45.49492103551738,65.320489801993,11.358117584899563,LOW
26.02421301212009,51.68053925832169,225.34272050625015,38.16161633164868,MODERATE
26.73196855025937,52.4381294670505,35.150562463829935,9.10858687570017,LOW
32.8345838469462,63.208058037660535,275.56609982104555,58.541116417921245,HIGH
21.11331911454389,42.43587137059597,26.813832100870158,5.88144222740698,LOW
24.672308579921292,43.12084984775607,80.23173263048,15.416171549197156,LOW
31.75129856918263,61.3796444622128,308.2099474653187,48.28315327965494,HIGH
34.41995578818468,55.408589168471174,244.4941686024693,70.89748269662756,HIGH
25.0891990974433,42.84362191790336,87.44661164616105,10.033227970805214,LOW
37.41070118845132,62.8553609557668,534.7573120910286,126.97357909741032,CRITICAL
32.93990036859528,55.4876258830625,198.80307503486813,64.41550409498102,HIGH
24.791417686537212,55.25502898445487,83.78197409745943,10.082434827141812,LOW
27.04519077170946,44.51890817350274,56.1520399101932,10.561801949332969,LOW
24.560863803151687,49.322627898508884,62.60119964547903,11.378697681445495,LOW
20.005956220091388,54.97556856542019,53.37908074676907,7.528919489879307,LOW
33.936101405383646,67.18452684780623,314.62163753948175,48.83016330033325,HIGH
34.88435232837175,59.58286544695864,235.07500127528118,66.10045533971366,HIGH
32.94271629952006,53.974780502082844,165.2780453319716,77.89724698414418,HIGH
22.780019277637624,31.900587108276262,78.41242827646003,11.401352896290124,LOW
27.91036525256861,40.5788649217796,120.44502034776283,26.386183116430434,MODERATE
23.45697690070759,46.47719821607277,78.11588969259344,4.079183891837198,LOW
33.13463103677133,57.607334640225446,271.32252518044544,71.53172961682289,HIGH
33.02259328169819,65.75758517639677,265.96618571510896,48.58206343190575,HIGH
27.299918332477112,48.0501758053608,167.46167474535793,40.14338805072016,MODERATE
28.81710356716612,58.88681154462945,204.46023015157334,93.06274361625132,HIGH
22.283091645171524,38.23934971806395,53.01658560490834,7.219162533346734,LOW
23.253786551808584,44.23026038098164,166.55352246862236,29.142348029525532,MODERATE
25.11927249260893,45.8202698237672,59.15728343651486,4.3774155923054385,LOW
28.898714856128358,56.325080472808565,292.1142609335434,39.817991250063315,HIGH
23.65385028333645,44.76206832281028,67.18135672877173,8.69383922603617,LOW
26.48896030089958,43.079803868724994,85.5443466159774,8.699491002222606,LOW
26.477255963452027,44.16751591498963,64.16193495538185,8.320607220416193,LOW
31.59244207978688,62.34196252807193,181.672150308586,19.26455542538,MODERATE
27.653252768270967,60.39516547819155,134.42593342675647,24.419321089950373,MODERATE
25.37175333350728,51.34792008437704,52.05389894820195,7.919917650736624,LOW
26.211822419232305,50.72400079425574,122.60410690844355,25.909638882883346,MODERATE
29.48155084836361,61.125584860210736,104.71005429816142,35.03241974675141,MODERATE
23.57939921042611,44.12252651629586,56.02659231052839,8.851489480338126,LOW
25.28572447817579,64.23841482875831,150.75147948209784,28.99241365420042,MODERATE
25.77616853660795,50.511801541470426,172.96032515743502,23.971207308232586,MODERATE
27.17492411239466,53.04426420700854,132.42635349578094,37.29244895958157,MODERATE
27.15248812993978,51.32806656268495,48.69504126249328,8.196862913267992,LOW
28.593647969522994,50.56282699699908,101.4966973840722,46.909541769616034,MODERATE
27.47055908488305,56.230426744680315,168.63951085489563,35.928506288360076,MODERATE
23.298256041269347,42.271020262774044,57.09417614696432,13.08317577256725,LOW
29.60343045774649,68.86429467117937,428.48898195566085,121.64251226680747,CRITICAL
23.427291600231303,49.98288545774991,72.7829246087835,12.166676604280521,LOW
29.80140418467849,56.476805355179096,229.0783210245225,69.85914552897208,HIGH
29.753477866479443,70.31846901037447,270.97798748100513,52.2154918470068,HIGH
25.641259694415986,38.85892048694449,63.76698271567578,9.778297022424463,LOW
23.413295625921016,35.56990194732807,61.97352349483199,4.541068066410562,LOW
26.724082730897436,50.99730440401508,184.8167798416936,21.745209246201856,MODERATE
21.512260013905063,64.16654413032944,206.1859708977959,16.61124817446353,MODERATE
27.209440744524155,51.39014104093943,149.06054981571305,29.059216466317537,MODERATE
24.11710351813816,56.34861755170971,116.51617731272407,26.705136671747415,MODERATE
29.786355425645294,60.418099336736205,322.4610710532398,64.17035898752557,HIGH
23.955095943005634,32.22534693356471,24.054967316909973,8.725289466476783,LOW
30.295404421839663,58.0875282005324,269.18590962854336,60.42080252337848,HIGH
37.89207992746322,70.01926925120726,417.2541660382934,110.52398572384817,CRITICAL
27.305196181580886,44.8311142119503,81.03740647571733,5.359667689425589,LOW
20.592526748965916,56.05914578006815,169.425718645765,9.556919122028543,MODERATE
28.812631041695536,58.83066317436908,114.12416639896058,36.184959784737984,MODERATE
25.182075237833033,44.244852654917835,66.85867260699831,14.43694320016311,LOW
24.568209617793418,52.49861217154074,57.60185703342435,5.498415338328606,LOW
31.304632831828123,64.02148458972293,171.44963298986622,11.246739327265988,MODERATE
22.830799024682396,45.26921035096871,90.38876701993209,5.677833465771216,LOW
25.853016110177272,49.631690805685885,175.35614136935365,37.394434134593006,MODERATE
22.46108906638799,48.012168766434435,41.39596060978816,6.811016544079168,LOW
22.360072800197795,51.316489487271795,49.59298442562724,9.118175126875602,LOW
34.112829434264995,59.67098420520246,331.3904996235139,79.95961019395152,HIGH
31.089003424783044,61.21032818745639,304.55748978656396,62.277401641395386,HIGH
27.13853748972014,43.92448965531886,147.72455265584765,35.196895761115044,MODERATE
29.854969697174596,52.35891338497457,136.2212786302124,21.061447968190674,MODERATE
27.93178524992874,46.65326019111871,49.46034811563203,5.975432247731735,LOW
24.508819291778046,60.314354559770486,137.1890468027411,22.334626014859428,MODERATE
25.298961599879863,44.51242154771023,48.71032054421803,8.766446521781713,LOW
34.65886922261693,76.74900263735879,201.15532244666286,62.88456811028283,HIGH
37.175360783335385,84.5382619060698,437.9534417106022,87.55059914681082,CRITICAL
28.861712598398565,60.04051221246599,154.22857117312213,31.038327355116568,MODERATE
24.53819311549446,49.29576585103087,71.34298273025753,10.094341735533668,LOW
30.73810507279073,58.75735484640189,244.31373328007132,72.61538784724355,HIGH
33.44180160373907,64.58925831171499,316.88178662958234,73.9174232497673,HIGH
25.570902730494385,57.86229615335329,172.13663968645093,17.589386404804543,MODERATE
28.531906092228148,50.68372976698688,74.50585371833985,12.355034389838075,LOW
23.779659577462965,50.78642937216317,42.482090492404396,5.757132347483499,LOW
25.31250634979102,39.8043830503548,55.94251079548756,9.57329758379196,LOW
23.680696249642843,56.78789968464957,291.73989327925113,71.80600855588463,HIGH
28.828717184529413,50.615235696237875,124.78172625038438,33.000464038806854,MODERATE
29.721235867638306,57.66961495036284,188.51461688498662,26.275709565395236,MODERATE
37.104027691414956,65.42994049286101,302.46880046233457,51.97260395822117,HIGH
34.387174508572905,61.04437452746711,306.37718069836774,68.92661834382447,HIGH
33.43605922229582,69.15119607199586,273.7455478222221,76.66614897602193,HIGH
22.891611131960005,44.98920523772055,28.16352950602378,12.334392190124852,LOW
26.228114317532217,55.93405310484286,143.3941279516818,26.92883020899309,MODERATE
24.647272382916647,53.35306144489597,122.86347215682359,34.712612686797414,MODERATE
29.706286247845227,65.29662996497916,270.06736349006434,81.01453238801687,HIGH
28.90513489629565,50.063549002841945,174.427152011397,38.29844480002886,MODERATE
31.413050673416095,57.04711500055318,187.13840104989725,42.9934396185634,MODERATE
22.793523716473594,36.02579574289727,79.10059424504587,3.965870930446629,LOW
27.70782195731452,51.093503915804554,292.2471113421444,49.81640296459644,HIGH
26.874380039684485,55.11978419912933,93.90650707541703,24.29039061223581,MODERATE
25.929530179590337,52.693617410630836,185.37860936208335,47.172358338588595,MODERATE
21.356236934840492,43.59250140831711,63.4972758615514,9.786885820920629,LOW
28.42381850039243,34.72127485751808,50.872565993391525,16.164572709446027,LOW
33.36848051672327,70.04720557878127,335.65959355662113,91.78675641823341,HIGH
25.762510643740285,59.39674258988705,378.37237899671265,45.201230668610364,HIGH
23.45647232779544,54.190182544883925,319.9121776629961,65.50345288461658,HIGH
24.556931926935263,41.02420222255435,170.80217658679913,27.73482104273943,MODERATE
31.090567418530853,69.64998412328103,270.9696839443582,66.6238975663739,HIGH
22.586410382743647,45.32555767979899,73.23390476383096,14.138574693302331,LOW
22.649803937528173,48.817275309418704,68.37839569205781,7.161164830219219,LOW
37.71877241059016,87.39217337525798,320.35804561107255,137.8012247673859,CRITICAL
31.5973555004981,63.074267013136016,297.56950521486146,56.03208495077442,HIGH
26.57491914568306,51.06781634345312,384.95379856176476,65.88305305771603,HIGH
30.907801620667378,58.37780784415287,266.18220506065296,66.2766417155569,HIGH
22.49559454461104,47.87693275934427,63.39056445362658,11.571631086974774,LOW
23.658952175403464,43.98667235831113,86.684146120537,6.223939164363521,LOW
37.222154808229924,69.33584914613158,360.74569734886035,122.7047603418484,CRITICAL
27.20930782710447,80.47956895207643,207.51911810211703,63.78650250729461,HIGH
24.541316467704455,41.15334779873747,74.74694667592865,9.930454454773164,LOW
23.14057216519215,35.372733863124495,64.27528895448359,8.989770078163216,LOW
21.88923944782858,40.577205327141066,87.9969010272132,12.829783198279916,LOW
24.94173945974448,32.763240720839725,49.83168999933598,11.60398151603345,LOW
22.921287708192782,44.770151207214,66.08595308481632,9.962573359326049,LOW
27.956106329662926,58.57868329300776,201.4066436469025,36.62005066372053,MODERATE
28.98425690133946,52.26068901723561,273.68736441800917,61.84165093651665,HIGH
27.609866702029482,64.36896831632046,298.2330714719299,66.40143505578102,HIGH
32.075705359619036,73.63278104729581,349.1085462050198,65.45930090438519,HIGH
27.06906818818673,38.53419931958706,92.23041917607239,15.37654145967492,LOW
25.370781711946172,32.32505975917311,41.295825040640196,11.227552882772235,LOW
26.054160364986338,59.28965726578148,144.9007714491409,20.24783516540528,MODERATE
25.029805550307454,43.506024342122615,72.80279131388411,10.380188252390353,LOW
24.30241577111502,52.94356599948408,26.274249935246175,11.836876092847316,LOW
28.42284703496949,74.268004635241,320.0089344344344,36.90932635270539,HIGH
25.188296092811868,40.66157096005405,44.964528954663024,3.637699101606369,LOW
23.645024923386867,49.78198068215107,64.84884656101005,5.7603675387826705,LOW
30.23786374178826,57.52139029068444,208.47217403024302,73.7472466903571,HIGH
28.670307084842722,49.90228896555766,155.13239586305292,18.997086823462016,MODERATE
24.067464399496668,46.57411818193307,30.68127787309148,5.769821142789447,LOW
25.917037465820584,40.121383482802685,62.5303550903114,10.981570562536323,LOW
31.804060114478304,54.240665563490026,250.48957606471225,85.08103800456453,HIGH
29.52876223583071,62.70274532967554,95.22267431880712,22.410432917651438,MODERATE
38.24692577924212,62.495328203948446,313.5206934830428,70.29720839556785,HIGH
23.95293875292558,37.79980301864327,11.379049557260728,15.127369928142905,LOW
21.39866041508683,58.0657271470205,162.56368227207108,36.143138491850934,MODERATE
28.243040892161147,58.00014634665327,265.65835292211375,76.50296257677226,HIGH
24.256412672182513,50.59273094688402,76.0354160463265,12.834246339349333,LOW
18.505634586968604,54.68081213743364,65.94728916432075,15.338605086712018,LOW
21.738519466234052,67.50464379503947,122.20434496141455,27.51320876293528,MODERATE
33.31865998086555,73.62733035891428,290.0523775325861,50.239670877173474,HIGH
33.167668169200404,50.47972087051025,343.84081787440084,30.180941424155975,HIGH
22.73178006388435,49.23305688770123,69.18349569538564,9.851509804377063,LOW
26.740654033757934,59.99765578599086,215.55815286346143,19.270088074921,MODERATE
29.752977199162256,61.12779280068777,263.0094321070912,52.02985464501343,HIGH
22.856011632354935,58.15542574005161,169.1539685357113,32.5317272563249,MODERATE
29.84780176718239,55.37495697579829,139.6051015882304,33.890963508998915,MODERATE
25.779362042437505,34.72564344065713,56.696432627677964,5.738526850303904,LOW
37.90683668535105,72.53028586958627,379.8902609922862,116.93927069852191,CRITICAL
35.27939998636991,79.18362443319592,325.03199718857,68.25720368467344,HIGH
24.4814405811596,42.124836657506364,47.84387214415073,7.1859937501955296,LOW
24.926173632324538,36.50905836308449,51.91933330378204,10.851404055789585,LOW
30.922231743760534,66.95606507062672,224.26649168542542,52.23498567251465,HIGH
32.531653345569985,66.85042633745489,241.8029026047077,61.688132090325276,HIGH
28.632774697789685,53.86226869650516,119.22489714841059,24.293031062879383,MODERATE
24.551894197200014,48.39338067060935,66.98374051899866,8.51905455092526,LOW
28.093977764579336,41.661196068432695,36.749333484637845,3.4451300877902513,LOW
29.819951462000493,50.968366174611646,194.32543625829783,29.94174763889155,MODERATE
24.726836602417308,49.80448290456146,152.73137109989918,33.86043733075917,MODERATE
27.877396352042354,59.119401674151625,107.38482960679899,27.272500406486877,MODERATE
25.589633527137394,57.84814409962844,134.85631693253208,13.959378910305322,MODERATE
27.806781906225062,68.97065584946037,316.25636463341743,34.552395959672864,HIGH
32.06011907025762,53.72899891838749,315.2197394731095,79.69043148807111,HIGH
28.678265201444724,46.515458996197495,316.63113826424956,93.03551770146898,HIGH
26.415079447528484,47.351269275974715,175.128726789844,28.98504979078379,MODERATE
31.908255109890835,65.74402771343846,326.2831211567139,79.91935296642865,HIGH
28.230662585840722,45.00707328359849,264.42273879550925,49.693447780841325,HIGH
23.32826613030914,43.63542809821623,74.61538972353387,11.589018720134979,LOW
27.37285135187052,49.4288934979982,52.514504632605444,8.51498693619148,LOW
27.60853709513846,47.151882027662154,176.84138519334212,40.05785760157503,MODERATE
35.62824700454339,81.55358503645593,357.84815658953056,69.7692649446361,HIGH
21.511194908993588,55.076074918080316,165.57408176735854,30.348423243418836,MODERATE
23.42675730250585,48.87199229314009,41.53352937064959,10.662764980948804,LOW
30.353902923077232,66.98823774955817,138.66521812168,31.470059054325613,MODERATE
28.948124578165103,58.76182159948942,192.75016680899313,11.349626158233296,MODERATE
24.974822018048467,43.588624604820204,19.247824635079475,9.756015556905465,LOW
27.35591081984745,47.251748218967236,45.68127310510332,1.7894199808194138,LOW
33.08844758123094,63.27378519077167,307.1653966970024,60.12421260151359,HIGH
33.97805450731159,51.888597028776616,217.21636702264996,93.4379441226094,HIGH
27.212856984914318,52.436959692616746,289.3497429524555,49.00758451377414,HIGH
26.858162431197727,54.366931277946996,183.79614845347479,44.67804991300403,MODERATE
21.73868167239352,47.33307692990145,89.36664205996895,8.387139374641425,LOW
31.651457629863522,75.1914423129011,356.0931744734914,105.21664120958494,CRITICAL
37.432491596648305,91.00255447820571,398.6107518499861,65.00541705308615,CRITICAL
27.897952870465286,56.41330061779716,145.2773156914423,41.90171952637081,MODERATE
30.6856112046416,58.778350985352226,201.39801906964618,69.60924710845111,HIGH
21.881338930143656,44.733765842689095,57.410674196511955,7.501997902363296,LOW
36.620326684419425,72.96769468604684,387.49535247147327,87.76655948526195,CRITICAL
29.773450706609307,56.446480519494386,142.8863393407609,32.46792339654736,MODERATE
24.980828070360264,46.56120588943715,71.49353107667793,9.367945053910656,LOW
23.02208915224131,35.69668007198682,66.17104534297219,11.386720337742146,LOW
30.1074632058053,49.94877675396857,96.8584676440594,24.423073233158426,MODERATE
24.67607271098135,40.48753278176628,77.724405464924,13.855195210237842,LOW
22.38378627348937,48.20663791610191,77.63711606606383,1.9495175535074871,LOW
19.60481881431347,41.70890334060743,79.68582254213216,22.039080533677446,LOW
21.505768243259908,41.9190469535096,61.18925438472548,7.319035041844496,LOW
25.71944998058297,57.7690408635767,144.9177318283096,22.94717759925574,MODERATE
23.172282900659134,39.0034416144947,47.271390065020235,12.574544002414962,LOW
20.493026081831964,51.14969219438984,67.5009567561313,4.467468145011209,LOW
28.623703512826633,70.41524567263706,263.27564982785555,63.98117332559654,HIGH
22.559596410823822,64.8377731757001,169.8699017155056,24.020931191601058,MODERATE
25.948235829694777,45.334446076545554,88.02157536002562,21.671403367671225,LOW
25.252410770877407,48.07413523585493,83.59276130714137,39.98516041159716,MODERATE
25.750711494940134,51.45871302533292,40.54253586124162,6.27674322101924,LOW
26.789804550619195,50.37798724016908,118.64480115287353,28.8683537567911,MODERATE
25.370875963526252,46.090574077864765,88.59337698463887,15.583100659882026,LOW
39.3283589726084,63.020614755251934,329.41128237216367,59.49804752941022,HIGH
34.00645126574089,79.1523148432532,551.4574750435404,124.03703602762549,CRITICAL
28.675891623464825,66.50582963602581,234.63988742914674,77.41766887531844,HIGH
26.46109366225923,66.64472390818597,195.68688208109975,31.197172787567624,MODERATE
25.234628346176695,53.094736308923885,117.65976858109283,26.173304082232015,MODERATE
20.679265506689905,48.46088384997674,78.39830886947294,9.968329060362702,LOW
30.241021706754708,53.85291030106016,252.56714353584618,85.32710820879934,HIGH
22.367274950225283,49.97741767112936,47.365329848124105,6.886279291312299,LOW
32.135162180231575,72.4744192882558,302.2601373043399,67.2637634823829,HIGH
27.810693208934573,34.89889845233613,59.364287588633154,9.827205006406288,LOW
25.962121258946876,46.54132609511434,94.65851155997002,14.40106563718441,LOW
27.402507340041296,58.55131260786358,247.4338845308602,83.52366323150629,HIGH
31.248262603156952,64.907801243395,571.4164970383314,102.15536180667752,CRITICAL
23.57814804601439,61.71480879943985,96.7900012427254,22.167978038396452,MODERATE
31.656614615524823,58.65534148730246,348.57991454930504,72.04512486196994,HIGH
33.9928512312055,61.85372342981554,253.43035132419493,77.54141906493412,HIGH
25.46963413345742,40.72143123471805,47.13706853425731,17.832547739690888,LOW
25.911829265524783,46.67546837499014,66.89383845629231,8.997830968691673,LOW
35.583965170485676,72.44368055830586,257.5143568629528,50.357734030348,HIGH
29.944485810152354,63.25084242266486,166.64830806047794,17.06583255033266,MODERATE
30.91073461080871,56.21489581974626,209.39409166805,19.432234752728874,MODERATE
23.939335924611,62.409793359246244,168.38582567223082,44.41084653410183,MODERATE
29.787981945818768,61.07143830063178,268.7420241544258,57.84986342283807,HIGH
26.551276553523444,36.0205953303459,60.69048257548764,10.249966067200583,LOW
24.87649998414769,53.765105026968016,76.05256171115879,15.388273555768016,LOW
35.146031091066675,68.10917088660469,433.16865388193116,111.58901818214494,CRITICAL
34.94047556154087,70.51181731156609,241.29235617216034,46.06958199946095,HIGH
27.001042217722425,44.851248737590545,32.50691588160566,18.33902382683206,LOW
27.51342454814738,46.82420194295536,150.48648668686357,35.495073297564424,MODERATE
22.640225743695133,44.65760830225501,48.911879363338215,16.65664633158557,LOW
22.951330262800717,37.989182046869786,65.00067148016271,8.028730441130888,LOW
21.729571732879116,38.93154765286955,62.928062746089445,8.932486208631907,LOW
28.78276029800344,46.93813373011591,103.93091270948659,33.1853711092648,MODERATE
40.325899798018625,77.53677454613945,310.9613829668117,84.61151403164936,CRITICAL
28.326110815104716,47.63073299105878,154.5845278187573,19.310801430300693,MODERATE
24.740051968896427,53.76906190414776,64.42035762489299,6.7330603029968685,LOW
30.450465891376606,71.18853414481157,252.4196902973435,66.2708956384938,HIGH
24.644519910698417,49.82296857098171,51.09361304055804,7.795968322453303,LOW
28.524952090060633,52.85645050131612,295.8938388280556,63.49223952732092,HIGH
25.04214082916248,48.96450211458247,57.10196595143042,5.509322378840191,LOW
25.169927860930777,45.81841598066989,50.104331416365355,6.862454056659505,LOW
23.55669518887589,49.516300672632816,75.8280443538941,8.748640998859262,LOW
35.553639017847736,77.40982413825635,299.61879976884234,85.5815740335309,CRITICAL
26.04403583278929,55.800457053576444,154.6575097512292,32.28597557433002,MODERATE
25.382725927549675,55.85573066130954,53.64015202591572,7.345327330265406,LOW
31.256403479591476,60.793895123095965,202.13522141125554,44.605473785676594,HIGH
30.845382120370125,66.19922711570582,156.7891331633813,22.072755936369507,MODERATE
22.525837095060453,44.29075607320618,157.6578813168818,34.312092395256144,MODERATE
23.833812847628007,36.85299113516639,57.805433092409416,8.870163203546396,LOW
28.031248702424623,46.49869229625781,153.92164298477886,35.21250612575583,MODERATE
24.620751698071878,51.25872270311566,52.009871274490294,8.782838903683098,LOW
21.25683115007237,42.58115818652644,80.31203352106739,9.155553140989957,LOW
33.93867153373395,76.05436597362521,479.73461130555825,123.48463036646427,CRITICAL
34.27716570247239,67.73434370663789,318.6604075519374,50.60282736269803,HIGH
24.440426108290858,28.510143916093117,89.87148912244841,10.020219724842649,LOW
22.788633869625603,47.637011211206215,44.008999459128795,7.692374149317071,LOW
26.123258868893288,51.39354225187697,175.58442394964587,32.1684984383816,MODERATE
28.831806640551864,54.34834010884009,119.39072012628532,44.441379835015056,MODERATE
27.22565402787117,51.20723052576869,51.71331473042133,0.6080882466845363,LOW
32.90956614012471,64.186016645308,261.10675634879146,30.062250976881145,HIGH
27.754664349243097,59.204939353872625,318.25468436037113,50.59201264282386,HIGH
27.55674098223036,61.106534641293166,137.91882313779612,41.73772324018326,MODERATE
21.09188879878318,35.764284010288456,30.260692240612237,11.346195860640465,LOW
21.17961527230156,47.27878017081363,74.83108644943292,14.203433587661596,LOW
28.245689601872233,67.20872771559765,302.3592209826591,58.3516345687527,HIGH
27.24514531011495,59.97919859124639,296.7304287514637,86.10559716086073,HIGH
28.982575433202957,55.557900271423435,147.74308461074045,18.419200368898785,MODERATE
28.591435436218926,69.5980745243252,322.5226497168622,75.31202787337047,HIGH
27.21677265457944,48.1194887218428,148.5020131095223,24.201303276540163,MODERATE
23.281825193805215,44.40881029659328,72.4852001340795,7.035622841633737,LOW
22.957210944121158,57.14585677557178,147.27303008032177,36.61873437139183,MODERATE
26.407626631626364,71.0003550868891,262.4085036302866,63.72877054724513,HIGH
25.825620759654473,46.79529726246024,64.33195358502678,5.321518127300554,LOW
22.01557416248504,41.048681833912354,35.423742033867285,9.373834101662354,LOW
27.68008496748954,51.907253654524474,153.27438954303565,30.82891177707374,MODERATE
31.53200329077947,56.68004516843979,284.7942262013595,40.42652282979455,HIGH
23.69175242426886,63.243184811112414,76.64291209014588,43.39539954021372,MODERATE
27.400196112588606,67.39245630352801,307.8421742991061,61.03260402877529,HIGH
24.61033724173182,52.202156372525714,140.93766172552887,25.692833134574,MODERATE
30.925998800474517,64.07994277037815,328.5182243669652,46.99677818014548,HIGH
30.610473676570635,57.05302202899046,166.48139058469116,33.62746898671625,MODERATE
27.642099989695364,45.549243947881905,41.7958210168307,12.555189944911564,LOW
23.780126047163417,47.221086010534314,45.215622326060604,7.958821008720928,LOW
22.902710057581857,50.84031189594214,42.24916323847263,6.041902494353727,LOW
20.939547116814094,44.83970082601026,93.3267092561322,9.88563420840291,LOW
32.957424593215045,64.94238492612159,274.12096323417063,35.329556202001584,HIGH
27.696655517493582,56.62164036784802,223.97576271461688,32.247664529196044,MODERATE
34.494889502229704,69.32401049222233,276.12779199684894,63.86337709244835,HIGH
24.88842205827316,43.978075674120724,71.24885502956889,5.963650758681203,LOW
31.656201964222106,53.4276355185863,205.2900488090033,31.309371578631428,MODERATE
24.233237004607734,43.13146053501728,24.34999072008455,13.520699432892604,LOW
24.960858540065338,48.24792576813876,56.71333165995607,14.63115639532257,LOW
24.534440196393792,35.60870119521466,50.47184633559992,11.46941259272495,LOW
29.804819226388513,43.94573359277575,105.66660674255755,34.67309680844171,MODERATE
25.789185212083552,35.218990745507895,58.228621012797944,9.863052731027535,LOW
23.906520011560943,41.23265157072208,155.13818284637046,34.211442180363825,MODERATE
33.5657933864634,81.98113476913903,446.71755761886357,131.44810155428672,CRITICAL
21.810302091617764,54.52638228466527,152.65352245388135,34.145553939187955,MODERATE
33.7518207407685,82.81293214408153,414.2753001003377,98.88531235735829,CRITICAL
27.789987439505346,74.86523767987451,325.95623811433853,61.84766953736253,HIGH
30.89062380114351,66.45558205074829,253.24563891529954,59.00592482999863,HIGH
26.03010689820335,52.82470638613551,82.77525632891783,30.781192703435615,MODERATE
25.399566740155898,62.199591880712504,262.8569134896674,82.8534233791546,HIGH
25.33558035974699,53.296872020314304,48.694763237611355,9.810011160552975,LOW
27.68692846544774,57.61624889448249,137.78238228095017,35.496406643457924,MODERATE
21.503691186360413,52.51337226212028,114.5046362934065,30.89792771418036,MODERATE
28.43438539707744,55.31334394653658,112.55972989263407,26.059695075090534,MODERATE
30.443979107441898,48.683051381082464,117.07678515176859,45.60787952240843,MODERATE
24.182937870643947,40.563653669390106,63.87396411372696,16.860382706160706,LOW
30.19488974741803,55.202886995754284,119.2259042812817,24.534106645656053,MODERATE
31.653359750760057,74.79111034920001,287.2454923967871,60.69105453917626,HIGH
32.066337588535525,55.09494357765101,228.96545147816255,77.60228574696816,HIGH
25.85238037241862,52.91782064888322,144.9280195106175,35.8069685339675,MODERATE
22.513837116668174,40.75744669830899,56.488005404753395,11.208878970774567,LOW
26.626529441480745,55.323984913420986,148.91326784717452,23.75693677948849,MODERATE
23.03537708961633,45.775323304104354,22.913965571309348,9.139302847766743,LOW
22.04195646060142,59.533115681800695,64.49146621135547,14.904088712195472,LOW
29.949728645994195,53.606498368848314,198.1920603573459,36.77349838861194,MODERATE
24.52657924891522,44.179605501225005,60.94030532759477,9.825597059653026,LOW
32.21992140423139,46.56350118128885,184.2706429052642,27.054124130309855,MODERATE
29.999663910957523,68.30202941232203,272.85200880420865,40.77171027270437,HIGH
22.114492772956066,45.50329716693789,41.056407848848664,4.6519933940501845,LOW
25.219466213789186,46.81829485085501,148.93702155818443,18.144746215217356,MODERATE
30.61801954300756,45.15675172398978,256.46005436275703,71.55774014317454,HIGH
25.02358438887162,47.596075259481466,41.68101431486031,9.950870786776061,LOW
22.247155539078967,43.76513665451227,80.70430412366053,6.569471740963159,LOW
23.76242667512318,53.87326667763495,163.40180143721688,10.763785680506345,MODERATE
28.287995781559133,56.58090876438878,134.3286484608863,21.16334395535064,MODERATE
26.03277978743455,58.81743041140304,161.40669406552522,26.420653715452104,MODERATE
22.811444779927676,52.142723844911416,83.78326554985556,14.2004586979609,LOW
34.64123743310397,56.0629112136247,157.2316943653938,29.823509238095134,MODERATE
30.885219712154292,50.993175992352434,177.5883307811194,39.27642486654834,MODERATE
24.924092172305087,52.61245221141473,69.68771457956035,29.06825874906724,MODERATE
23.524989841836152,41.459518246456035,54.640555366029005,14.861463881276073,LOW
32.57374852922584,51.00486546580694,156.5169535539379,26.53278459498378,MODERATE
24.35941062261872,57.76845682320709,52.43770401175826,16.11031670342025,LOW
25.673311189091194,37.6817341325457,66.27145108576752,5.723518248037199,LOW
20.963219893923693,44.43550188257144,79.72101666828067,12.19021551597682,LOW
21.30484085148871,58.47861206322538,197.4359638607524,22.28843170503866,MODERATE
23.987013423662,33.247838797953804,31.904153579156965,13.07979659748565,LOW
26.964441931586528,37.811251399810885,62.132906366948035,10.027044245553427,LOW
23.234785542706014,42.823803746769116,63.143624837046744,11.210324111352863,LOW
30.617962526721357,46.591050413978955,95.64949396485792,38.13572043510291,MODERATE
29.861572544154466,60.103202880937786,251.49194550587023,44.58430346485106,HIGH
28.947993336838593,54.972479922730166,165.13521385520744,26.03134402044121,MODERATE
29.44257043849587,72.22276792625544,257.1237156095409,35.48019779263748,HIGH
29.30215430708604,51.08532691306541,185.97618802225242,23.19446249836136,MODERATE
27.4895518843143,45.220385906229296,55.92330445158554,9.577313298103741,LOW
24.805565147582353,57.865216063312026,65.02652498299237,7.384813360385024,LOW
24.123214530985894,32.752064304181886,51.4501829390287,8.188808663800927,LOW
32.82545466120435,55.383715418864256,92.32022738620904,22.68873880098431,MODERATE
27.27898427903609,66.37118865618808,178.80231895114122,37.44092379022173,MODERATE
26.198242073101756,39.62446124281625,77.42929756728725,8.87032438737053,LOW
25.186473401229748,53.38526171168632,52.68116631631267,16.25104700097384,LOW
21.606413526447277,44.119643749487174,53.32625005330151,7.3314664557631035,LOW
29.414228626508937,62.128202689578124,292.5291281657667,55.65448364540094,HIGH
25.06338286092123,46.560657082679796,172.91106524021112,43.66235552673611,MODERATE
24.663432163722632,41.1508293435842,54.83546296471067,14.228085041869315,LOW
29.91021932681845,70.87292735795413,228.77738280169734,70.92743597943752,HIGH
26.637002709212524,65.69582488114347,252.2149629399316,70.82538146236946,HIGH
36.5957557350926,75.65333091818786,435.8879199832415,81.4786982216799,CRITICAL
28.610550259833985,73.2523100278964,310.74571701916483,74.52561890167819,HIGH
30.01006760559895,60.6079411823132,264.08787776841507,42.568690290265145,HIGH
28.863309026904336,45.234019083533205,117.75262304969823,29.186240983160317,MODERATE
25.771304715592134,45.36276783000897,45.62756377490041,13.886532038972318,LOW
29.356066249704405,77.2703998019403,380.67077657281686,90.17124414399665,CRITICAL
31.372814165355365,63.259692091888425,283.8228051383029,77.23936367961011,HIGH
25.407450091676996,59.59670020702429,104.50832128528893,37.92617472727433,MODERATE
23.508466382849182,35.407002760995965,40.987470085181826,15.190667434419812,LOW
39.60528919911242,61.959105448154354,362.1919112989085,111.79745137662263,CRITICAL
22.40097262980275,41.526471704736466,39.63574237094456,16.632981162326164,LOW
24.06258460722553,45.50186761333576,79.90116816252856,6.190133741470364,LOW
21.442558568756617,51.99432154666634,29.124607468114558,9.58177739252758,LOW
25.39451221649131,47.527453731847494,41.12852745076489,7.06079502332657,LOW
28.41701847377094,61.23174472900395,152.21381437442224,27.746148127892116,MODERATE
24.51870606891194,43.98023999347174,34.54787298225477,13.815633189278303,LOW
32.57495180340859,85.61327460715246,433.40968744866433,110.26797678190154,CRITICAL
25.337413240610598,46.76204687478507,56.60546903619006,17.934656616938117,LOW
25.49194367798816,44.49684500176604,68.18484529433708,14.933693273481092,LOW
32.80550902640099,67.12445824407818,251.1414327574757,82.6133859820689,HIGH
23.130900136976663,51.62156266342848,45.03444629868541,9.88426294845947,LOW
25.50262397803998,42.1218998668012,73.65269610529879,12.377840570356138,LOW
32.489152774368904,49.78335745193574,107.72957741829717,36.848793093349514,MODERATE
35.47545047899192,65.81403101221093,215.7856716337643,51.7214969653168,HIGH
32.148648858110626,54.384686632061936,302.5940063813177,60.73246187964996,HIGH
25.018691933723186,48.74106797776855,80.6244516968182,7.4648866550775255,LOW
25.094018602405768,56.14091232882756,126.65130944189605,26.607226155995857,MODERATE
27.880082832081634,55.02068477064205,165.18904817306162,29.144027342832654,MODERATE
24.382565794514946,39.496896339654974,70.24484068402836,8.858139248140635,LOW
27.660072014835784,66.21081839069878,161.4475110468834,30.585751624558178,MODERATE
25.60477030986101,43.37876687752487,32.541357373323905,9.219647110954677,LOW
22.36298860469463,44.290918169341595,58.71330894031616,9.776368422896724,LOW
27.065326416445863,81.27041967348451,278.5224105913956,73.12295727533447,HIGH
20.547952856469617,38.66053407008474,50.56303416651979,13.97487927246786,LOW
22.288525145917834,45.98910504166954,68.51141606009286,11.770883507326005,LOW
26.206025919425976,69.31247714570426,344.4905773692878,60.1657773847404,HIGH
25.71035903260547,57.758438013693116,143.005705296701,41.2575491321185,MODERATE
31.553014198612754,49.3654168029651,248.8481367021496,57.327687431160676,HIGH
31.572463815594777,66.69153664828184,204.66663093301514,76.26437286885611,HIGH
24.715282827017223,49.46895800921115,46.194545051877014,15.035622757263278,LOW
31.537641679700805,48.74247295303178,193.1473982079267,22.768127805059535,MODERATE
22.096332473231804,51.339520322732355,53.47690397353496,12.860089534666194,LOW
21.817539249274574,28.21901905612547,105.13649933147208,10.292096902460052,LOW
31.90782581939472,70.51669325223861,247.82136474187007,55.08303646934952,HIGH
26.40518846152435,45.59976071893816,86.33805547816473,14.524876690120966,LOW
26.288428722420488,63.18663328962917,303.6917080177759,65.83850866931257,HIGH
33.59025992844916,69.24686842732709,267.61021506764536,72.27836864988817,HIGH
29.040481757315952,79.38558720202315,520.7601806780654,81.5082000783112,CRITICAL
30.40415173369988,44.662076915637954,171.37085143254572,27.829472790710962,MODERATE
23.3500905495606,52.87613454860779,57.98182163281031,8.146745861397472,LOW
29.977030132332732,56.363715840555706,258.75396740937356,66.64737474584787,HIGH
34.61211717352842,66.92783119633405,258.6488621681409,50.845440086590585,HIGH
23.765258438484324,44.494096535914956,64.72553130866577,12.07755632497892,LOW
26.488445690265895,49.390327371695975,131.61645693371895,36.78607860100344,MODERATE
21.307914415125076,51.957448089073395,43.03718713984526,10.140988415228088,LOW
35.01287350215111,52.69675893859619,441.47683981336996,131.52926500250825,CRITICAL
19.752012036009063,57.76346593801621,36.13467206518244,5.686322161421819,LOW
24.905682901784633,45.482010631438854,49.75068764046404,15.323426912919267,LOW
26.302548971126342,74.8583995998277,289.8678246835229,80.61009390203156,HIGH
38.174868238617066,62.52023782566218,280.7241958594549,75.07762901543708,HIGH
29.40791312649087,34.368108538086275,147.81650232522972,29.176060250668343,MODERATE
24.369219154474663,61.342859869824096,134.8666552868419,31.60219520057589,MODERATE
32.50109262356139,76.4476863912311,288.7796734846015,76.7795583693409,HIGH
22.98798361214702,44.15065478064035,54.89623713438938,12.27264852767814,LOW
24.617206252313995,53.44626415120758,104.2224990277174,28.523174490796656,MODERATE
27.61689640077188,53.09071236506685,41.38665724236509,10.807077677327118,LOW
26.30868794170563,53.833180325831485,139.3815077012341,44.981667895066444,MODERATE
36.36374857439707,52.23872879643749,465.2962610869921,128.68509614504873,CRITICAL
29.46433974973474,68.61202816101104,280.8757312485601,71.52917426726913,HIGH
25.068535501311434,52.98931254797662,205.89796161154567,24.642078942887924,MODERATE
30.725771752047407,60.824807011690254,118.785670969281,37.27745906955978,MODERATE
24.641168791981222,53.76319754223021,296.09325668869735,63.133803896678664,HIGH
30.236847583366387,48.81354498106473,136.34277170951822,24.823761695864356,MODERATE
28.122167200715964,70.52095333334636,325.24791286355224,98.7424904951621,CRITICAL
25.48179299049422,40.63441000339518,69.59979515248673,9.259346311020245,LOW
34.480148554104204,48.242573739451004,469.20745547910354,95.81801601521822,CRITICAL
32.007770416721506,53.60233669540211,283.3594108695392,72.48295792839724,HIGH
32.60427499586632,83.9273876716912,365.1377227914731,92.48956735243331,CRITICAL
24.5909367185437,43.05274008986405,82.11456418202869,11.181144854404607,LOW
31.780408477369516,70.86324744769361,290.8348701913458,39.66676433591286,HIGH
31.359025624228295,70.47882245777397,261.7325413285078,39.42596835478328,HIGH
22.11126442128446,48.103765421145305,83.36203718935698,11.20788490110367,LOW
24.64762756906906,64.52548169055824,110.6765738837535,46.814183052114906,MODERATE
37.404166209609656,68.04561189987555,264.63138320806775,69.9888477261215,HIGH
22.698448188419363,38.392780573043034,54.889143107448064,6.910768889870534,LOW
25.150711458812054,55.6694902661814,179.4912156182353,40.23873848276671,MODERATE
32.15288870983976,56.864074979972195,326.0375491115757,82.68932539216173,HIGH
36.28883746160687,59.39472426503748,306.7583899660873,66.08586414742243,HIGH
30.38044606516941,57.05949334381155,303.572260479159,60.995374637420426,HIGH
21.92999062310193,37.245322417851696,50.55737009456367,11.940397233729438,LOW
25.950883113473246,44.28471312349582,54.79071140685534,10.067061721184276,LOW
22.885983924173075,66.59456879993401,178.80480326773906,29.82674803970081,MODERATE
23.355054295851374,46.71407025196185,50.25453886424881,13.865900655541173,LOW
34.794528843993035,81.11224936492677,477.65043028185005,88.57689916462235,CRITICAL
24.05404475662146,39.9476842207375,127.55809058307639,36.67727980861054,MODERATE
22.930004056487615,45.33286994094605,60.40319411430159,12.487594195457305,LOW
26.692941129496447,55.86994090079067,109.0388950843723,18.967340630122916,MODERATE
24.01704856654025,45.07227615033318,49.985727335821586,7.6106616281315045,LOW
27.89556528404623,63.71234704755322,83.3880934066764,34.98401697041461,MODERATE
32.57716684329651,74.4843466980879,246.01932658825413,78.22026549056146,HIGH
31.38279769830177,63.05986584531213,282.0825760603325,51.153520012107,HIGH
27.17257453102956,39.168858775101725,63.41361938993801,13.423492484316053,LOW
26.720785843113315,42.42186995148771,57.90669534242169,6.027383214293714,LOW
27.009068836496912,59.45130871391407,130.9138187873312,24.544035003595408,MODERATE
40.58876196029826,80.66109222867885,521.6076736736129,116.10614942443905,CRITICAL
37.71717152267968,88.39353680201248,488.0663536364452,83.3024353378246,CRITICAL
27.796069517395523,53.641754888777506,96.81212533627738,17.678712717917772,MODERATE
21.070816983130513,42.93745908747651,72.85814254971523,7.676174706175375,LOW
21.860096083441867,46.79260370982499,69.14643704645219,4.308262971943432,LOW
23.198489197777935,58.56450357772496,154.9201968164454,29.60230564611536,MODERATE
24.64567087086518,47.05710895206843,51.07960511135623,7.457612784518339,LOW
23.620530204000538,57.36409335029591,53.089895897320545,11.158661248457515,LOW
40.602097162456765,67.69933867428479,493.6806306027919,102.05208851358319,CRITICAL
28.08780665767845,46.397496094543925,144.08523982071344,40.69015485862603,MODERATE
23.88074918480579,49.3139829832061,53.79004156798403,9.157067296868252,LOW
27.457641561932782,37.66433232451481,63.05039987574279,11.919538192327732,LOW
23.23841161353053,48.008651806022066,165.67550755069854,23.760965531230767,MODERATE
24.7739566455782,39.765027720265316,71.36194692426453,9.193514807102861,LOW
27.156714549051223,47.030546689577335,125.23640737207165,27.920607609962694,MODERATE
29.14145297838493,52.84834713658337,106.5169019504728,25.52776816968777,MODERATE
23.107819092976225,47.39889531837414,70.33265429122748,19.606801103812458,LOW
22.090888966909986,52.47837260500928,142.00076122656102,34.60056737939711,MODERATE
22.937495671603322,37.53352874454407,49.15921697715285,7.74013781099169,LOW
30.253949052320973,83.83823165460804,445.9717624558362,76.02340454571099,CRITICAL
20.869490240514903,53.053534356159794,89.05395071681929,9.77705082444582,LOW
25.00719201721327,51.82380542406936,146.795182922262,40.96375717925062,MODERATE
25.94200900746819,46.02346962403709,39.2349889690491,6.919773161473486,LOW
27.396699709467725,67.43186360441685,316.2305584634657,72.63483548741655,HIGH
20.2674347000872,53.00013478002658,31.787064059423745,9.389003144616707,LOW
24.717195051969647,37.332982037724236,40.23013878773347,11.148286489627127,LOW
21.785592310774344,47.35555583378986,32.72507736550685,12.49755702921516,LOW
27.241540373754614,54.38821615393146,184.81971983733806,31.9370402296027,MODERATE
32.07877811663252,82.13930591376783,313.3055314579076,64.17166180772827,HIGH
29.15052549817685,70.43994337308185,240.1388842455247,65.03764265510789,HIGH
24.30078478604731,38.52520925221541,99.20126134810698,17.04979319178364,LOW
30.827266234017262,53.13114223205986,171.7336343299635,26.611681558553983,MODERATE
30.76605232697075,85.73538088672541,216.70578700195134,69.1658138348107,HIGH
32.54801675256856,64.28252587046522,276.43375705473517,66.93776426746457,HIGH
23.99636727713954,44.589833125050625,36.22002102709125,18.054729878789512,LOW
24.41781352260831,41.25319623396234,41.9349445287028,13.439945792190144,LOW
25.24212916914579,36.8870991977931,87.84338719157938,13.605509741637748,LOW
32.40287625526872,70.92803487627853,219.83587523134884,88.48957647943088,HIGH
24.88769313740189,47.32385840334807,179.6129322415214,31.689273577816042,MODERATE
31.07999366366884,56.978050486591584,302.8878005467653,62.23450805189361,HIGH
28.754005411411153,50.21441482658825,76.68176837564266,20.88209250975023,LOW
31.35912260934794,59.566341204870064,259.63516637976943,36.34054726832505,HIGH
23.1992370080688,61.31915187369028,148.70921949118278,31.024469718114926,MODERATE
26.772148857765934,52.25665415961857,59.4799546982168,6.403983694346815,LOW
22.050850057169477,35.67083225329103,68.9702976327791,14.873959687212906,LOW
28.213553064704282,52.0902833178361,171.65980046057453,38.76023749129772,MODERATE
23.917190526832414,44.80078578171923,177.77065297380744,20.907468066337387,MODERATE
29.33222120532755,51.4908868501462,145.01367449460133,37.99234758005418,MODERATE
22.180576789931806,43.59365267274558,83.00242791737472,16.44292437841441,LOW
28.8636351158656,73.51291692735668,204.8816988252786,68.46655195807327,HIGH
34.88148353057314,76.16014831710702,237.58621489237265,67.34749249664965,HIGH
23.41334523018652,48.70432664734785,53.97190580234522,10.7757018261121,LOW
27.03032344759185,46.73208086885673,62.11977732672249,5.570839362072611,LOW
36.982804271312595,76.22602612038023,424.67770722081815,112.21306947110509,CRITICAL
33.686651590391776,77.88641516645285,290.9209828830677,89.55881706971564,HIGH
34.7594744753221,59.99363644401007,424.70592453633407,136.16955609780643,CRITICAL
24.164925294925105,45.99131345593066,76.95827865296161,8.448753808866812,LOW
27.860500595018564,48.91431376081297,167.10006453671204,24.052903847699177,MODERATE
32.5211157732836,61.48921463496287,206.50163356251562,36.992102024124286,MODERATE
28.108606900261073,53.69780202906405,165.3631974571529,25.574140125007183,MODERATE
26.003322549236778,64.04044603945975,113.02779939224249,20.267866793599204,MODERATE
33.33968518225333,79.36945540643518,474.4421587533695,114.23064968515756,CRITICAL
26.56586761705721,49.45273609562106,60.4829013754124,9.913668744406275,LOW
26.064048899225085,43.58156713695958,172.5047323878502,35.5259441589694,MODERATE
28.53202842797176,67.29538477222798,116.17084940479381,29.413669672874313,MODERATE
35.98123580311265,73.9675763532557,240.4712734069406,69.78965932701936,HIGH
22.750584201717725,44.933077298044005,69.24313146277714,7.559781801122971,LOW
23.054663399432958,36.665789225254834,50.55032329950679,12.61208034474468,LOW
31.90659816660131,69.50040352113334,225.59796810641558,57.10816895368086,HIGH
25.40482432000703,41.76729588139417,62.73190158446452,8.864255001016954,LOW
28.558240737496824,52.385618893630294,164.35331553588475,26.69921302565841,MODERATE
36.88517818137835,96.33941875711658,401.50557668427393,102.17463026073015,CRITICAL
21.934352604421612,42.26123703844548,71.97181251398227,12.949846125397224,LOW
26.112705358410267,51.54637509848433,122.49508468613925,25.54489919229595,MODERATE
26.715716623751327,56.02290891793227,25.154470437001315,11.157054551402442,LOW
27.626426368770396,50.85078975150894,180.67541876267072,33.283818412628484,MODERATE
24.787464061761586,45.317720367394486,163.04716588746058,22.296450193453975,MODERATE
20.6201360568695,51.72022073568465,131.522344570408,27.3409868653427,MODERATE
32.18870720800419,70.11790081851757,313.9743863930334,62.59864159059531,HIGH
26.774180667913978,43.128070706031835,57.53627354144439,8.667808829198993,LOW
31.1122486794286,67.89416285168444,300.7948565022093,97.02679742453647,CRITICAL
23.695797959701068,44.42302835112201,65.0068645893992,5.9910502688194915,LOW
25.78065899099765,46.83937899967189,77.60696516271076,15.056527625074633,LOW
24.859898927459824,52.59105245465818,207.94466558899907,32.51334810662798,MODERATE
22.28008131925209,44.45123306630807,72.89472455075015,10.059382841985869,LOW
23.425227674105162,52.15095190809659,72.02005462795627,12.136160907448943,LOW
21.633940081529552,46.6340945204956,79.22413459014223,8.956313835119019,LOW
25.090453437042456,49.96603705534024,60.91685675802746,13.546342244869974,LOW
35.13258288069351,81.41713374969768,436.2964739435274,126.91247312008073,CRITICAL
25.357634180984824,43.52647500586348,141.81100498881307,34.13499957455969,MODERATE
26.80244325503194,74.40260101061307,236.1510630491629,63.30392602187472,HIGH
36.66899953532955,75.84667245787661,457.28827054534116,141.8760922904877,CRITICAL
22.846640722731507,47.76641416533333,95.01250644127276,12.625361055315834,LOW
22.219270650305344,57.70815019270163,141.95946750223038,24.559001103420666,MODERATE
24.2172679625943,41.253648588048165,63.39234768375711,9.306051608804454,LOW
24.455149681641146,47.25554015309579,77.62898343635993,12.219823439356851,LOW
19.8261500999672,48.082367962770064,43.585380559373235,9.655048701198828,LOW
30.999087071373637,67.89625961015156,122.36345139385755,19.473096989100288,MODERATE
24.48485550807579,37.7887447324554,59.7011459652585,12.390163782987024,LOW
28.016243823607265,59.84672051710198,270.44828879484623,74.71560108085652,HIGH
27.165950478073512,70.7232448116797,121.31069151963757,24.776052821589698,MODERATE
33.96412957339828,68.31840698916795,361.4035405944401,69.44438308820784,HIGH
24.19399137489472,41.574098255414945,84.90861147940097,13.858496256860107,LOW
31.050954190762624,61.575574381591224,140.26613612697517,29.37246484507419,MODERATE
20.056976168450092,47.672388030238174,79.6813734322506,9.645147877151862,LOW
35.412618146231296,67.94364657259274,375.5033490422161,119.23858534758222,CRITICAL
20.95083812320848,45.73439215032899,50.76453442256677,5.203567499041158,LOW
33.30183022026099,65.16120051353134,232.01916147704128,71.74524987364973,HIGH
43.852136653187685,87.97659627239115,364.70528853907194,122.16165476189192,CRITICAL
21.69580167826144,46.70277127093182,94.53618056232764,14.783456842876685,LOW
31.041151650654815,68.93339544245477,202.1543379262384,41.2638713083458,HIGH
31.503025149802056,50.28944853229798,297.4588086568432,80.21747784897784,HIGH
27.179435358573535,58.999882016789726,163.17087828882165,16.651019982678267,MODERATE
25.81243969143417,48.9742106444967,194.009054939314,35.075807506139064,MODERATE
30.356992726616486,74.04313709640263,250.91922738752433,76.9221739608196,HIGH
26.432281929293133,46.08242486750297,82.51844995167521,7.911047933658757,LOW
24.481699082869078,51.88076497265937,53.48384053772795,11.997658133005967,LOW
24.21349897720495,48.2908964106177,143.86492330732375,38.84266035076793,MODERATE
25.91145234092191,64.16910836006328,113.03611819686944,40.031205306046,MODERATE
24.2503751577468,53.96944755486811,206.20377205142807,24.879942428701472,MODERATE
21.19612790504175,50.591689141635065,35.61467486833893,14.751858301924667,LOW
30.903186320155168,67.37843396767566,243.9585848846453,66.93020690093269,HIGH
31.046672788962194,47.80893339062531,163.1664190477109,21.721997581915105,MODERATE
29.87850389752057,88.85078384737079,279.3499260969152,53.49858284143713,HIGH
22.48598234463742,53.860498549814594,205.53259993226604,32.68831624784021,MODERATE
22.180112720389793,43.77994698454976,63.67024743461105,7.098772678294995,LOW
25.230856830377533,48.25708830501924,57.28050100790978,14.363645202610243,LOW
23.302358424445444,53.64923404260276,40.07460660538962,3.1881243168580786,LOW
24.77448385335608,52.701546086791126,48.11066685273093,17.25935008116168,LOW
23.76894090560362,39.90037115508265,95.1243930354414,9.398844487924052,LOW
28.915337337660922,47.362020563114086,74.37894811087705,16.72624088336289,LOW
29.924668071133368,55.380275506296385,172.01196862305667,29.726737483546987,MODERATE
27.35915026960184,52.22229397767672,165.13133506007756,34.014761401720854,MODERATE
32.918819545106416,81.0003444129282,327.3683382836455,62.09847353419568,HIGH
26.82539622832003,39.30016086590682,96.25635227609108,6.901442265000718,LOW
24.01320088044898,44.694405600513356,36.54756827433914,13.630000379682606,LOW
21.114459534276563,51.958218110439454,92.21290072427541,7.331016935076027,LOW
29.389579060193036,54.35936913421965,190.07450644812673,28.691022557787488,MODERATE
21.49246023331468,37.73382221909357,81.04280936619804,12.204820846293646,LOW
27.81569040192895,56.38389403099244,67.9050239956824,4.177379527067149,LOW
28.502254510012698,65.71610872650368,237.86662750401098,48.252837058027524,HIGH
27.50177194050291,38.90865818254635,140.39278023746678,35.555175786114354,MODERATE
21.830342974001056,44.592918254647785,45.085100487440094,10.742631691969482,LOW
23.79101214763395,42.92147566896024,59.792610920791276,16.54060637606874,LOW
28.513332366777078,50.626448413059464,156.69769256680038,27.80157247833653,MODERATE
32.946836712596635,60.998129278024535,262.0879553796224,58.190194630053654,HIGH
27.519705691720844,52.45212652274164,194.93869090735723,51.43330168955333,MODERATE
27.882008574614083,62.26605303238666,142.02752813928066,22.044870885554136,MODERATE
25.372314587610404,46.91214271783835,86.10940320235689,13.08093269529494,LOW
22.046738268492952,42.0400095334541,81.68681769609324,12.728342619239795,LOW
42.06625277798178,73.58500842248269,474.31348784021367,109.4007809457347,CRITICAL
25.506090974122653,45.276956887278374,56.78157338219688,9.93850999575128,LOW
21.266593724922767,46.85241234065507,50.39666675944124,7.8552991294184515,LOW
24.104446876794537,45.04425606950944,91.28931633255209,12.64951787164561,LOW
23.122019260270967,49.70232385876947,53.0985742686626,7.755472568300435,LOW
22.463703461209366,31.60959598066447,47.25691243503262,1.966705353010516,LOW
28.42400253744994,65.2822541188124,187.76815177238262,81.74333116513584,HIGH
26.616747532038357,52.730916323086475,174.76051079703876,32.81234619920566,MODERATE
23.277093416043947,42.2115196219916,67.43023773095727,14.116807518111221,LOW
24.643628426935187,46.395975013606794,59.346795771591545,11.639720657927748,LOW
23.514853236886243,42.81305903150748,52.060994412842845,11.557491032489658,LOW
34.45975318746265,82.92582166124978,391.0573063375779,108.73409259627695,CRITICAL
31.994799624936228,47.08618702970324,216.5552035049211,61.48595448008523,HIGH
35.413532823202566,72.3488157994641,484.1339343057215,83.17337105646911,CRITICAL
31.65177546182556,67.72907554801571,286.6062366360102,31.24217207298632,HIGH
23.69849125424949,50.18465851747714,73.01346555424927,10.96337804397326,LOW
26.704766198459335,51.90177664257415,64.9559760407009,18.581673150504017,LOW
21.629113783813544,44.93497195867023,53.27142248173229,0.13863476212761405,LOW
28.03075546141432,54.59380577971255,126.70615764917326,30.338604156448582,MODERATE
29.145223151584023,50.509495481299844,176.2157037154937,21.274856205925243,MODERATE
32.09697960480213,47.83285562681971,130.23698062107584,19.97511151524545,MODERATE
31.415089474086308,70.65233834274359,279.16128399165973,60.45434211091067,HIGH
22.54573908963611,35.72378520767429,73.2580732479217,13.224292794588848,LOW
24.882901967769207,50.25739544008337,61.82175997828572,15.574442735969702,LOW
25.95398931584965,51.725804823666735,169.41714282088526,18.526869365391377,MODERATE
25.123548760990104,55.501766835707826,59.26971815907507,7.798722804064974,LOW
30.091695233742822,49.9990541166992,90.0721047724904,15.3898768648458,MODERATE
27.080378775744844,37.19496800365192,55.09740582192438,8.606201791072237,LOW
44.03478301234965,78.8200741945434,469.3900201806816,122.4039798863306,CRITICAL
29.095569046307595,47.86275470089936,144.8539251307015,39.11789636066505,MODERATE
30.307489323181116,64.09484409391996,97.29198914012416,12.578419496954968,MODERATE
26.4048147399324,46.53956769781836,67.05988830486837,13.572190792331027,LOW
23.391632034815885,50.73510141203726,53.76348333443003,10.974204403326379,LOW
22.281121802752534,40.542076282746045,100.21395978206695,6.432456988903013,LOW
28.73939752939982,54.6204859610267,170.14469806089465,32.63186612858146,MODERATE
32.610451882415745,60.6423486180452,358.33011325006714,71.00775388103918,HIGH
24.68457910789729,39.450873366542275,64.64002343988466,9.097208841333957,LOW
24.481675816389068,72.04453980714159,152.74176845105063,26.546086682966422,MODERATE
36.88466441161034,69.25353568902067,359.79601182084383,104.35171206191531,CRITICAL
23.165930043547142,39.652246323362064,52.9625111855371,8.121450542738682,LOW
31.82950020471609,82.80982386379388,339.9294326651814,92.18687257003918,HIGH
27.34937647494238,46.363654898215,77.75454285095573,11.83081583219262,LOW
33.15849285581813,68.8794444289478,200.4316075264197,63.262260764416204,HIGH
36.10968645277555,79.22523873898017,378.6716895070278,110.12421212809362,CRITICAL
34.03336161169048,53.575827357778245,129.62230715899872,37.31889883730529,MODERATE
31.733643324818033,81.40627729993261,301.3209626282858,81.80695362700752,HIGH
23.29367262397662,38.64517607013384,64.34502230396006,0.0,LOW
27.946195178984592,53.477026941070456,147.2290091722386,19.99064385552726,MODERATE
23.32549808778095,39.1674435215798,69.80389917420283,10.443024431161335,LOW
23.07193326894512,44.96616784355213,84.22468746963658,11.878185641946175,LOW
25.70486775144248,45.165191346769454,67.2279409650363,10.60451092794668,LOW
23.111711651586127,38.16394281862455,76.32326670746636,16.019713271251856,LOW
24.358583348293138,42.30677886417433,75.90081645601373,10.986582939313534,LOW
23.39713302937898,54.22375402185078,89.42335161632042,12.134389836200254,LOW
24.189675394980057,45.06122911263395,80.39939482343654,6.509454811689162,LOW
23.43562808455298,34.64283347325624,75.46046837572341,14.25167752557336,LOW
26.06026491330949,35.49805367377629,60.43118105764383,9.494966117245113,LOW
24.165090340504193,44.53775002067153,53.02008752251149,9.565176126168941,LOW
32.68512420036439,95.2980601186782,385.06595510077165,109.80118433833827,CRITICAL
33.83297637858623,87.44126891205933,449.98664808579025,100.90195281832113,CRITICAL
21.96901643896355,41.607098882789074,70.12626777469936,13.205865701658137,LOW
23.745615355686432,43.49133559234272,80.36521666755698,10.961578598144959,LOW
24.210292910414726,65.5942291881575,128.4371516403371,32.18184853667851,MODERATE
25.084214581558985,40.454145553979494,41.71750628669312,17.479553891385443,LOW
29.34019229829628,67.98002910894292,270.1504697915581,73.03327286853869,HIGH
30.368801848280803,70.42150997874042,310.64828846577876,56.98565413174363,HIGH
31.64113932225662,54.50029883500764,337.7921768183758,67.20372269937346,HIGH
21.890997185227814,41.20166000524576,31.885240781800643,11.979116280819925,LOW
24.799343523512125,48.225274304774246,77.38795017389072,11.007390387979553,LOW
35.15833130421929,67.06572136391989,294.3336958701382,57.19536681472056,HIGH
30.84622352793332,59.240205987077836,170.60487168747085,25.274323145876075,MODERATE
23.542772150990604,40.188955723087965,49.673865746462866,16.28476646687696,LOW
28.746632469831518,88.18807454878298,322.3466981346193,54.73721816404702,HIGH
20.654605613303893,45.582684877329264,73.10436638019864,16.075192839603865,LOW
21.349236994854465,44.282696534598756,110.17806100546326,13.543610009590017,LOW
23.32522922842034,40.16010290630886,151.16549056771555,29.205044086757994,MODERATE
29.85869899705163,59.013167836481614,236.006104283406,84.4531091751943,HIGH
30.17155582369492,64.68737515427067,311.78261507640826,53.074375223250705,HIGH
32.68133455378689,73.54292547669226,510.3704222112901,85.61544573802664,CRITICAL
26.0092217361191,46.859386813441944,57.884445200666875,18.50281614032867,LOW
24.408155000065605,42.980839356734826,62.719473432834974,13.856471914825818,LOW
19.78293907747255,48.081421096900925,40.589980060041356,12.967505767836691,LOW
29.82932730993455,48.36159362457952,133.9433638849702,27.27971179205319,MODERATE
30.334260626146133,43.622039587220684,182.91940853934528,33.39518782938926,MODERATE
24.69023229726956,46.90639972998194,52.79229759159563,11.19259925743921,LOW
22.110634600357965,47.07716971403745,12.72614826754927,2.2816004003997543,LOW
23.1643415363116,39.87937096503889,59.04554147597495,8.416193380503097,LOW
20.721901976133395,33.191055175598606,73.2982629346774,8.310001790090727,LOW
25.702049506190818,57.48478966752363,146.2378667629641,30.35557383087277,MODERATE
23.108586486337042,37.62227092272319,73.79037142032666,16.374187168768223,LOW
22.893460177864043,40.60097545217597,50.022915938964104,9.296650391424834,LOW
22.004143083485392,36.12158492072757,60.89896151713316,0.0,LOW
23.786311229791853,39.331514349533606,74.04278147903115,14.190539508420585,LOW
25.960659356128087,47.05399191625612,125.56223049400144,32.3008854654512,MODERATE
35.18064846839211,62.35495974562133,302.50781525993204,40.06003440768423,HIGH
21.282962563030864,62.14832645660806,145.1938578037494,34.57043962748989,MODERATE
24.93695010782472,42.97534883754884,56.336179389469685,9.63307032476303,LOW
24.864236842436057,61.86862130404406,90.26883829283292,2.884964856441452,LOW
25.782312479203508,63.960913365669995,140.52756112196352,33.71431101957332,MODERATE
20.972798377213444,57.55375907461476,60.904399167748444,6.006159906123925,LOW
23.840823139642456,53.01638520673022,106.42146182267956,23.690230257652555,MODERATE
30.362097943010134,58.24832205378212,169.15572107826281,29.793802789088158,MODERATE
24.379442191970277,49.8710583851283,162.2277321437064,27.76682087978259,MODERATE
23.671729444170808,52.520702487368865,83.4999527882197,7.49533695774501,LOW
28.865509297337077,57.82431882745634,317.4286753359583,77.88696467484242,HIGH
22.490990482890304,36.12593347646937,62.418813423409674,9.820334290330361,LOW
32.4913938836783,69.88162376844946,210.6099082096418,56.231435487708396,HIGH
25.384271644612067,43.60703887871671,174.2396873961497,25.381880039884745,MODERATE
26.944755837479065,53.05946389969246,190.89572673370103,19.578755046902636,MODERATE
25.08193201336223,56.13658902221207,155.15460586276743,26.583041411500034,MODERATE
29.890533433104583,56.88349852965761,368.28822893266135,58.264166410378905,HIGH
30.081518875728943,57.54050817269804,145.92962897801158,31.550254776643044,MODERATE
24.200936921193097,35.599506056138196,27.270396307498082,16.03595289524709,LOW
24.391370307253702,43.5901319130395,62.89442062537379,5.44013303506385,LOW
35.82406573670029,99.8491057255178,427.14890255845404,131.96470213656278,CRITICAL
26.04019063609076,46.357639817741074,64.85529631250553,11.134274173841519,LOW
27.765313397167716,49.51114565569961,131.52185882185663,36.537019950917646,MODERATE
22.408579013918946,58.602492767015136,117.52972929579931,33.506064158112736,MODERATE
26.15555479597682,51.186340795473775,195.56738949706153,33.21478200248016,MODERATE
29.790425126925765,45.280832051579644,87.03582335342202,7.202177337628813,LOW
28.577473457712312,64.85267894768303,304.1594945575791,74.71923722080187,HIGH
22.26595615228441,48.668700472625375,53.3811018621642,4.410605964554485,LOW
23.76205698775246,46.06148988785342,69.5263437770514,11.862605436333416,LOW
29.767514593861527,72.42230954630261,255.55668098306288,59.46871117877314,HIGH
26.913958589696293,57.41689325332388,90.73520344659173,21.437996947255108,MODERATE
33.36505671110123,49.70118981242627,276.4591931299292,75.05007016923769,HIGH
23.120082673122095,47.07881032065402,78.6655194089605,9.569553557783244,LOW
34.443198376436975,68.20211724048248,278.5115635745907,37.27479412469618,HIGH
24.373568309829853,46.48604515924869,145.90651707899346,25.712264916018913,MODERATE
25.479252733192208,46.533432840716095,51.08073318390396,7.51047511660084,LOW
26.257667309696977,59.08835129063092,118.72319611120503,41.667513740044804,MODERATE
18.52414401825207,45.51209540657126,78.73325958076433,11.554823632643203,LOW
23.8778164407101,46.06991968902611,73.85258858321968,4.339620607505199,LOW
35.91573438420244,65.26357778624748,348.7555961595136,106.7983025289795,HIGH
21.605437717278658,43.40681573532039,79.78186891767717,14.955583487105148,LOW
23.92638896136745,47.928339093314925,47.18814628281815,0.0,LOW
21.69249149252058,48.86014321955802,26.134920230295087,7.042668437129851,LOW
24.744724334826245,44.71536451514359,93.61221302275996,16.277854543236465,LOW
27.21881933557272,55.57320869274108,57.76975726723789,10.181612491408632,LOW
22.71000122368527,41.725993922463175,83.74780630313872,11.749504572601392,LOW
22.148007855289098,40.45133760831915,57.05060600337151,13.652679549229035,LOW
25.803405136273174,46.18174048992778,62.57115496557555,14.103184592583682,LOW
22.78644632228532,47.41190447934095,143.11450503973813,32.84778258424948,MODERATE
27.195202577587214,66.92587409107388,128.79973458342252,25.699370765764495,MODERATE
31.731089897467914,85.43464033753237,267.65929985782213,94.9286213723275,CRITICAL
23.375363037861607,51.43731882187501,99.55831460993062,10.32153858814303,LOW
34.25741257107381,57.814634950473284,148.5581043783509,37.21972253940049,MODERATE
30.88355411837908,61.12925073151393,357.2827893233349,61.21139759189032,HIGH
24.525734546405676,55.961790945951,44.71717339220216,6.596078391869581,LOW
23.60898208026809,55.81639923742712,196.45227698879629,15.72134288853119,MODERATE
39.846981557297084,74.76683101451866,369.00989432988024,99.7478398381198,CRITICAL
31.207474675049326,62.78635551718195,256.90327648914337,71.52606352946367,HIGH
24.655641757689008,53.061993422662574,88.41884816004816,7.65343879072725,LOW
29.725157067554132,53.14268927059123,296.0092390923485,50.2699053473215,HIGH
22.33236575057634,56.19695099634323,102.87800987181213,35.39091813097541,MODERATE
29.53062067739345,74.01203880994345,265.52934243038794,66.55193642902383,HIGH
25.014784838686285,51.25766953357557,75.04143822404339,8.133325721771616,LOW
24.25094591063935,49.802626606353954,146.16597792563704,38.37440361767032,MODERATE
25.78296828827731,44.671517431092134,52.192796575449584,14.391225465391708,LOW
28.571352307499858,43.9401492687463,62.69715067615875,16.17162006431436,LOW
26.377737756834755,33.28104919518614,52.03325327692266,11.58693511369037,LOW
33.309089674782726,70.40825686346312,327.7476029059537,71.65027514771094,HIGH
35.32660975754106,58.2986800076512,294.11312533138744,67.53406665634078,HIGH
21.787918631229925,33.367840416991235,41.95717968126529,13.304953748977358,LOW
31.478876119967982,78.7624198841961,363.4916428822766,94.13903620504854,CRITICAL
31.847928217390475,56.62219241457221,286.34243124615296,70.58396654009184,HIGH
27.644528928167485,49.983917391787315,153.71745542058227,35.78463202405715,MODERATE
29.74024624793717,60.53569788968246,177.23490285778482,33.22487951881066,MODERATE
32.155285910590734,51.66191706925366,244.3568204458116,62.04240106758663,HIGH
24.71547751849173,40.15828874903983,96.15675668188956,9.59016676208674,LOW
24.987752678596877,47.97636267874045,146.21090488293518,30.220405793515905,MODERATE
31.965467829112363,54.11583454035518,147.4221217668689,36.52236382782031,MODERATE
25.078678137461736,37.32573156993983,37.119398620212216,10.488234257822345,LOW
22.381950436873893,45.731110404149895,63.76380169514961,7.160412491313936,LOW
24.433233098885783,38.873529292082225,49.127408386049744,12.135740562234666,LOW
25.56839146813236,48.67851476712561,119.60365944682806,28.94595614823626,MODERATE
25.131573284815794,37.002814542631484,72.72989101318122,6.964453568409558,LOW
25.233418186548704,69.159283690118,115.97676264855261,32.50889804908369,MODERATE
37.95531231750635,77.64108438056586,489.0003955383614,119.36235589311687,CRITICAL
35.74860773260028,58.88798293555751,133.48014153514464,31.644323142769757,MODERATE
32.77838343680571,68.96822478093422,323.4916969264617,77.15439413443684,HIGH
33.32416231202171,68.7822147228515,174.0289468571961,30.30957374040496,MODERATE
23.352471210410712,43.833694650231045,20.637880531835265,16.121053811651656,LOW
28.29325283027037,83.009891233825,419.57569656649383,101.01907721368663,CRITICAL
20.514425621325767,44.93250490687323,61.430661182370606,10.321795858264737,LOW
36.78766385750268,84.53833496455877,442.4032305247632,100.4162417764345,CRITICAL
28.22627564322419,71.18761040376603,290.94731675563105,93.17238129542815,HIGH
28.80346573498519,58.54001887094981,118.2503241342679,23.048956373009037,MODERATE
25.914765634958407,46.3985804321477,56.278772039581966,15.488799204461337,LOW
23.11253960951688,37.52380143455865,186.24931514730193,29.22619084341563,MODERATE
23.78148333393525,51.13910201116176,57.71845830886679,11.639645700391544,LOW
32.0131218696639,78.47789776166272,206.90089690416983,64.04263301778188,HIGH
27.144861042090948,52.214803456126276,133.95851146769368,42.2401172432873,MODERATE
38.31383960169212,69.22619989099879,266.9654995400942,72.73750376650489,HIGH
31.025997800818168,46.82594376426663,95.96442049756263,32.88784808386665,MODERATE
27.857716348853792,59.70732625278364,165.76310588160757,18.15679843736263,MODERATE
34.95034199071429,66.37413563849051,221.05188122703333,60.32600034667212,HIGH
27.591260565596105,33.261923512936356,66.5021781438386,6.271169773479526,LOW
25.175662517957086,43.60111670022362,71.36878564124342,14.55958286593686,LOW
21.325679465670035,53.55343692646643,74.9165074627376,12.255025726582568,LOW
25.970871748588227,57.25455385973062,57.81641405552239,10.377970799162048,LOW
28.84137399534732,56.403444908936265,285.88701384534477,60.229094661851974,HIGH
24.32429748777745,53.82710415163932,121.39391324873648,31.500572621582393,MODERATE
35.60631323061916,72.49142749092145,429.9530248907369,71.95466653484165,CRITICAL
23.402514214812854,46.30267629217116,26.338663300610186,5.029066895064259,LOW
26.751000277020285,48.163628090580566,62.33775074502786,6.302767336205596,LOW
24.553310381930928,49.20413578912456,63.761533826406136,16.838228832350918,LOW
24.358739881549894,34.84095165538259,63.79881937201018,15.877492853421186,LOW
38.36852616784824,87.9693577172895,382.06579738426854,114.33879388156028,CRITICAL
24.460950324559086,49.720289985069805,28.068911530475873,12.38854610708956,LOW
21.347575868078415,39.2140280761787,70.87203243956702,8.789152382732105,LOW
36.24290772202179,75.50810009888046,410.6253031727344,110.85364263869027,CRITICAL
32.60155207906291,61.615930716728144,335.7746673643122,74.2077193524666,HIGH
24.18339435482466,48.0002973860308,27.02977908494846,10.965237097524943,LOW
31.84783080389379,56.53990680693126,152.50431956120917,25.232925556220756,MODERATE
34.219702370647404,86.78369804151531,372.50091697588806,95.95390131465932,CRITICAL
27.669158177422844,43.86140603032558,50.134605668314556,1.6376218181814206,LOW
25.055769886785207,48.143254449548024,48.27834181583589,7.617376401467657,LOW
29.39275952511029,51.89863554071103,88.06703797130446,17.085701052475144,LOW
30.094216418777943,57.97385629807997,362.5070402412207,51.49988374881688,HIGH
23.983095947215553,54.08022563564315,90.46872385645779,18.535124611520487,MODERATE
23.4122240585248,62.43688269817214,150.1994460455295,34.61617536748891,MODERATE
23.58645382046723,50.928789151360014,68.1386619332929,8.726398907511406,LOW
25.041316784803588,37.4321797318446,66.84509626063536,10.315554234691588,LOW
27.775191123104452,56.33923605851332,155.84842504185275,31.175975338309588,MODERATE
28.77482740230107,50.18640943999337,117.76227257975222,35.397069634651466,MODERATE
37.42479239979106,73.13524624683804,313.32938628456685,134.63380341773953,CRITICAL
32.75818418025665,81.88189480911299,286.7259901574397,69.0772626243785,HIGH
27.594502018979956,71.45429438758357,124.70505441814251,22.250186827095202,MODERATE
41.96332637032604,69.8081105191929,443.6664038484938,126.42017082497297,CRITICAL
26.036147683126064,53.507918215464755,65.54817077445469,8.171804406713058,LOW
23.321893077741134,60.12931189025439,50.4121802468769,11.932564017918562,LOW
27.398455179364237,52.99027301198106,170.27056157533286,35.6140242829173,MODERATE
26.675138668296643,44.602170427259814,43.001049434957054,6.691574601509282,LOW
24.315572226774194,46.547559544687715,50.368014485943334,15.748949725248107,LOW
29.228604455046828,56.383143130953066,270.5962064645508,82.4519297315714,HIGH
24.20295467154785,48.98545713855142,53.964305555434294,11.530510657044976,LOW
30.47676274413575,70.82116144903613,439.50220871922085,130.6438405131457,CRITICAL
28.190974060866655,47.91274293572676,52.56033801568129,9.7441906724867,LOW
23.18423957352831,47.29773206077296,67.73079293905464,5.304970012230019,LOW
21.489589184776683,53.44262632953405,184.4794581916858,34.859131414386574,MODERATE
42.875294053803934,71.0393384792444,309.89269670234455,114.0547937668887,CRITICAL
22.33710294311706,48.736501590375546,51.70456201382788,12.322438031011789,LOW
29.57544007278621,43.163374561167515,189.55894823875556,26.197150104158283,MODERATE
22.31897542206651,56.548591690310616,42.76209994751083,2.8242052799812516,LOW
30.701967117288053,60.53551958840017,184.8891380749153,36.48416158305249,MODERATE
29.299250685255817,55.649837666467285,128.7080603938095,31.434832699514033,MODERATE
26.831985030637746,41.910735643485125,49.890882742782715,7.2054454384763655,LOW
22.71462715133513,52.78102939467003,41.435024997092995,12.026495288773585,LOW
30.700105374765965,62.618651772133255,152.4567013122974,25.703392564536866,MODERATE
22.72610509665968,31.393657350753667,26.545821782854667,3.539754603545732,LOW
33.643402804933565,40.72027529773604,126.52335350506334,30.712206358305668,MODERATE
24.63618744254319,59.1355987573855,142.49732254759888,50.85729306332212,MODERATE
24.711377546290656,45.50554175558799,52.53564178151483,13.799481635608235,LOW
24.994112798767198,63.798443003811784,316.70036742981165,56.86912346720392,HIGH
27.337911035809817,73.50130648235324,309.33593346719715,65.27619646765494,HIGH
26.819274210114845,54.20885340977118,274.5103859301999,72.19228735015596,HIGH
25.911201377658053,60.21764849403999,192.6237458224072,29.290660666686147,MODERATE
23.584291739331746,44.24216214618893,63.0521578132499,16.81305715621546,LOW
25.65036886752436,42.277542802493585,43.83284732174924,11.558141763824171,LOW
36.17021319559844,45.378902485874384,390.0874731667038,70.8378172754676,HIGH
20.520111781208875,43.57856497941207,74.81126250414975,5.301008965126146,LOW
24.671010704606495,44.7013040210231,85.9440675817831,9.360326096461538,LOW
25.395355011273665,51.20112261357889,47.242528212130026,13.777995038308084,LOW
24.033043207453158,49.024618456844145,75.21245418980399,11.273259625618898,LOW
21.389235872294247,53.684308082428835,179.1385457612929,33.59757953118194,MODERATE
34.97189377413407,77.78191659124518,365.3249852675345,120.60403638330563,CRITICAL
23.28946898331344,47.622045783909826,29.102109641339908,10.720191663885332,LOW
26.518465813740963,43.80814345688964,75.63596124085703,8.435309955269995,LOW
23.548927358379533,46.18054353068063,62.71507506639314,10.663802021093913,LOW
23.35254484850995,38.2419369325168,24.061098020835246,9.574163986480434,LOW
26.15967115799936,31.90809788191884,65.23833838459727,18.485949059495788,LOW
23.994503818635916,47.55808061982894,69.08135022970309,8.365970653757415,LOW
28.958162392651587,41.64357028808115,174.96684960151228,26.865611807454503,MODERATE
29.423176386254887,76.44706098817299,291.20548183410676,60.495668187429935,HIGH
30.55552859599639,84.17552141227023,220.73102393591643,80.16035053352039,HIGH
27.079623504824152,48.77440077114913,60.06053400660272,14.08011051448152,LOW
25.50991206121262,53.56931678291537,61.66535952880469,8.30246007339354,LOW
28.351621222790296,48.85282113737788,139.50585107158022,22.259449906381438,MODERATE
22.495688458842178,37.279602525714864,40.0060423874605,7.715646556302808,LOW
31.754357936660497,63.70701369045489,296.66398571909673,71.30857534358414,HIGH
21.276526269580117,47.109436400550045,166.64660168863156,31.69129873570583,MODERATE
20.911964742963228,42.149072562033304,54.6651611441813,10.666255151954408,LOW
24.938155564034563,44.312076232960905,84.7020528771843,16.76483711268866,LOW
24.09022242052707,49.787965651842626,70.53590367076738,8.36862550265726,LOW
20.833083370777736,44.88514872931149,33.714533318963746,12.031915856129274,LOW
24.326066349536006,46.915173542529374,61.365550003681506,7.472188548272921,LOW
26.362143336419443,42.452349600830516,60.38574192502104,7.772844782164655,LOW
31.233492325480757,58.888207932290875,280.3206366339289,61.62555365925925,HIGH
34.82124997397586,62.55526000457258,447.42482800472396,140.72174866730577,CRITICAL
21.794132682429492,43.38763113404938,59.44770280743389,9.92580456575723,LOW
25.9676969770412,48.59063318593426,178.55401009526796,21.011471341839243,MODERATE
26.574026017036033,47.09153286643211,168.36637306356533,30.851770475318652,MODERATE
24.644419751231684,46.22890818075513,136.6829713358932,28.54002170591538,MODERATE
25.952825100136828,68.8298469062694,239.75925677697177,55.936180898355026,HIGH
26.267212618187205,77.90251824450257,437.5300746537116,88.62430046298486,CRITICAL
30.663140406453852,68.74046480779718,181.9417760065337,45.086973342083766,MODERATE
22.25974780062146,54.631649440689294,174.14575908317016,15.1619991510647,MODERATE
22.36920981397425,47.13938137432213,64.09715214749255,6.89935690598262,LOW
21.71038963047333,42.44145112430613,37.2337934515671,9.399048688820747,LOW
33.07112506020572,64.79050343420589,269.79657616978784,89.75374116592448,HIGH
23.263691832736143,41.4975879174835,38.7388930932375,9.736464458180842,LOW
21.256872022497205,45.452115311151,134.5169163219941,21.214554272851576,MODERATE
27.546456128720656,54.14384842446901,166.50522964152483,25.320701779456645,MODERATE
21.993372830329307,46.707718243755096,61.366346798753916,5.205860046219265,LOW
23.92435625346594,46.686071419320726,65.72613311828071,7.11525624422529,LOW
32.56916703651777,59.2033632783562,228.5786329743533,55.92587696588059,HIGH
31.62401953622254,74.46847938460657,343.96957260666767,49.74922015253283,HIGH
35.33800351150074,53.436536885099414,401.7181568241253,96.12633873613407,CRITICAL
24.38713647306283,58.94145043034585,146.78734995039025,18.433527973712305,MODERATE
31.59489438016711,53.78640615909262,177.1760117845074,36.80843430180143,MODERATE
23.149732571520044,46.93727169660126,193.55001127572245,31.2138992953457,MODERATE
31.619817809872945,71.67168422224456,199.59169295449635,53.434260589880545,HIGH
38.561257239706975,71.52800862682827,258.2924619422506,65.39640014414321,HIGH
23.736557033819913,53.53117974499798,55.542489058339015,9.125532265359585,LOW
25.330317361223237,51.15583195657154,25.10367149166443,8.412775944533518,LOW
31.45272087077806,55.09643020437976,220.5936527251258,80.72926992995328,HIGH
23.880187675799853,47.59011076191002,77.47474131580125,8.325628669699272,LOW
25.823800418477656,62.5705622673039,147.95594611207613,27.67121350474125,MODERATE
36.493762599336186,65.59426515409523,267.8748748894592,92.20197925186415,HIGH
26.369650012996036,41.99587947469504,49.203099886308564,2.6633821865327754,LOW
31.230991451114814,50.59289698374779,334.08314209354484,60.27708664069273,HIGH
26.46109210899679,68.93758752485138,302.57965115995745,64.3281742572161,HIGH
29.252935277007502,37.77979358420771,47.01413414045922,12.833026951373581,LOW
27.735379250341573,74.05214917143468,307.23362762234007,71.77793167931989,HIGH
24.923539810839415,53.23130227350169,147.62775554211493,36.769730825243116,MODERATE
22.144313068916723,49.73725336655323,29.78689110116704,8.718312604262692,LOW
24.428689666587832,68.48610394627696,105.87977560735821,23.44644755205615,MODERATE
25.589991720283642,56.088904115375826,192.88648898055834,35.23702286130738,MODERATE
30.59884156179763,69.24484807828641,308.57453947721683,65.2905383580472,HIGH
36.446329761518456,74.16996101395381,386.7119316481973,119.85191196043336,CRITICAL
24.757060852668246,58.39331584250503,258.3697775380062,62.18416100553995,HIGH
30.404651807495075,30.24707413305291,65.47931447339099,10.278344481066851,LOW
32.628818636086436,66.19830992463585,263.73547109625457,65.40939729403455,HIGH
28.384413793543786,56.3204261533378,132.49657116741554,52.553143065800555,MODERATE
33.28738968200841,60.93758037711156,288.5308162373292,67.54251307520757,HIGH
22.56667847930751,40.58913988250733,49.191778206278244,5.720643459355648,LOW
35.19207584169523,66.04390959787246,226.8428294947638,50.56734535521497,HIGH
29.33757394175214,77.74011375564773,494.42043783717287,93.48191574534921,CRITICAL
23.14207862465759,41.22223289233906,63.41236922260457,7.34677801155382,LOW
22.142125854211734,55.452117594170524,182.0102818485811,35.65847030833871,MODERATE
22.65096909054085,50.10485632424013,40.1526128667815,12.837034582911581,LOW
36.993526012448456,89.95630455249366,387.0697401058208,102.31537868973243,CRITICAL
31.10436954536629,67.15739056350472,281.17157781845776,58.36205473771717,HIGH
24.690341183966744,44.044278417899015,39.26754590696034,2.4108558161075724,LOW
22.853193789850614,49.15101008029419,137.30084247018183,28.831206616875743,MODERATE
33.5736033244845,46.17227876481424,186.27637373821204,28.699455922457528,MODERATE
37.35030404156509,70.92410203858493,375.616942245831,140.79619804497213,CRITICAL
26.26537852352281,56.33050134345887,192.24067599532762,26.81255281723613,MODERATE
33.27735718404474,46.06165751396424,214.58427719645965,68.3170760110848,HIGH
25.09566648928342,42.27762130041117,38.47152473018357,6.141642504221939,LOW
24.931139368276583,73.36219860132451,328.3541592763545,60.36030474687621,HIGH
25.111728418198126,42.08184409694256,32.72788174673274,17.636560911784244,LOW
22.58354733980976,56.995355738653,147.96457691149007,41.88950695394702,MODERATE
23.26008736659663,47.01136939317698,63.591322581984876,10.920150859615992,LOW
27.493848884686567,52.084619240647264,174.980327903067,27.12082077768358,MODERATE
33.05666974925928,76.10209670622842,249.51066096983772,98.66276786136753,HIGH
32.178447285392856,79.8599174834443,444.2859322417108,106.43630451020027,CRITICAL
24.50526008500659,57.3944519850009,59.04194247828502,6.582025513655086,LOW
28.413973145188567,58.401661806587995,156.1942809575331,23.203971423433128,MODERATE
36.810971970064834,65.2338025751623,361.47722244148576,77.12758395018821,HIGH
24.94528818113709,45.81961845463727,75.1632221936334,8.265660002642907,LOW
26.661432893239812,49.917062734313056,59.442762154709534,10.80166237639292,LOW
25.448893219579748,49.50038629877119,66.1098858975532,6.701821442248498,LOW
24.92233352954702,49.9887565170544,72.6348520322671,7.299133134595721,LOW
21.651442671227482,36.651427922371035,61.46662740587579,15.43262545880912,LOW
27.816270857747387,44.015376172962824,60.561909746644126,6.035972435923406,LOW
23.43018529914177,44.18263901001129,114.8120614833528,30.68220071972838,MODERATE
33.00050873055144,78.68883512752195,334.81608951131903,106.62072117504874,CRITICAL
29.803678473238705,58.61596934827337,148.43453189422252,25.010088828183623,MODERATE
27.306926455846636,46.63839721528154,58.076126334163284,12.254771071189055,LOW
31.6773788520369,63.02626276214882,261.3278010666383,78.94400364275185,HIGH
28.43580521024477,51.66272909449113,92.84362608507791,22.20312462038068,MODERATE
31.30443768751117,70.92003564410757,316.3608205545226,43.34599051481891,HIGH
29.185631920268317,56.53245834652444,165.0732445562017,14.539833548215485,MODERATE
40.46418800952847,72.48262510072706,542.2707153104709,79.43155176836665,CRITICAL
25.167883161046067,61.03705188063851,141.1385275352458,30.925425183242222,MODERATE
25.15994021568039,60.607744764123545,142.02378759835446,31.424399469709495,MODERATE
23.325329451152783,52.58125193010986,72.50418936813662,13.546182457374897,LOW
32.02882350867321,57.01907101598138,130.19699753374869,36.84112700086089,MODERATE
25.259182449534904,42.58239667521996,65.06649909725827,15.573299443998916,LOW
29.088949853231238,69.34112658777438,382.8604062857426,89.91353176238503,CRITICAL
32.67173258335338,48.865986708933235,125.88155071370961,14.466332359516144,MODERATE
23.81827029422141,42.894518369502606,54.635975655950105,12.351217569067826,LOW
27.044395749263025,63.37617653117975,346.10906877953755,110.50635682821175,CRITICAL
26.9316112597403,35.190633496392486,71.16486166054655,7.5397152311823135,LOW
26.767108261302475,55.21137247280694,74.4439167644395,11.527552785900777,LOW
25.202037567524485,49.39926439129647,168.52726974186007,42.48322239334905,MODERATE
24.832953570051117,44.61547616400263,157.3407500518055,39.83413984813215,MODERATE
26.75687748051379,47.492439677970594,61.62339547193828,15.129009048059011,LOW
23.11831014692929,55.26508848220368,40.657100584353216,9.8621674688089,LOW
24.165397110649643,51.89650503971832,87.46220703915411,11.918657281116676,LOW
24.213973606608544,53.89722535696495,222.15573539781082,45.54344336937118,MODERATE
23.974475182982406,45.81644775914035,67.49746268551327,15.09617064683668,LOW
24.07483235119015,51.731914779782414,71.66752949591134,9.91547688795494,LOW
26.0369472400781,48.631162273312086,67.0126061420402,6.074936379941553,LOW
27.457415647346586,47.01037097161986,110.93038860586799,35.41977920371121,MODERATE
29.610969530060054,68.70100129064235,310.0422854141955,66.9589530939569,HIGH
29.884067847501885,60.863419173438345,167.03040120148077,23.3301449857762,MODERATE
27.229571731217316,61.5069978863012,181.21118642885696,34.67505467279954,MODERATE
28.587377800017457,64.86506536002626,279.66772039187384,80.50213410478153,HIGH
23.20670144675135,57.3299466016366,87.92200025496383,6.468878235343641,LOW
30.636569764381886,64.90306428087979,396.1267706304724,98.59513004360305,CRITICAL
28.859269011592882,55.74531322800147,168.44182063156106,26.785273099518005,MODERATE
24.157933676956468,36.6700195533854,68.6941837564392,10.384221473945141,LOW
25.72547361471173,52.19775478658034,142.6524457672551,44.07166496505658,MODERATE
22.82188394996567,68.90539517459098,322.97281158291355,61.97492510782548,HIGH
35.96250306613824,54.02526407852732,286.01928488012464,92.39446047958279,HIGH
26.65430297663536,51.86121906734134,181.5567822023901,39.52996757757033,MODERATE
24.064418593820363,34.68511292687215,85.61404538060286,8.587334738572423,LOW
33.91479940785869,66.5807974038583,325.17288776851717,73.44774190351666,HIGH
31.9313281854107,56.017818027388714,273.2958941725289,80.17665869902483,HIGH
24.854171763905633,48.84262998834651,154.60141790718157,41.22023082216852,MODERATE
24.46911226042085,70.1890000011271,260.1059475435999,72.13135293466463,HIGH
28.418630331283794,64.42822726686167,260.1338454831304,69.30800927510886,HIGH
23.625690436585963,60.12457293233766,183.2651850409929,34.640462343331876,MODERATE
32.0397202599341,68.85759690140031,468.97172113627363,88.49902283716972,CRITICAL
28.910709472372407,63.664088870736265,181.8945923696425,34.34124465825,MODERATE
32.83038512757072,65.92378713625887,263.2035817551882,84.07113946828312,HIGH
22.941102166100517,51.744337007561796,52.70833157499952,7.682027117509229,LOW
24.539471935762975,49.85927461592135,168.6314256694636,21.847421557184187,MODERATE
27.909689401684464,50.56234095484995,149.5119924637131,40.25932780612985,MODERATE
27.019242230845684,44.591118773807956,78.12521666441717,7.810291071651413,LOW
28.20109599213863,58.48640714198885,269.890010666988,46.40052323610931,HIGH
26.091720053416356,56.64205951781863,110.60427046423467,35.61385848520873,MODERATE
26.973066198511866,56.423439177209346,60.7637579024965,8.590688586653604,LOW
23.52356046167481,34.557377105350156,74.74739124700766,9.06239248169742,LOW
29.475153204233205,63.30671877999711,280.53246332067556,65.33382996188536,HIGH
21.422919021735197,44.08713496259935,44.17865083361276,15.024673004973419,LOW
23.31234032497121,51.298172192168266,83.84594680398968,15.890494151521791,LOW
24.965828205376088,46.620701668030165,59.07792938015914,10.266272444396089,LOW
34.115767681133846,72.17530581324802,289.3111389317106,96.78827089782949,HIGH
20.768077166151155,43.40853591087841,61.03927940740203,15.212736390871424,LOW
24.98246014805815,36.136534353725565,79.46552225275255,10.273277657823646,LOW
37.39495727226988,73.55925663688085,233.20711546557146,63.468515154815655,HIGH
32.93645035962369,61.46074191198938,94.58855589138363,40.65720217584047,MODERATE
26.64703586836003,40.66398908667048,68.7989318321346,7.4388694943293725,LOW
32.86658990832387,54.44881261329718,386.7588115335807,50.61889945903144,HIGH
28.87540130378587,64.043587956358,140.28891700253257,21.428246260631177,MODERATE
27.909941287003036,67.46543704158942,276.85062459625686,70.96165652467442,HIGH
29.472936864981005,52.13039186091409,127.8538578337673,31.250352546940455,MODERATE
27.758856043078673,50.0180094128164,169.2665186835739,20.57301376911375,MODERATE
26.258082666532694,38.21211024586307,78.90437482186758,4.363602507553541,LOW
21.012275479947817,45.70083700347322,73.1327235079727,15.170376415556298,LOW
33.588095754766776,58.345732385137445,242.1773409718043,76.02909250127351,HIGH
23.906577360269,64.05799537572375,92.38987595132224,33.11940075148259,MODERATE
23.59162051032605,45.187626784198166,44.63285662965424,11.784312406221588,LOW
33.80593444700992,77.72312317329701,285.7112610718659,53.537942875461574,HIGH
41.79300727263929,89.13335691571069,468.8054385765729,106.19707804253154,CRITICAL
34.91339614317896,60.056344183044196,281.34078860103835,49.51270248306244,HIGH
35.63282063950736,73.62838230739527,286.07530606344784,27.29473636674171,HIGH
27.307217894598317,53.488606062227255,150.9831774386493,31.94071936994457,MODERATE
30.977407150566403,63.80445290266525,248.35587995569526,90.8487272682801,HIGH
24.237372361864935,79.26612688068789,241.91758069716525,77.59871688801653,HIGH
25.13855627118567,44.711115840028775,78.00595507164621,9.145183046781424,LOW
36.028079407584855,71.5575744167968,313.89549306306395,92.96998540712968,CRITICAL
20.357254214919084,46.446298938125594,55.62787149120166,17.34567958072496,LOW
27.303910308840646,59.80338378702091,144.621159910656,23.85957556456289,MODERATE
26.07151126841301,52.813882495728414,177.9213703966351,33.22359666618364,MODERATE
27.990888548498766,61.71916279707443,189.12779101721915,27.706294118429042,MODERATE
27.111435113279683,46.97555225892232,362.18822652754255,60.332981836731186,HIGH
23.324352612310978,46.1005940048134,128.6116832530377,35.14318183857404,MODERATE
23.328419100197245,40.53293352759889,80.984185607586,13.474120036336252,LOW
29.052348796171103,53.283340985446884,139.8735226387182,29.60231380241082,MODERATE
22.21560097021201,48.014367705303954,104.96077751640402,10.732484721420827,LOW
26.747496988218455,58.34748163168247,101.6878840528151,43.608674449745486,MODERATE
28.82292056555331,41.13290477101792,60.567850142172574,7.770607200672918,LOW
31.184052590465086,66.82906844787937,233.72553022652323,58.258390915921694,HIGH
29.398625923007295,43.85204372120685,273.22163266681014,98.76087554646658,HIGH
25.247562582168634,54.645787560267905,170.39578109978896,15.949985776718886,MODERATE
24.796693750659493,54.56691944286538,52.09218272986643,16.268069490390268,LOW
21.457949352997225,81.69429756224929,449.7219418655918,119.72368566935829,CRITICAL
27.57525016328427,53.18829371785704,143.37934868009322,26.316788786632333,MODERATE
21.56689572822273,46.49984437147114,145.0973610562223,12.07306415457867,MODERATE
23.33143565307654,44.23001450216992,54.35960369943922,0.4803706745876628,LOW
21.12753866424399,40.09103357714903,37.28817627360863,15.196123452198037,LOW
29.58027063655441,60.650752832522095,288.0816955335003,47.54823978286114,HIGH
25.354065487794994,58.637474273627134,164.57167534459958,25.25110705312403,MODERATE
23.50634952311428,36.30316170366507,61.41542434608067,8.97371253248005,LOW
23.113313158471627,63.30752425322561,136.3895311521542,48.826806910254746,MODERATE
28.054768085054416,55.27448536066255,160.24715189550525,38.741498664491836,MODERATE
25.700176863531933,71.84397919690953,302.3712738365349,65.50249078955397,HIGH
42.01106727343574,83.14136642900218,390.10563067492717,81.15033738082136,CRITICAL
35.0786006756523,48.77073790762741,328.88326286799395,61.43188247707181,HIGH
24.938792310459938,50.456319920843164,53.675724165586146,5.770581473587441,LOW
32.325452054744396,85.4352508567653,336.78223211469543,113.32010095307507,CRITICAL
25.746832013017812,53.95790035940446,45.354665190562784,12.083099087540438,LOW
26.86625514858213,60.3733233475136,298.4197272672788,88.47614948203089,HIGH
23.290217341848823,46.83320675155698,76.97409837522888,13.061530753902506,LOW
24.152210075910443,44.33891446982707,56.24926896883552,8.634358292695673,LOW
29.782557755275423,55.91665871678928,318.81611273714594,72.22760827476432,HIGH
24.7390360405386,42.498239107764356,48.72416315951319,10.189464269398119,LOW
23.510578791619643,36.17845518877613,46.697814373953946,10.072100063247547,LOW
21.02835247657662,46.590500703730015,63.98015154463839,8.193694018824052,LOW
24.791028775866142,55.98564412355732,183.8045598824334,39.58227591592775,MODERATE
26.439065457993287,39.645431383774344,153.27552933063512,34.781183361049116,MODERATE
20.427085225351018,38.47164046811625,62.5944624337613,3.5264465341015043,LOW
32.869007635211396,54.74969820837553,285.9663416521812,48.02904690978927,HIGH
24.413292184920383,41.15961582619781,37.713455154600226,11.556598774120994,LOW
24.685488272394423,51.92248733749662,127.4357789787543,42.44394056841717,MODERATE
34.85677966840068,61.98241529242299,276.7773196060191,60.23111490395951,HIGH
22.540402490120453,51.350298819526074,79.78194677029389,6.066363840893024,LOW
29.93051841930064,65.41306792049141,348.6317903807924,55.563521648723636,HIGH
32.37137553685691,63.44777488439295,296.53316053879706,68.47776692643644,HIGH
22.786552312760627,38.728485690245535,55.02086211320352,15.380141184272865,LOW
21.134821844999458,43.359793877524076,64.20524749654747,12.976353921224845,LOW
27.287704528707312,64.54925676980467,305.60633519641345,68.28785081286476,HIGH
36.26385641044094,64.20947568085182,288.7169623030907,55.73245637588967,HIGH
25.143693785102148,46.88798057496341,39.270213180384296,14.376120906473066,LOW
34.0448001926176,65.29623486152123,276.6312476264514,62.45069965554017,HIGH
29.372661196233377,55.510041252612695,263.2034725339663,57.53622206332144,HIGH
26.93202280415082,60.50967321573825,288.57354239074886,82.7560999648872,HIGH
31.857052051846647,57.42055030551476,143.89141559765906,36.84445222537756,MODERATE
25.870344927267126,72.81010875665064,289.4755071688248,78.49605336022296,HIGH
30.85435141232331,59.6925121404903,149.06638855453056,31.658783334336615,MODERATE
28.42980349051063,61.91988358892146,294.90050563503286,59.04812517484867,HIGH
24.5897775290778,50.016205043563744,79.23362332062831,12.12924225415404,LOW
29.962527209699793,55.55759072169451,86.43249953004342,39.27824973340038,MODERATE
27.607369353566796,56.17274037347052,391.8060069438685,71.1676676088204,HIGH
24.949750702654782,54.99492516945367,166.27211333119018,32.2343387034572,MODERATE
24.63429308735652,41.33287314225423,78.844470372855,10.225186409139072,LOW
33.066862378771006,68.06595975828019,258.631043522387,75.22128875910573,HIGH
34.60546659522852,70.68110825724942,270.3723903818995,41.33258220177345,HIGH
28.025412675299027,55.35837859298306,59.673767932342116,35.4306396668324,MODERATE
29.057168434632757,66.9047930761145,142.41607257128246,33.507872259856924,MODERATE
28.576750739560207,55.724115732584835,134.49059066495576,22.76046225746323,MODERATE
24.877105969446223,49.98308951166176,67.183132250802,13.903072456197897,LOW
24.166362888939275,48.032916687752035,83.26805272417077,20.692304398002282,LOW
25.016697779543247,46.630498393092054,122.85555799141895,23.8070444452853,MODERATE
24.97303496382051,60.01718490936699,152.2619921756439,27.931003197568877,MODERATE
39.20163991834119,79.60631961828356,419.28875954681,60.94961575239086,CRITICAL
36.734873540097375,74.74289360429276,430.55659374936874,118.70892323136408,CRITICAL
25.29935006598413,39.938705458288005,37.99010838474555,11.909442729093179,LOW
32.556921387482824,66.05268942977328,265.41815778850156,67.95380410106026,HIGH
24.878594895244703,60.64283733977203,43.42553186096191,22.903972496591695,LOW
24.771337452821207,37.830944514431806,65.51238799315192,13.928491299415004,LOW
25.946160857930423,42.45790673158638,23.102445462202468,12.506836530157013,LOW
25.561158114359976,52.126069272906676,162.1974520553585,23.483736822576425,MODERATE
26.37727403791391,57.36042086767833,85.28147767972074,10.646981731866415,LOW
23.199502945709714,42.206139140304245,75.69657237228819,8.769959766702911,LOW
22.07498098518837,53.22187589583312,54.19578005429536,14.351916682659843,LOW
24.72986852211381,64.29622246950508,131.2197745594343,17.45679799702642,MODERATE
25.71341736199654,49.56372325951114,46.274980506606276,7.473125195204151,LOW
40.26368218077095,74.38080414475407,450.4831128490254,122.46866133095978,CRITICAL
23.532852056398603,50.31893614215339,134.80579997655704,36.620193189717966,MODERATE
27.936737516173192,55.85290067222334,150.05211377672046,30.859172595090914,MODERATE
22.058828702121883,44.10926285441457,38.12500057560878,10.906227712526578,LOW
34.20772939770369,64.96141423560483,260.0272389968647,61.54605932698188,HIGH
26.289758167183848,59.979871195075276,281.62036198000305,56.090029747879065,HIGH
34.77405824755634,77.30386412367311,426.48054744030566,102.93909214205367,CRITICAL
31.52827728758092,50.89272931284743,249.76175582665707,71.84887400431718,HIGH
28.698832250563676,42.43047612957566,44.42775665603804,12.089134203440754,LOW
35.59823437828272,56.719366358064946,273.6770865641965,76.90514196403593,HIGH
37.36744769538284,70.96126274391791,452.06308698490307,123.58701609753986,CRITICAL
40.320943596442206,83.92763562568203,379.1921175257571,123.49819656718896,CRITICAL
25.702305305547405,54.455838326644084,59.81168797674289,11.326085263291631,LOW
39.463290786297506,84.1762777583117,494.58188676315996,86.26639185660942,CRITICAL
26.03749859287591,41.094500323562585,79.007359685353,11.852162844131874,LOW
32.753442461409705,58.86234509257335,204.58306384247993,70.131745857933,HIGH
35.21144071309272,66.4537529683239,315.0333697031659,72.1233311247021,HIGH
24.340777964879265,56.38975641078878,145.77792290783407,35.229467070710164,MODERATE
22.771924268028336,42.97239876048891,89.67304875370021,3.2225955271548647,LOW
34.72433889019905,69.6306972200191,368.6953713084098,78.13921905905312,HIGH
25.599811324746334,57.81867213026654,170.4504576056428,30.02800339488222,MODERATE
23.387332001980663,56.29784819766681,105.59051376655287,26.227658484339873,MODERATE
25.66603705924249,51.92428025502713,61.421065084723914,17.325836127439196,LOW
28.43935714544163,54.207499473614476,139.51805643350255,34.49992859487991,MODERATE
32.64469060497235,69.97962891066277,269.6689338485435,80.34100141872185,HIGH
27.064015645935974,48.15732779772943,141.8814979502122,47.2655876478033,MODERATE
24.875424720748203,42.2730530865326,20.149772972713045,12.235881693147366,LOW
36.27616486536536,83.90747066314684,432.9029111303449,111.56597691808992,CRITICAL
25.413650721715918,43.86189591725837,24.028285068590435,13.30897771484772,LOW
35.44336736667542,82.36658401924979,314.8090546432491,72.19560964875956,HIGH
28.33901455995435,51.62424455084119,258.53460361730083,82.88141848294222,HIGH
28.396831762977357,59.01308111900839,157.32795412325748,19.778941158652472,MODERATE
29.73533960875593,78.622889537645,331.1595308320846,59.59189693720252,HIGH
28.031134227875583,43.29854427990499,147.650841515809,43.082223423698174,MODERATE
26.795280284592806,45.48107577565338,113.96601100394561,23.3260820487684,MODERATE
22.763451830595095,55.429699707006186,59.35069381201632,13.142086803648414,LOW
30.566254140512754,67.5163882881665,462.12003001034753,92.3143398897291,CRITICAL
36.031967263112946,53.356936900714146,263.9379626720436,62.22420078204682,HIGH
29.176077980003345,61.063033482013125,279.3137173317184,67.308387222872,HIGH
34.89952532475999,85.06357452570876,387.450995778845,80.97274324776761,CRITICAL
31.437222936447878,58.237448582003935,175.81400109434273,41.681868684980316,MODERATE
33.25907801750149,75.95023493905168,244.93388958376346,62.05802600852712,HIGH
33.569166826907725,69.08560246957097,320.2160879946577,46.30051996104903,HIGH
21.975404241043908,47.511649918254996,53.35861083161502,10.38155395652168,LOW
20.747188145028733,50.30985862292413,28.280464131517057,7.0894130429147495,LOW
22.240517659586207,46.21115137691846,82.23041329085076,3.7560200442652016,LOW
28.00382282822948,69.55129176875309,423.9540637748121,120.34155134305132,CRITICAL
32.651655459773565,57.21887992742389,225.27141502628956,65.94482773128446,HIGH
30.69863579460112,56.2549548434232,275.45585494857124,54.84750053100376,HIGH
34.22607349390779,73.0916959270782,279.11131759089943,80.71724958387131,HIGH
32.34859899727437,47.81392545821315,89.09642428948295,40.92349127595761,MODERATE
24.233477765010434,38.81515171845433,102.54486133212819,17.287270680230254,LOW
31.265073211823047,72.84559383800287,277.6126571353589,80.7108188495084,HIGH
31.75411324721075,51.77389380725659,139.5812728702407,26.267768202465167,MODERATE
25.835412471222433,58.41078898444872,135.57039049795947,36.326308169472256,MODERATE
35.310188575180185,94.96495591292863,482.0141138579435,147.764730235498,CRITICAL
22.015622399150192,50.05703943017497,131.87589929498202,22.37579640990365,MODERATE
30.07394022213677,41.979865867649124,177.86637851520925,47.4843997557588,MODERATE
28.1627114734021,52.209573960936915,174.81227840324334,20.444713707958933,MODERATE
26.242360527463827,44.70677682103281,30.684701620391944,14.966613668202637,LOW
24.157468286428436,48.49586578115405,62.15730572823283,20.14974856866767,LOW
23.595299758505973,48.61597742758758,63.779003314932424,10.177477650421084,LOW
25.69773907376367,56.49031164540934,134.83526585532326,14.8304299374055,MODERATE
29.30365651769618,66.13109629866236,245.78099215692419,54.776693729452816,HIGH
33.8448908736205,74.51777277915335,281.1670554054523,57.486791778624315,HIGH
29.38629355251548,50.264100515884934,116.48217982693322,30.234107372033694,MODERATE
26.445837401842383,53.95423519516295,295.14444277455067,55.82032130228413,HIGH
24.293062612953452,51.2852517978174,45.021388488301014,10.930871310020043,LOW
25.121347542290444,62.89042278945286,100.01166925256058,23.33647202416288,MODERATE
28.792375080027384,63.7633275564758,317.41753235618046,62.82593527856454,HIGH
22.352331611445976,46.50074948214156,159.30617851535607,37.051638089470984,MODERATE
26.42202904564923,39.30049560552507,52.97026886154856,8.77541768087733,LOW
35.53463650720381,58.81410489668084,472.3409867892457,141.91855153255773,CRITICAL
22.20583534990757,50.18554448810647,95.3567634609164,13.394927015811675,LOW
29.264045446117244,57.82945171443912,121.36109029682314,40.31054276759437,MODERATE
30.944875777697796,47.569666949202876,161.96333233095075,22.839241986093242,MODERATE
31.431676350764675,45.015075878595106,108.92996514862443,37.64379741230052,MODERATE
26.3425264523051,40.15629135022301,60.921430670088924,12.75251527966103,LOW
21.63375801401333,74.75818779353263,156.36973445707545,19.27666331570786,MODERATE
24.858290086879,50.963541447491785,76.68860821905997,9.144621818413908,LOW
28.384089095411742,43.503087619691954,186.45733809556742,24.137936275879852,MODERATE
22.687662376312275,42.04778602726065,45.582543301304206,12.864326107842807,LOW
29.305596264573445,50.833667488903366,143.05745242483934,30.28451951967394,MODERATE
24.22738699634065,59.9266535451095,141.85982382171795,34.35120589844407,MODERATE
25.172907800849796,42.531949512119105,45.78723438226131,11.707432937755677,LOW
26.91757289949222,45.40594021327028,35.27463699969304,7.6581361863305935,LOW
30.218756341144925,60.414784150010384,148.1687011199009,32.32058962720242,MODERATE
25.720804101369435,48.11898985694197,72.59956267600674,9.232616079281813,LOW
32.99518925507262,77.4107227897136,329.77046975200466,87.14322185432215,HIGH
28.090026722968737,57.95050272316419,342.0806430481177,38.93279069381629,HIGH
28.637095991379056,80.38711974684847,276.8229193743532,75.11599151158896,HIGH
26.00955659683304,52.571468838268,129.15482402777823,21.98573384640784,MODERATE
25.335477412924185,46.24820125107441,143.6855667546609,33.598292555453945,MODERATE
26.512650585820175,64.84553132195646,107.41406576452744,45.45333803149287,MODERATE
27.6027123035776,63.95414215987567,197.53020643168503,33.75856562890817,MODERATE
24.65156618168863,50.975753070119794,206.67769630393363,26.934835951338126,MODERATE
21.912485545337564,38.06193661854498,60.47506003291756,8.701022627819603,LOW
26.56279054616053,64.41210181621852,349.7171574985064,53.05746800401206,HIGH
21.142546449880207,67.77889324122046,314.92851399831324,129.72407444552638,CRITICAL
23.897000189607084,57.024940058418366,186.05128287872964,40.857533516525976,MODERATE
24.37343146100209,57.81168026829666,314.47650677159095,94.38451843401734,HIGH
29.179534642862464,84.19489190079207,298.2579694601783,47.81124791746541,HIGH
33.99978294004805,64.43700652541216,315.746226355235,42.529896862053135,HIGH
32.060575823425296,72.46025949769269,438.3671851479423,117.73520489659288,CRITICAL
32.045772827468156,72.17409900804863,380.9139616347103,126.58776688212681,CRITICAL
25.657033442409958,69.46022082542426,128.73303010260247,38.23934307370902,MODERATE
26.915260618869922,69.62105832960724,157.3729281435077,76.5389729788698,HIGH
25.134939227992962,49.52993200782385,80.16249263201317,13.560861400270708,LOW
23.2390469776871,44.553664019984424,39.911972736891514,9.153248202082858,LOW
22.423563012327836,34.55284069144885,37.01514988312353,0.0,LOW
24.7209972965994,28.90460257214166,64.26086603708309,9.510103355566555,LOW
29.70638437725585,73.40643332173866,236.161492267143,66.10391506052407,HIGH
22.355585387150466,51.04962603354751,67.26913700614092,8.992356246578174,LOW
26.0251568743703,34.88303468587299,52.99516671960769,19.866570431109544,LOW
24.132667585663157,52.38596025975776,71.74178857869234,13.185877382883142,LOW
27.07617817996877,49.45379925084117,163.04292577468638,26.777786983262054,MODERATE
35.447415661409764,61.95203206738526,356.77586810829837,68.59472877608324,HIGH
21.547314828273123,69.83899009556899,149.82091334236685,11.833761643967218,MODERATE
34.7992327518516,66.61807093110205,471.2150878161551,54.02535205929694,CRITICAL
26.101792821992564,60.96531562977551,217.2075463419452,28.04184949534145,MODERATE
35.245164884379456,55.033157655257604,164.04597168069864,20.101188019955707,MODERATE
22.5740473102287,46.61142777108033,64.32424416815635,10.341353288060535,LOW
24.482652490013223,55.54408485126179,101.0568115664337,9.299428504302899,LOW
31.764942290290392,99.17522045735082,427.0859194063251,127.30085139141042,CRITICAL
33.62520509604812,53.26609805342295,116.78795072921201,44.87561401349642,MODERATE
28.368849306963753,65.74634838489756,165.39991456644796,42.55920552511768,MODERATE
38.60779529880753,79.73752192900038,402.1093945733375,100.89219113325015,CRITICAL
36.06194838126533,70.89777834241342,443.97447602571174,113.03803133345308,CRITICAL
24.445037339474442,41.60304946532817,54.92442537881295,3.3175646959487475,LOW
24.042566309636562,55.69896701548193,128.56532632759613,13.594617612409099,MODERATE
30.30571187996296,76.5764628934696,256.28546356440916,88.7736299403155,HIGH
27.52809472756666,47.35397406246722,228.02229565883567,28.005908202092165,MODERATE
24.90115485263768,44.84690623928811,69.3189575624944,15.436691754661013,LOW
31.487364619836786,69.1545835038268,366.1767408489753,59.16465477689368,HIGH
30.613996117418914,65.80088843004988,371.5296199994675,88.06186036967995,CRITICAL
24.494835857787596,46.4200303527532,46.85499755654661,13.975600271179221,LOW
31.743925912372433,60.92732728312701,139.51404724233686,40.443906429059965,MODERATE
25.5959572377611,49.322578408184015,57.76224300096466,10.41308152172242,LOW
22.29410742351694,32.13183133226601,47.51150005019372,10.796662625865544,LOW
25.59197997689661,43.32232143007057,47.75682059123473,9.280503234828462,LOW
19.76946074530019,35.729132250151515,84.74534444690671,17.429139621753958,LOW
26.825542124249644,45.24913739144972,145.16603923425393,34.89471398138969,MODERATE
29.066433002445002,63.46697647383886,208.28856792633644,26.75982118607908,MODERATE
19.960124903265164,40.33013132666882,63.60000456146554,12.196103690473661,LOW
29.512702180760062,82.6206833120397,255.54148407573356,50.72876457077388,HIGH
29.5474580734788,62.663020552233924,155.87613712726596,18.99210647337675,MODERATE
20.97262481057764,46.45384239356842,71.76125280804737,14.30167875033153,LOW
25.496179288771827,39.57692675798118,77.3993662344192,12.698311744319671,LOW
25.060725287153385,51.53832726036357,61.41562663526969,6.709949484437631,LOW
32.65735224065201,58.35984439507384,234.65602275273903,72.30271278598353,HIGH
37.44927204322969,70.32581297882503,225.59132345607773,93.55696953655033,HIGH
20.984186634994654,47.78796991412012,135.25324737285186,36.70478553729165,MODERATE
23.76177516782713,49.68629313273283,8.985976520835955,12.987033677153455,LOW
24.460042390355152,46.92698912169632,124.1311933252642,8.623216926010148,MODERATE
27.658788767258905,46.46464241894822,179.16148747675282,30.82053744524291,MODERATE
25.79401001134705,60.20130763615675,188.71682057567654,26.739850860231908,MODERATE
25.54405491565614,47.50722365904916,90.18697549391722,7.094041309197419,LOW
38.811323563653254,68.00736561273747,459.87619046075724,99.55027470500944,CRITICAL
41.65259050697816,91.28555232654678,401.9218901556131,77.65183859920785,CRITICAL
28.412191613239358,57.94505662929046,153.1500302878672,23.597458170392724,MODERATE
37.71088016975122,70.97195675519252,443.81409405383533,105.2673115431366,CRITICAL
35.86339192841845,69.75226342049564,294.87914541548497,72.77029709133153,HIGH
23.01364079589277,35.836196757438955,62.24435195624372,11.303648817734926,LOW
26.357178306671923,36.01588671478591,45.6134824973361,11.65739199791733,LOW
21.36913853423098,52.179179207875826,87.77799820473145,11.702348029108528,LOW
27.479175736165516,57.382397961412444,141.84473050895983,40.77795702464882,MODERATE
33.313627062169466,60.48182050173475,158.28240389886116,37.36341907200336,MODERATE
33.69715605233135,64.39331986652935,250.30358797341825,49.290497278293024,HIGH
31.522700140892457,61.8986428950488,264.96421570213033,79.40400548066962,HIGH
27.790207296491804,41.56140101076484,42.52287907642871,4.9694545025976495,LOW
30.454458167490195,50.83923572618895,118.08051893619319,42.242209776486646,MODERATE
26.020440355733385,41.57411183806293,67.14771642798338,14.3076868892825,LOW
26.114231811632916,64.77268082849884,158.67304154788945,59.46007604785768,MODERATE
25.840219080291057,72.9540845434698,278.57119752705233,76.09653153438582,HIGH
35.21653099685591,79.11585733004549,390.0959035956732,109.63659411686524,CRITICAL
32.184468574444956,76.56358419496432,224.3089915966906,46.82865318375019,HIGH
27.05308657181162,71.72480782780073,282.4906818675895,59.15049280041414,HIGH
33.78444342525108,67.23772502633496,183.13000666552978,74.97155202961468,HIGH
23.557236101540184,45.04400441057712,94.15099178204943,8.987031768203144,LOW
26.93928741664704,49.35439328998932,73.73356448888987,15.95367201411673,LOW
28.324797808451397,53.872081978066255,317.9111159584771,61.32545756470109,HIGH
21.756661214202346,48.50337969472595,67.23836112859455,9.378007653408522,LOW
39.83660011522581,77.30134057416815,481.48140515859325,62.93974954240869,CRITICAL
28.84930357400076,65.28917829619722,322.44447544512536,70.17926312675277,HIGH
24.025560870059472,35.641408933759735,43.68177503133724,14.485150178166723,LOW
30.421257134309773,60.78459654836362,176.37615331102796,32.66331511837213,MODERATE
26.546543819543682,59.48270130410689,86.23157627192217,39.95021114102246,MODERATE
23.82743168159585,44.534024762730766,59.283013558274604,4.7454332637672545,LOW
28.783093896003002,40.68883942022733,110.97642727163077,37.166922850366376,MODERATE
24.597482470581554,40.90711142836596,72.88102698468123,5.188397236576878,LOW
27.08052118930421,63.70398445742758,233.6324107432593,75.58135205134354,HIGH
22.858848839498517,51.541795298836476,42.786323578758314,9.858862126127661,LOW
33.22711530413345,70.14753964473077,338.5880442764215,66.16178228008212,HIGH
29.707394590797147,77.52207764274311,265.37524109935373,38.15449308159293,HIGH
28.57217811703453,49.909607150319125,142.5975268472342,23.22163250301216,MODERATE
24.113198899934353,38.00534901878353,59.82821111000018,7.067902510531308,LOW
25.787395466416818,44.266323936437416,61.459154782703195,14.055104911751917,LOW
25.516785048926977,53.864316777212075,51.16412281471267,16.5845804036772,LOW
27.745676407142785,51.892615986744914,157.08334614261446,28.04399283297758,MODERATE
25.06455039065403,38.85885420404617,53.906017380249374,8.698393224771069,LOW
32.9754160693466,63.173295676553685,338.4479489542476,61.574857959774256,HIGH
22.190714570304944,45.23417523617576,60.80420817970233,12.967066940933993,LOW
33.28175308666368,58.19352084884526,120.39489046331764,21.428189256275047,MODERATE
21.963343770865958,48.56906630724394,76.12150281011553,13.67896870470933,LOW
25.84294234989506,46.935535430099115,49.05832090713758,9.36239541667048,LOW
22.654297804351216,46.811156714537994,86.02083507370838,13.856224521424227,LOW
27.702427826043532,51.23355943394287,134.7031077829901,17.702429635972685,MODERATE
25.364996863193507,44.5749390859017,44.20816448758366,10.264513902111394,LOW
29.693944962708404,54.79367945251584,211.42291205239147,51.58973591911892,MODERATE
26.262345695489092,59.85331909469132,122.61070898587951,36.793073867669726,MODERATE
32.11491546846076,60.396497244808046,244.55334893741792,37.203483477182715,HIGH
25.882892886093824,49.040154037554615,66.26987071583063,0.7830890369008277,LOW
23.487838092728932,38.51192188495183,29.51660481115707,6.090548602805427,LOW
24.0987979630398,50.44513700362632,97.13723461607367,12.74304608039198,LOW
36.40097953618506,52.34450857654479,186.4520605622393,52.58587225629427,HIGH
24.337120504044155,38.23005776678043,46.91229836289208,5.034065998036188,LOW
27.102115549502567,44.13939018749811,91.85247758974046,6.439942486018157,LOW
24.454165320633123,50.27808943799392,64.58187308665248,13.940333573089887,LOW
23.726184330254867,60.12900335099174,146.9070290777298,23.78624336672405,MODERATE
25.843117095614446,42.09860901414798,53.68983147053966,4.451518794728012,LOW
34.030766811835896,82.12849033932793,388.4703868076273,133.55587327760315,CRITICAL
26.39697202462944,52.97635802623994,179.44777721393058,22.328715437570608,MODERATE
25.357884141640774,51.06902373160826,151.05463033434998,29.093413673743388,MODERATE
26.967677399400408,58.88504021487636,155.18265439685004,41.23007200167569,MODERATE
29.604966754108414,62.60342885145992,313.52673644994195,60.57596021397237,HIGH
28.675828811073607,39.126284023800515,87.57006839499056,8.031173486758068,LOW
33.058137565677264,69.8026212745241,273.2066583777496,61.492954229475615,HIGH
31.018828124489428,63.52870842988782,288.59582139004397,45.25082857846841,HIGH
30.78795895679325,61.608339742783826,150.69005329220016,50.499344817799866,MODERATE
26.739983871544087,44.846395021208984,137.8909406517217,44.30251303493585,MODERATE
20.94433761368795,50.23199329976783,67.00578435975802,13.322584264101266,LOW
21.98575227079529,43.89826018138667,69.98720975492196,9.710692239693152,LOW
25.389545136472286,57.975675702517016,149.90958186119207,24.353008670481003,MODERATE
23.2266157081105,48.702986807271174,75.71682440218099,12.006151166208163,LOW
22.07045849247461,41.180538801358345,45.66634720204628,7.82861210002008,LOW
29.095963315616636,52.033040691843595,167.7538097997494,32.630736419723846,MODERATE
34.444674107815096,59.70962954061274,282.374179176854,50.28795856730437,HIGH
29.55693990044998,66.1272856398189,424.5705308635517,98.95031641516144,CRITICAL
23.401673763616266,55.63645575035247,39.53075732165167,5.023626721070386,LOW
23.85621033071002,48.08862787552233,71.13457704993843,13.778553265479152,LOW
25.81103664027959,66.43422486466613,66.47374869160431,30.502072179553178,MODERATE
36.62105200713074,51.715470625158034,261.09380627067895,45.99345718443584,HIGH
26.38642292212073,60.831656303286856,186.17908764993302,25.745017539086078,MODERATE
26.40684390500407,58.89601645385763,184.63425742977674,28.446156485205986,MODERATE
21.573945424291306,48.93906310181421,78.6061189101927,13.72083682649248,LOW
23.58837800112263,46.813050781338085,67.97494392722507,10.463503797471576,LOW
21.40870797865982,43.55849499610098,29.620102199299854,12.484995240815579,LOW
41.045810097148774,73.21087726708666,294.911431351901,68.56853105943371,HIGH
27.391463081893534,56.93374273115716,91.05721986067334,31.57530872405599,MODERATE
36.26203983017846,63.94662592158012,245.5504590776714,68.75944914911952,HIGH
23.738798753753294,37.32606713522035,57.19164902143177,7.683232511063942,LOW
29.196459669573297,50.27839962527899,143.36302551001373,34.32963973553191,MODERATE
34.82755796159847,56.742065506391384,112.74308903172489,23.28557805538855,MODERATE
31.699894854603876,79.83280306397477,359.141979903458,98.37588487329543,CRITICAL
32.920911381790965,81.0433790652867,327.43663604043184,97.58769891752016,CRITICAL
36.1990838263692,65.68699685062172,533.8311284120116,72.21230211830316,CRITICAL
29.634831256812745,57.169028095710026,151.63299760535972,44.839669365252604,MODERATE
30.378199935181655,66.26215499027316,255.14199020111724,48.62997642905434,HIGH
27.748867208956128,43.7284509953047,163.6800595556899,32.265118824448,MODERATE
22.66695467824234,47.54267860446124,88.95986979325161,11.593582518621611,LOW
22.335607212720284,42.51436566254294,70.94430191194891,4.56662046140374,LOW
28.48026909959237,54.73026130026897,159.58116097314803,30.46255878227018,MODERATE
30.287572935017895,74.18717985631878,491.7478301866481,125.48761461854252,CRITICAL
25.90168668410909,51.92201327394114,136.81248392432565,32.30199538481752,MODERATE
44.051236939860964,67.53137231532597,455.81491908027596,115.84668806012107,CRITICAL
23.92197225284142,56.927611677912765,213.59639360625184,32.15237683614903,MODERATE
23.90878051112348,44.05640214810096,39.47686751204766,10.074041143573059,LOW
24.92219974624802,32.21072975783106,158.30643218286727,25.987579517656172,MODERATE
22.48139679327069,47.40151155418108,52.657693578123954,13.721782529681638,LOW
23.458735990251352,41.874804149941376,62.29875309665809,9.418427272791222,LOW
42.65641500823634,81.42902172669544,394.50832271596437,66.67233576254742,CRITICAL
22.824046359929284,44.6365607815389,21.05033128296573,8.11101343245179,LOW
23.61544944817233,43.582753913551244,60.94051499170922,16.08470951391623,LOW
22.177684088270148,34.63601687205808,50.799999170993466,4.3949963041352555,LOW
23.80778833873044,50.63678991003914,86.38254701610171,6.5397685307700275,LOW
26.663373603074287,46.1353054762626,69.38717886596208,14.131910285879005,LOW
24.820719106582075,53.37816891106796,58.771422445413904,12.077657593031404,LOW
26.0411033381482,40.795412172475714,29.708585914567642,12.6196991496806,LOW
27.642272017050868,75.11943947584324,323.48257980360285,60.204989768165845,HIGH
25.066480278482246,48.97502923538115,69.30260402754544,11.883413963588849,LOW
25.76859256869723,47.25686691270909,129.07809972939611,32.57187727953471,MODERATE
29.36947364726095,45.154981212409155,100.2232306590978,26.96235910068171,MODERATE
27.557962369463585,45.830863677220705,185.4069642777019,23.423517132483283,MODERATE
25.048603701023726,38.66860769993499,97.7054102763688,11.061809258470053,LOW
26.804363842880736,58.265873253558624,165.76261834417897,23.0802083850792,MODERATE
24.231401915500953,48.496442787923776,70.79440698715155,10.658167176695853,LOW
25.19522426854129,46.65958117894455,167.77803493141306,25.072183247088212,MODERATE
24.475487813954967,45.02360500936615,59.89899629888212,6.380152322750913,LOW
30.06151402771628,64.30879642034526,332.10858209796976,72.074454715064,HIGH
34.40434429764079,89.39493214062155,403.09396514211164,105.79762486353336,CRITICAL
31.645574463710275,62.01745505082392,246.54607469838436,64.85861481573497,HIGH
30.96270061992536,44.742521391034714,202.88352982489715,27.692727578208405,MODERATE
22.524929445582337,35.334963451047315,36.366968938478266,8.67617300117974,LOW
27.09357737093075,53.24835758538953,183.54069955594662,30.015886568489254,MODERATE
30.222054643674475,44.95176896000375,47.474787968407824,11.923839069734012,LOW
24.601966916561796,45.94147477361634,86.68015732784195,15.428988849102515,LOW
29.069516314330414,68.43362274516988,250.78449889081975,77.39226335353571,HIGH
35.01009311542341,65.31307826887944,117.63778506079873,25.84969054712493,MODERATE
19.724506386705198,45.68296120388854,38.53709328674991,16.564742926516807,LOW
26.185516699303086,52.70181291760332,194.5611887036204,43.716858338573005,MODERATE
23.81645058148897,52.8923619705817,162.93575116118623,25.890626749312677,MODERATE
32.85089591633507,45.15778161985035,136.6297235981231,18.904064676043248,MODERATE
33.82129403147019,68.45509951715219,448.5987661491402,108.01912566247853,CRITICAL
30.07990666110203,63.2831361023275,264.2189253579956,61.51879178063063,HIGH
27.306037257765734,77.5914719387833,372.21981900306287,98.22284719802356,CRITICAL
23.282656590426797,46.66730419871023,68.22751842542867,5.2546739297567475,LOW
26.27955221792714,42.03785976268318,60.01643607101552,1.7258137352971996,LOW
24.541040434396276,50.73280442523558,49.212999766032716,20.677544287027082,LOW
29.906572496983344,86.58464440119631,351.0881277960592,111.56854050795738,CRITICAL
22.92769665192691,61.73506532680609,142.20669109661821,43.80537643648203,MODERATE
20.8807185967185,42.12200709452545,112.02915839519363,13.335662429468227,LOW
32.760817630467734,61.1212524667061,402.8207623164355,71.41319593487786,HIGH
25.969725899027008,37.36054065811772,44.171755455152464,9.017944439362894,LOW
21.403893974523676,44.59587348577904,56.2407086334102,3.7024567694972417,LOW
25.084504236346067,36.10038212585109,85.4040226867613,11.872181541729908,LOW
24.016376155900147,38.44606816155857,48.30545669323769,11.44741885202848,LOW
31.56624722022836,57.8089494460412,300.31434608516446,72.36512837194266,HIGH
35.26923414600394,61.3049886489869,317.6427462618813,93.12215498975254,CRITICAL
25.550775906049825,53.35262426194201,70.95149769342649,10.821773537211303,LOW
25.081285894012453,58.29360231711542,185.31293437274505,35.59537377607821,MODERATE
31.547800478885986,78.53664521464427,270.62957107822183,94.64769402012348,HIGH
23.232107488346493,37.925218895223125,45.45616140472989,6.16255333497374,LOW
27.178124992860404,75.34206758955136,284.98252934819476,65.98209550400773,HIGH
23.08341722032434,55.67690536668843,245.39330333842324,33.91485716889849,HIGH
22.74685006872041,45.60667379853905,192.39520176216135,33.100517270557916,MODERATE
28.02080542617616,61.677302612828164,152.99625950230924,17.65172204785739,MODERATE
32.26703162992986,74.37242677963029,223.79055114360318,54.78921343380059,HIGH
22.110976866916136,30.882944982565412,63.55195041726364,13.580030532400936,LOW
28.644405381763356,57.823572600225184,150.3148607278809,31.08770525357668,MODERATE
22.07149884721274,49.63826887374595,38.744200344272684,6.820879149339107,LOW
30.160674419009954,72.82567877030358,549.874090804002,125.51101320621935,CRITICAL
32.736698999892326,73.46895484634807,492.1569327071528,84.96705714015236,CRITICAL
29.14005917063828,43.23204122905611,122.66768542046773,29.319288147395092,MODERATE
26.906140309306227,67.82992319307183,304.9194262569691,55.7251494354721,HIGH
28.018818205043193,47.965987187803826,198.62341638848517,25.813404917863863,MODERATE
25.53965633040171,59.36907169676418,135.55415136588113,26.63314948365038,MODERATE
29.494149234969946,73.57451670761046,223.39930257442353,64.47993253196444,HIGH
23.75073143614553,50.80979174040017,32.9289361049415,12.271668974219848,LOW
25.473670441399765,45.566168979109676,140.03726474190302,25.374309792160137,MODERATE
24.48273280550227,47.638716120875415,40.06493578620581,12.960308451371644,LOW
25.739818337132434,37.12792454988795,51.645446649754554,10.433960444379393,LOW
34.59897255978241,51.62406498466683,148.69945947836428,25.198176099925906,MODERATE
26.76470003204433,45.68913271666255,56.05776141391761,5.704358215016461,LOW
26.56891818575854,53.693126007288754,79.83188458053503,28.982267193039014,MODERATE
25.521986768880915,72.91689144168929,255.91409113478775,91.53796428793972,HIGH
22.560192778499125,53.21588191362564,88.98975950062623,7.76385777791244,LOW
19.689290641943153,47.2826495945384,42.48013429512112,11.641971710092502,LOW
24.66080522683413,51.069561336109174,111.00549241595317,25.50437375697925,MODERATE
34.94337744658077,75.93832277566806,361.08537017436157,127.01610381219888,CRITICAL
27.004878699914666,46.44649380591644,61.243872699369504,8.036087597894653,LOW
24.067133502323365,50.15079425473791,88.88392315605228,7.092588527279452,LOW
32.755348529246334,68.66489526607074,260.5060369137475,59.21847046418619,HIGH
25.1888488169428,49.119128738332805,146.86508142745308,23.937453168176766,MODERATE
24.11390817898709,46.014735467323725,55.07719577263359,10.27559317453495,LOW
29.3386292393039,51.90327504502535,161.26573406208144,19.54903245000156,MODERATE
25.32221732999918,48.61410021533711,115.83601099332884,20.256628427229714,MODERATE
31.49588308422032,50.49674000207895,83.72486452795943,32.92373029244279,MODERATE
29.44442273669299,52.05246268821054,141.77975947218147,39.578486830842074,MODERATE
21.50724589932069,38.40444846926341,27.896461075218475,20.412883850085557,LOW
26.339625969454563,41.806352606197166,40.56260014964771,10.086243104306645,LOW
32.43958843237638,71.41499746210933,316.64727615615624,56.7380257349201,HIGH
21.60567189969711,31.305252220214097,55.05972645143373,9.952798606037199,LOW
27.209046677054502,64.87132897283549,251.5620408163124,62.018994625593905,HIGH
27.746190722149063,51.04304687938517,135.33767391102256,14.945609729378967,MODERATE
27.2660754671929,53.75610385295733,207.35502121525525,31.302229618867223,MODERATE
32.49743490657971,81.90290830134182,291.37253697741585,33.871233089416314,HIGH
24.362293720860208,41.54267369934993,200.92683741241467,41.851572002627094,MODERATE
22.202737762201785,45.96100327147849,44.06678084772315,9.459705425377225,LOW
25.79879305766217,45.16951363257622,174.80694982363053,39.630312316798594,MODERATE
30.891272488377762,70.03325614907787,280.08555151775073,89.21389388366768,HIGH
25.721883919363684,44.31478580938886,39.81817511380181,18.988354971516248,LOW
30.376390187716613,68.55780278433805,258.79661818718756,60.65587220409726,HIGH
21.439475617907107,56.06489983153655,59.30217809094694,10.202339707565699,LOW
31.56991060681917,52.96964662520691,245.18176468848796,48.203154032225726,HIGH
22.04430490881601,46.74549151945179,88.57232185553087,22.879901344016947,MODERATE
25.955560754118217,43.66801296318147,52.60943564102466,11.199632494579923,LOW
34.22972358807265,50.86297603716621,162.41135347709346,36.61164626684517,MODERATE
27.496116997924066,51.494081837663515,158.22062423840072,30.8073935284431,MODERATE
27.533309330591848,79.90955837765489,306.3879657179093,42.75907706442122,HIGH
20.861207941787114,49.57248819626958,59.607911355464715,10.016311100650853,LOW
23.368872027472293,49.723104603677704,79.00497873325997,13.385684479779076,LOW
26.44165192036594,56.77319420094666,127.95673231946215,16.727874184725263,MODERATE
40.99909907480974,64.27684756794591,422.615838411868,101.87330009978801,CRITICAL
23.360277066364723,49.734822080706174,60.641032542935775,7.497381360176168,LOW
23.24919651330475,45.30806294541117,37.00420505141468,11.903778389015566,LOW
25.129886541690926,58.591332759566775,137.78052256179728,27.191870763505044,MODERATE
31.10724906571107,79.48546501541473,472.22382150265383,128.3379439794329,CRITICAL
25.073579284565515,48.92444916693408,174.51646354227523,37.52192891093886,MODERATE
32.454413473688845,86.79365488559294,284.7098982837909,77.92898326880822,HIGH
34.51123844881157,56.71989741906974,187.59100637551657,23.692047069912725,MODERATE
25.660642575300656,41.80261532995437,101.90898681533156,33.44026058263426,MODERATE
23.87511425982087,65.90169753492324,116.70055208663902,32.058151676067766,MODERATE
35.42779209687048,83.0867993995157,461.6538108970859,119.15684527542909,CRITICAL
23.181766674771687,62.94170741874771,118.19134518710324,29.151727265200126,MODERATE
28.05036987786821,51.606993275371224,145.2446816155451,42.950944306474966,MODERATE
34.99013427319408,64.97285552159171,457.08923017616263,90.46542375046133,CRITICAL
21.350670132127682,52.749238987169036,61.31021850460194,10.551062057591363,LOW
23.245774421209287,50.69484383877424,155.10162484739445,15.904093254334256,MODERATE
28.536213023632488,55.87201885587773,264.5261493885774,72.31404998247761,HIGH
32.428231945305996,54.84162889230532,154.6307639510524,29.800955502912544,MODERATE
28.195102224974423,61.45482431636738,177.5462475481309,34.154906182767576,MODERATE
27.08027117891657,50.71902610491694,136.55864843736524,29.15332122446208,MODERATE
25.15989731654063,47.021136601187216,160.31880784904905,32.830568793025186,MODERATE
22.69183571351542,55.95113307552157,71.33604014057109,11.81734601218078,LOW
24.574565108078467,44.912940489671655,45.658565556639154,8.024842059706428,LOW
21.02265347798788,37.05859640521891,56.4095619046742,6.608007634467665,LOW
25.83663690963049,43.194491181223654,31.09824885078259,13.205304028310259,LOW
30.082186798503155,62.91374286612231,168.78367494002026,32.12468672916887,MODERATE
28.256420161153383,70.52044608822054,308.3818802116126,58.51786579205538,HIGH
22.612109399432768,41.21846778822927,73.95189628352996,11.722109734207542,LOW
23.30466769040821,46.04863649583676,26.962790122832175,6.968922328609741,LOW
24.023706135320367,51.53171076397336,68.58885695060336,7.954008127573392,LOW
24.738400805464778,68.99731986488408,152.04186889527992,31.59800752231079,MODERATE
27.45718424681894,64.64658494503904,257.58270686944593,66.86281312307527,HIGH
28.801356741061106,41.91586850969021,116.84314250293929,29.20310137644298,MODERATE
23.379444828378826,45.65416452806017,46.59120533127333,10.769080490373305,LOW
24.13015813619596,49.32436667589709,20.887055093775913,7.655860189159546,LOW
22.271293854058957,38.999645642130794,57.72717258170409,9.930723876893659,LOW
32.53072150346597,57.00543527662024,122.91351356654847,18.483940496537794,MODERATE
22.14684251504887,57.91571581447567,67.7029704762911,12.239887885489962,LOW
30.364708307720395,38.23255913892004,113.9018989805451,38.273104056123735,MODERATE
27.294153921465643,50.45095067166227,287.5384804157639,71.795773862537,HIGH
30.821112772166497,50.18515961114154,263.1245437412144,61.837385566151724,HIGH
25.24378471931894,69.67789226659829,318.9593116714605,53.87497615027728,HIGH
23.006176916987982,42.0768464013584,68.87698594092188,12.06927580782853,LOW
30.161787060068292,53.797357347449456,235.2631330833838,42.39961566263015,MODERATE
27.37979635977663,41.09930669527069,150.81772898480816,43.3895581005269,MODERATE
23.757442935270802,47.00929431019804,70.89561652018882,17.918814286093625,LOW
34.96653914615808,52.78049679262573,114.89538183238393,27.47791036862015,MODERATE
36.677022766500514,60.12845276129463,427.79020209334993,118.2793787870622,CRITICAL
37.7224243504785,87.79147031098508,386.6882780010475,112.88380512488288,CRITICAL
23.772024082294863,47.32050769445756,68.59018576681973,3.7036913142707064,LOW
26.24771849742755,51.99647432572957,171.75017539918653,28.265380523213114,MODERATE
29.53114120219353,73.51859553472067,331.26553838416606,60.68321557785468,HIGH
24.70056660680088,62.05037839716181,121.46997976237893,36.18419398610313,MODERATE
30.953047530592755,73.82457331944994,522.7256695500492,88.71396859503764,CRITICAL
28.00645165885493,54.704019318020656,98.06608837377432,36.62900027450647,MODERATE
30.311537018108137,56.622306736419716,151.93407694790778,32.98032826109896,MODERATE
35.674318681806035,61.99668525772396,263.68473095773373,83.09214844152714,HIGH
34.05419987281584,78.72438084197972,454.4291243244639,102.63320746512555,CRITICAL
21.45889126067844,46.57085873432952,74.40485431481446,12.487180419803268,LOW
30.620222333388462,55.28770469979695,337.85972669516445,59.530565372047306,HIGH
27.34886847474217,68.12514227252166,280.35732709246133,103.69696964077905,HIGH
39.45553707988319,93.25026967775229,435.6072175196198,103.00987477903242,CRITICAL
31.983449973013464,42.839019054473795,280.1046793468772,68.17508151988919,HIGH
26.182596723808746,44.06489713567284,32.443664556850436,9.400653656212878,LOW
27.54751547899344,43.45589880319151,22.871327042647593,9.173956193719992,LOW
27.52823422204438,48.60300747615654,129.6525544547422,27.705222042077075,MODERATE
21.480867717094288,44.594413514098186,35.992783778412644,13.796179383529442,LOW
30.98725025306656,68.55020478220408,396.7349925676437,104.3696441137188,CRITICAL
28.38915814752416,58.078053030272834,196.61596658512013,30.482912525212182,MODERATE
28.56327426064107,89.72208187483857,448.0310727647509,109.12904662928595,CRITICAL
27.48080677464615,58.032322321823294,138.82234744328633,38.44157271709963,MODERATE
24.290138645026747,43.16408752088623,142.86825873041735,40.140020491221314,MODERATE
21.242904250032435,46.70896853381945,48.280779667068735,16.193068384908532,LOW
23.187315615376402,53.782736853467746,127.34185969299416,20.715963311351054,MODERATE
29.454698291437033,54.428048985148294,134.5154624505871,12.350107870471273,MODERATE
25.10360952289493,36.94835441016859,83.0861181226051,7.665460552613032,LOW
23.201721689043854,37.94209955746987,67.92532898546962,7.6079491869927605,LOW
19.871552181947692,64.11880741312234,150.18446244926935,38.85255510044061,MODERATE
30.31929725452577,51.05098629288033,108.82633164296843,36.101543003310965,MODERATE
25.60090085123871,60.19899385419392,159.2439178517337,35.11150779307721,MODERATE
25.95523292399244,44.972215944010806,79.52766308737556,13.873013281863038,LOW
23.777747577715612,49.25741533872833,79.99413996531922,12.426931461533886,LOW
25.423697688625666,41.845773027477186,87.25181189704894,3.272690462391296,LOW
23.188084162817372,41.15464984003688,65.49352800296924,5.498097576862066,LOW
21.295789123357807,39.29239186048743,41.177694522662385,10.79399246570534,LOW
28.578020716323543,65.30641004521792,125.18195863724284,35.26977170021563,MODERATE
31.684222363019718,73.86944874330179,203.84783567805883,92.87411988903261,HIGH
20.786744985594844,40.84291491051338,61.84149417718905,7.22769581020942,LOW
24.193598123605444,40.6695026188111,71.72051913933333,5.726450557866592,LOW
25.027258157464665,46.18076666056641,71.21622149753583,2.7139506567445775,LOW
27.566041541431165,43.07920385612821,58.86913528814456,8.134002071284582,LOW
26.266097100302392,46.23715289133709,227.36445367654454,18.999812480001907,MODERATE
28.474617090205243,59.38719135519936,232.3075399022509,57.44010974713298,HIGH
20.196027555532293,52.56484549532665,79.59116520065359,12.036236972032619,LOW
27.829917575470606,64.96388701193764,97.62645796561961,35.8183175186817,MODERATE
29.477242566468128,50.704797584721426,171.20609884935783,17.61211731951201,MODERATE
23.773874319192846,53.61318015754725,69.65311958106456,12.116457850886338,LOW
29.809070753177625,69.88599088508755,253.9147161955187,60.60379110664516,HIGH
22.908944580865253,44.603696729612096,55.417954213840936,7.169340073965086,LOW
27.465798263685976,47.30094997319666,162.52369231239442,26.050559048050584,MODERATE
22.669405519996673,51.302972420012075,77.21008278934298,5.80244491086498,LOW
35.338814672637454,57.41457030286885,240.89705382888582,75.29083232512029,HIGH
22.444974115015768,38.9120085920728,73.45471730623458,7.230280964870991,LOW
22.503351522560152,51.891081004253195,44.53103474638687,4.369599777402771,LOW
33.0809789037545,71.12692101197746,336.18495508532214,47.3463735674284,HIGH
28.854598815278973,43.18610031006608,49.85864460712971,9.915961118091731,LOW
25.02646644200542,41.31341266576873,49.469364791684605,8.814159767327807,LOW
21.530473847349917,55.84770911180086,52.67535694393749,8.599027308493376,LOW
30.758469998972124,68.47807815621825,259.0663688353721,80.95094941134106,HIGH
30.427304168127346,59.67012301202856,328.8216941197247,62.73140937162101,HIGH
39.08425809317833,68.46304396428108,467.7675426708301,54.71464659574166,CRITICAL
30.47990580220814,55.035915110673756,167.94405862920345,22.784554106261833,MODERATE
27.01125680097182,56.70333845548076,211.17839712470055,40.43671709404781,MODERATE
38.21847656362,66.81759724226889,394.0824002484839,74.34836523382674,CRITICAL
22.22693235068433,44.82525250440085,37.94984344836965,9.843319253651927,LOW
23.597313638606707,65.6791080517131,110.2642289507356,38.938598510124415,MODERATE
26.57330035927978,46.61662616871331,130.36635847215024,44.481235644292596,MODERATE
27.686353608794228,68.90108693890605,263.99138877847764,67.10998434534748,HIGH
31.539134271749123,67.91087278368285,463.9138228353959,100.46340495268595,CRITICAL
27.48545840580785,55.55635664468083,167.2080839412398,26.145590134987007,MODERATE
23.545377915680035,47.53007180474017,41.831645553138905,13.544891448243462,LOW
21.797974373808305,38.3494661649692,58.21082581311983,7.799096758383769,LOW
30.139744262458386,67.42437251105689,241.81204976134734,64.6780563345292,HIGH
34.40748683167164,70.02332252464649,372.49072774897803,104.62458940235625,CRITICAL
29.54562228164393,74.55074082326357,325.73704519212083,96.79155579317154,CRITICAL
20.8392498398141,42.331142719203385,65.22935027880195,10.524552365365734,LOW
24.076210090000764,57.03075392637808,131.99975320378476,35.71223478923867,MODERATE
30.131171864823617,65.79101675865968,340.72444227534686,66.21515854216757,HIGH
28.1264706854486,63.77161040384065,138.5431676347161,18.775192044978635,MODERATE
37.65678104084041,77.00886294821066,405.90116419911715,93.27811076836696,CRITICAL
27.629169680203216,58.35880865635099,116.73999208694923,15.885555468991745,MODERATE
21.297742281341698,36.58244439296651,88.25525428892271,0.9319921061634133,LOW
25.813996429003332,50.924787804538525,64.99017631155623,15.279638783014892,LOW
33.79107580362966,79.0272453025321,490.1686745295058,87.76081426143055,CRITICAL
25.122535281662095,58.22684583401284,93.05702239996026,41.49301583571356,MODERATE
25.17988234300001,30.820115093322848,41.27749631341141,15.961876680809523,LOW
20.55187217446432,46.329732947266095,72.22484586996407,12.125969520423162,LOW
30.40669078069014,50.08591609890995,166.20267096986484,31.08014114772831,MODERATE
25.86300976547527,52.59485324637502,150.96760248700295,27.658233613148937,MODERATE
25.392044051268137,65.97803698137861,132.5799444451575,37.36064624834887,MODERATE
27.49758649601784,55.53731986165396,128.1309895287243,25.863428402856464,MODERATE
30.864593203996773,74.46467340792579,259.5434592813105,59.4830975466981,HIGH
32.93058359114698,69.42575057555148,323.96868531969477,79.46810777443785,HIGH
25.662231899936202,48.660412577162596,73.75367968832656,2.6321531514245766,LOW
27.210417926112342,75.16138408762242,244.76681991735023,56.279929461207765,HIGH
21.512641105758277,47.28326867604423,21.652976351232397,5.290041292303979,LOW
23.275091301698644,64.09379172545923,151.38838315900927,39.05656106049307,MODERATE
23.97614046011531,39.02062707027406,76.72463246938544,11.76501863602117,LOW
33.485201103763586,61.82077618971586,293.02397077829795,70.9099316830077,HIGH
30.965609881078525,53.86617291217709,113.53436764577339,15.16929104737451,MODERATE
25.224670662683323,65.53034758643285,195.58516466573582,37.68128043323942,MODERATE
24.877821793101464,44.39278959563888,119.80414360915759,13.721451459249604,MODERATE
32.97621209449834,76.50033314468067,427.4501488041795,91.20726744982602,CRITICAL
24.988680946786445,55.070312904484005,116.70053273660639,38.70933849635506,MODERATE
29.03647504790218,46.486646290161666,155.2327251364525,34.57866979751088,MODERATE
30.504291004810053,46.254027911221336,156.32700646370492,44.301623344639566,MODERATE
26.530186241487222,63.57571917935517,335.50433905297217,53.565149778426516,HIGH
23.224235227251068,48.42023355433472,32.33415429004667,12.504440870230148,LOW
23.977325990570208,43.650772277454784,70.79580313452577,9.915839383365206,LOW
25.97885812442883,40.22806381533241,84.575359790918,11.277625020516439,LOW
25.696418104154493,38.75310830967197,35.17011110390676,10.099765867386074,LOW
37.22115571471996,58.88541748628149,281.8111306553395,67.68750262140472,HIGH
22.010877955910924,35.32760760618881,85.09982652905428,10.322075536565356,LOW
29.570091711014015,62.210060030359756,138.66409594964912,24.8085187490432,MODERATE
24.015295692578803,55.43505764237857,128.9581126890215,20.872793102551483,MODERATE
26.685884086723448,44.66390496500592,39.609247364554506,15.089698855655062,LOW
35.43811516869443,62.89493122237259,284.6408548411255,86.85250305838335,HIGH
30.799578912915116,72.06106834563121,412.30176531601285,157.8413956090181,CRITICAL
23.087257516032896,48.44915570605525,156.96399138042037,33.93628610826167,MODERATE
24.04207228696026,56.67121403429547,60.63303267349433,11.28396009301068,LOW
28.905922855453476,58.89273025138195,258.8643054843627,57.60925275348704,HIGH
31.413982428988128,66.73553041801007,271.63636525756175,68.46459179967604,HIGH
23.05154409171512,57.02047962981711,166.75536236195208,17.22318828239536,MODERATE
23.292611091285433,47.032333173377644,156.05865935581483,34.277590326266406,MODERATE
32.682977005625446,60.84237588514405,284.8852582068707,60.56661477315024,HIGH
24.13691331921204,41.97054834254338,53.75007750906675,2.591182698788586,LOW
31.892672520965753,46.54655880493899,315.6922120930432,64.25761068020932,HIGH
21.94914964126939,40.8706669875141,43.23254398839233,6.811247998250922,LOW
24.742251988765386,57.21606190724083,64.06329508116362,12.317062880335325,LOW
30.49591485266289,64.34655863089387,307.90416004118873,64.30722986946938,HIGH
27.946583631177187,52.87999629235841,137.82926806726744,24.64805492244048,MODERATE
23.395136777363177,46.97338502676404,57.18200757620392,14.250469571509285,LOW
27.90890953679027,46.21562650204504,161.7210449840403,28.827627589166344,MODERATE
24.675279573633397,46.34509091795039,55.83801916649843,9.581737690008074,LOW
26.35644040638121,43.11403878880358,78.23457521513751,9.850198917659265,LOW
34.05943332615814,69.00308205172246,359.6277922481478,104.3236902490183,CRITICAL
40.61795336421186,67.1590871241602,382.0487146792495,116.62166218047432,CRITICAL
33.1931361194773,73.46947741157643,276.3902755028278,64.07424806150863,HIGH
36.070806141623116,70.71361889151434,329.7972941953144,77.01945716080198,HIGH
23.92069578007596,53.98064573408827,72.96610520991494,9.74564135772948,LOW
24.738603815857445,49.533477829743866,66.74156602389637,12.164649059514018,LOW
30.89902223079936,65.00969565431593,136.46726642953098,32.84408868758742,MODERATE
26.605321793961426,45.83772683651867,122.74055421605762,23.283367689445946,MODERATE
22.507543382037646,51.174636499332216,55.01716649447311,15.044406850605725,LOW
23.29335444482309,45.62566412322924,74.5919088053207,14.574507060824452,LOW
29.98025552522583,43.226750232024195,176.1399355203285,19.271479740233353,MODERATE
30.38755958473687,61.21061237586113,100.82466268352562,26.422140703870955,MODERATE
29.064884742397094,56.931518344549836,83.95178243292324,39.5843908884315,MODERATE
24.32747970158867,46.37146762050794,69.05508684574725,15.841771213698987,LOW
26.426476064062964,57.67064079438016,149.66670366069263,30.001995805567898,MODERATE
25.045663192030904,52.02873029263562,78.3667097478486,13.803965877195242,LOW
27.437028579528008,63.33981888027101,176.02062879485337,41.89085002617785,MODERATE
28.963132117746564,62.339453401030525,237.56353051871184,46.49962848728208,HIGH
32.20165118338174,66.96980713787828,295.91853593427254,44.50803626375824,HIGH
23.41306311222693,45.29103625802655,33.724265677134,6.288835262703733,LOW
26.116570803534835,46.571221730943606,78.38819152757682,9.510275452577089,LOW
24.99815183491426,43.9367350979295,48.75494129521089,4.040858306734667,LOW
25.672374513264757,52.564044856171236,46.08317577196804,3.0650500664067932,LOW
24.13859733529777,36.91771907126713,4.0057905043555735,6.146357435823045,LOW
27.545047243389547,70.53525093140088,243.4344478392136,65.17362722746384,HIGH
35.46984519780947,73.96033457513113,414.88897540475915,118.38028945675968,CRITICAL
30.985782088531433,71.29962365938349,383.296908008883,99.3471372094872,CRITICAL
25.23489504239183,44.52142435092971,82.40157925196043,10.753885085671202,LOW
24.930997967785345,35.171697815846464,89.95136456599747,9.374404241600192,LOW
26.20112136298735,74.02148336999308,208.74701989341582,83.88914366199509,HIGH
28.708574225059348,59.997259084986965,142.29580753177243,34.18691884737837,MODERATE
30.8844095685979,56.47649014214681,296.13377690693096,39.56166263431829,HIGH
27.590985114139734,58.2493755566026,71.49280279814516,20.994130366288616,MODERATE
29.021034712291772,48.40032344191128,226.44011262902097,27.89349899185816,MODERATE
30.43945038722334,57.392420319413965,226.7046331348214,79.15371478310168,HIGH
28.54843328461356,63.937271627086176,164.60015966963059,21.460743439228217,MODERATE
27.6201438299828,61.17569054156612,277.94268483946246,62.939477104252546,HIGH
28.097186360990808,64.81993077749553,252.51909803035286,80.76760987726418,HIGH
21.759228034391946,45.35852848248006,88.48891472102795,9.463128379134652,LOW
23.709211579393894,50.161325761681304,55.06436763205836,15.083480732638165,LOW
25.57623619757403,60.5310952696699,153.01631170445938,30.867248456956514,MODERATE
33.58634668977409,82.77633710541045,376.8959509826288,119.01336131279614,CRITICAL
34.20113956994175,87.21979196642104,401.3085785839383,99.59705930913559,CRITICAL
31.241574723995296,71.13566054971821,213.73501625622822,77.15263375579809,HIGH
25.10806915960267,59.35110249955714,50.79011277922521,5.101317714977974,LOW
24.704333672776954,50.229655976353556,50.309218608319945,6.679572515789715,LOW
21.265012942244173,42.504226672210706,57.901471153455894,18.260536665587367,LOW
24.67080265436607,40.6443848801825,64.01160102531951,7.787056507293702,LOW
26.058380788611167,44.32139378286145,85.90401504936534,13.040434681541043,LOW
26.8705883610361,61.66259123729324,126.95210739042051,23.042727724464907,MODERATE
23.742384334849298,51.94726057116724,93.05979513253574,23.23309502838766,MODERATE
32.318837175885314,77.69895401454251,449.75694602473624,84.86380949468395,CRITICAL
26.167020458877545,55.231758412658955,82.6065034544468,3.4146755223433516,LOW
27.707377713028674,34.824304275548094,79.48861002306785,10.900866460278182,LOW
27.318548543247587,58.10282398722743,184.7275515700153,38.84811623563669,MODERATE
32.40531099130127,75.84208968817394,506.4720305308458,50.45016956143858,CRITICAL
28.88843730565158,62.675601977127926,474.21543024935136,94.36228814114091,CRITICAL
34.3662437990689,93.32273539614624,320.63198417469084,115.6587475094294,CRITICAL
30.85173196096789,80.42400255785697,250.30851314673333,85.24316053591626,HIGH
34.86986928497647,61.61516260128764,364.9048541290222,58.116258245656304,CRITICAL
28.422901527526154,55.55452216367604,146.31858460316602,40.8607339742923,MODERATE
22.890709685590878,45.883369552280726,96.8550919817756,12.488667559366391,LOW
26.866582669588034,58.243651138879784,137.36741891311442,25.923643721687686,MODERATE
27.0381802303639,49.7458590789832,52.628480493703655,13.476051709125391,LOW
24.68917669531225,46.52174292871404,22.015374441521878,0.0,LOW
31.58855492865206,60.246636692030656,374.7894872807896,123.49285057389189,CRITICAL
25.54352240563983,47.71857334619378,43.46102426282741,13.106179367764504,LOW
23.765033372132642,45.35304113147176,74.2643854203214,7.00220273715351,LOW
28.69528189394513,55.01580527693919,195.9370921368339,19.64534745346389,MODERATE
28.95324760319522,67.86472837126132,333.208587929538,51.23769285362296,HIGH
25.01173110993463,57.52478430919132,150.0805890752776,30.369252108397422,MODERATE
26.135092949051263,39.876472472121165,28.159276486823988,5.512010271090203,LOW
30.75141056342983,40.94935021932968,174.41188794961732,14.144536611147723,MODERATE
21.584496880739998,50.34468921702973,69.9838962597464,13.918317031272814,LOW
34.234684241432504,61.50678789920158,363.323347060691,123.97066869699984,CRITICAL
24.208669990454464,52.57268256099083,36.597440661066074,12.880591595155026,LOW
31.43362161173806,58.81131920941498,178.93504082095504,24.38682588979175,MODERATE
27.997115782137094,47.582274123042055,81.15471083569831,8.792452831768546,LOW
29.38737155269334,48.56482938400026,189.3066043255274,38.38286510709497,MODERATE
31.53788764811009,72.91430786839697,292.35538103933493,59.337535817810924,HIGH
25.91779945883452,47.19863400224714,109.60188138489929,9.616355374005254,LOW
24.651007114358126,48.904538148090026,42.59617932489605,9.691138988886754,LOW
26.001709714741725,60.53132120650358,152.9014790392124,33.21496854043942,MODERATE
30.317933214845606,53.38519031397401,268.0147031337561,53.442227464773495,HIGH
23.786636745654857,46.19418395429686,78.37370417055565,5.442758174976046,LOW
26.25618266410085,41.552116779721175,69.65199166704583,16.390872033411807,LOW
36.09061728412566,85.46600890226028,400.7107937715512,132.73519942442576,CRITICAL
32.30807149533857,59.077253774196535,205.57616106919846,32.40000022905538,MODERATE
29.106998859339175,73.14690772126009,324.94103367870986,60.65157970403515,HIGH
25.93809708633771,58.23383894304535,163.02849750416058,19.356238454435875,MODERATE
28.76065915213349,39.466398663488214,71.25283639111477,5.3824697494887666,LOW
26.75713678868251,72.52856779063964,240.7875576116907,82.74491803931139,HIGH
27.38399778285772,57.87966578878222,101.49371031195706,31.62919400208059,MODERATE
26.280033974610536,39.24297966360096,45.29360674560337,12.638191849799835,LOW
25.2224924820176,46.35357440902959,140.49815602545408,21.89341593893875,MODERATE
30.680660893558507,83.7561423990295,431.69391813231147,125.08199883218774,CRITICAL
20.48369857906243,52.756035746884294,47.048622341186245,4.134468992440394,LOW
24.484691494261444,44.05191288345667,68.4242546368706,11.330000744199936,LOW
26.6967419763557,44.914918040325155,59.21555545455667,13.211245957873162,LOW
31.388567029604825,74.17097627623113,444.1026004090407,93.26343719529356,CRITICAL
29.434166005804716,49.054985733122805,399.4256747056713,107.54571595607783,CRITICAL
31.13361643485329,47.67309877922536,177.37591671858272,33.349360307059136,MODERATE
25.079678645514175,36.32234361531339,78.97859890349912,16.790327339858923,LOW
25.278257815564803,50.1618890884862,56.169092759151646,0.31218135385110024,LOW
25.256792356252816,65.70843104144495,147.34226120945402,26.70151066613337,MODERATE
27.977242850374697,55.398077347486925,126.30165217591066,32.11216499484497,MODERATE
18.815480432589652,49.00813741979572,70.31731382253957,10.798956504708892,LOW
23.855879669871754,49.915695884410304,48.627390091205136,13.438583258595887,LOW
24.33632520789428,45.15454470023024,78.04832977986759,6.3242822823962905,LOW
29.422022707760227,69.89938989441607,434.0479884316357,69.04313113451578,CRITICAL
25.221580705933743,44.382723655859586,61.35369952299849,3.975603275361343,LOW
23.564080767294172,45.17211321460134,57.05285990554876,10.611207175669898,LOW
33.17585025643182,65.64206224619748,473.59538876716283,80.46683307841674,CRITICAL
32.43959122401482,62.710045200132086,165.2809421308132,31.99793732452895,MODERATE
22.197300957967236,43.4770117622498,70.34776159794833,11.558859791259485,LOW
26.439343730089128,44.04925696273044,63.45332673597896,2.4037145474908153,LOW
33.344604359217094,80.86523274310865,397.20100185903647,96.2450927187479,CRITICAL
30.019525319610253,52.678086178503776,483.7829538285325,115.91405114000743,CRITICAL
24.903820911031232,49.94360398193386,47.525634910984934,11.64739182647828,LOW
21.12329533336651,48.200467101782465,66.55896904587091,17.521802678269058,LOW
25.767357151700256,52.933677074535275,210.7018104761571,27.161195932656238,MODERATE
23.523238897737183,51.48757205772576,80.35206113190378,9.909328922658927,LOW
25.708175835239583,42.90917873131245,153.01676797376925,30.64317004607742,MODERATE
21.49556661898569,56.44399847185885,159.97869023141138,33.15716192009743,MODERATE
24.793546170861948,43.92850493554304,75.5607822593302,6.100716092437279,LOW
27.019972764246372,45.69647220310147,67.26613218039245,13.135570290196386,LOW
33.05494126883539,76.65802069937935,531.4791984001256,81.0778740676949,CRITICAL
23.613547234801004,44.7933781118152,81.92479833928331,18.0857979269659,LOW
26.329493972765523,39.47815413200706,50.46957069084792,4.590209405784058,LOW
25.130469584204047,46.27287275729867,91.08784871210477,18.218844142324006,LOW
22.64063117975795,51.96021539637783,82.75602551565501,11.764992527143654,LOW
28.64745808461346,48.078703172361315,113.4428522590776,29.592784808843636,MODERATE
24.55388761369151,44.21265103592375,29.341235384144014,1.5512269970050845,LOW
25.0116285949397,53.375129162694805,133.26076050786602,22.695607181878593,MODERATE
26.039672746937082,43.56509808892709,71.42575732678752,13.076339622603188,LOW
29.40613042822903,55.10016430633685,190.91446165467406,36.58733122380669,MODERATE
24.18444698465739,56.84270650833449,94.9493060939242,41.208183519065244,MODERATE
25.545894009398978,45.42845855014873,148.9118503651838,27.85398230189415,MODERATE
38.43694154786521,70.36813998255937,328.3571876338112,59.32658975512,CRITICAL
21.337566904758628,47.091680513506134,57.39095353270601,10.069305104195061,LOW
27.456097184220983,45.05715463411803,147.35100272874158,36.6419773036871,MODERATE
24.887287648136578,33.138811328576736,22.97247365556649,11.309034942385663,LOW
30.28529807951162,82.16166737807653,215.04708951645426,55.48022668185734,HIGH
28.39312454150592,50.91268109632625,118.22205001713445,34.96210292188315,MODERATE
23.31075795558355,47.99288735028776,57.54573870201174,9.441031267213889,LOW
22.357884493002565,39.46353910811982,50.53735824659948,10.128283892016782,LOW
38.778978806137346,75.16597131730016,361.42007358101887,137.33190344270727,CRITICAL
26.99455351323836,77.57376731082769,340.96906734035673,52.2770658753027,HIGH
29.627239251210067,49.88425005517868,294.61093776523285,76.83203567581485,HIGH
27.098261400643736,61.59511342201326,115.93962475950084,44.54625273530414,MODERATE
22.67798470165315,41.54870542555191,48.33335913258423,9.229103774110847,LOW
31.388919953907745,58.45042288527008,287.49719602090744,49.734017885571255,HIGH
33.16021024811114,64.95370471648509,250.76362953912798,69.35586637711413,HIGH
35.13816092534585,73.63366245701016,564.6449638515345,80.45894968030473,CRITICAL
29.087258670682772,51.275747046851286,247.298731257298,46.833542073051646,HIGH
23.805271022967766,61.74066038168103,148.54411567964834,38.60362242513514,MODERATE
